cycle,state_name,district_name,block_name,village_name,N_High,N_Low,N_Medium,P_High,P_Low,P_Medium,K_High,K_Low,K_Medium,S_Sufficient,S_Deficient,OC_High,OC_Low,OC_Medium,PH_Alkaline,PH_Acidic,PH_Neutral,EC_Saline,EC_NonSaline,Fe_Sufficient,Fe_Deficient,Zn_Sufficient,Zn_Deficient,Cu_Sufficient,Cu_Deficient,B_Sufficient,B_Deficient,Mn_Sufficient,Mn_Deficient
2024-25,Andhra Pradesh,Alluri Sitharama Raju,Addateegala,Vetamamidi,0,1,1,2,0,0,0,0,2,2,0,0,0,2,0,0,2,0,2,2,0,2,0,1,1,2,0,2,0
2024-25,Andhra Pradesh,Alluri Sitharama Raju,Addateegala,Kimmuru,0,2,7,4,3,2,1,8,0,8,1,2,0,7,0,0,9,0,9,9,0,9,0,9,0,0,9,9,0
2024-25,Andhra Pradesh,Alluri Sitharama Raju,Addateegala,Kinaparti,1,1,4,2,4,0,0,6,0,6,0,3,0,3,0,0,6,0,6,6,0,6,0,6,0,0,6,6,0
2024-25,Andhra Pradesh,Alluri Sitharama Raju,Addateegala,Uppalapadu,0,1,2,0,0,3,0,1,2,3,0,0,0,3,0,0,3,0,3,3,0,3,0,3,0,0,3,3,0
2024-25,Andhra Pradesh,Alluri Sitharama Raju,Addateegala,Gontuvanipalem,0,3,23,15,5,6,6,18,2,23,3,13,1,12,0,0,26,2,24,26,0,26,0,26,0,0,26,26,0
2024-25,Andhra Pradesh,Alluri Sitharama Raju,Addateegala,Gavarayyapeta,0,0,3,1,0,2,2,1,0,3,0,1,0,2,0,0,3,0,3,3,0,3,0,3,0,0,3,3,0
2024-25,Andhra Pradesh,Alluri Sitharama Raju,Addateegala,Kottampalem,0,1,2,3,0,0,0,3,0,3,0,3,0,0,0,0,3,0,3,3,0,3,0,3,0,0,3,3,0
2024-25,Andhra Pradesh,Alluri Sitharama Raju,Addateegala,Rajavaram,0,2,4,4,0,2,0,5,1,6,0,6,0,0,0,1,5,0,6,6,0,6,0,6,0,0,6,6,0
2024-25,Andhra Pradesh,Alluri Sitharama Raju,Addateegala,Veerabhadrapuram,1,3,3,4,0,3,0,7,0,7,0,0,0,7,0,0,7,0,7,0,7,0,7,7,0,7,0,7,0
2024-25,Andhra Pradesh,Alluri Sitharama Raju,Addateegala,Konalova,0,7,21,14,6,8,2,24,2,28,0,19,0,9,0,0,28,0,28,28,0,28,0,28,0,0,28,28,0
2024-25,Andhra Pradesh,Alluri Sitharama Raju,Addateegala,Languparti,0,7,1,6,0,2,0,1,7,8,0,6,0,2,0,0,8,0,8,8,0,0,8,8,0,1,7,8,0
2024-25,Andhra Pradesh,Alluri Sitharama Raju,Addateegala,Yellavaram,0,1,12,5,3,5,0,13,0,13,0,9,0,4,0,0,13,0,13,13,0,13,0,13,0,0,13,13,0
2024-25,Andhra Pradesh,Alluri Sitharama Raju,Addateegala,Nimmalapalem,0,1,1,2,0,0,0,2,0,2,0,2,0,0,0,0,2,0,2,2,0,2,0,2,0,0,2,2,0
2024-25,Andhra Pradesh,Alluri Sitharama Raju,Addateegala,Panukuratipalem,0,0,1,0,0,1,0,1,0,1,0,1,0,0,0,0,1,0,1,1,0,1,0,1,0,0,1,1,0
2024-25,Andhra Pradesh,Alluri Sitharama Raju,Addateegala,Matlapadu,1,0,5,3,2,1,0,6,0,5,1,6,0,0,0,0,6,0,6,6,0,6,0,6,0,0,6,6,0
2024-25,Andhra Pradesh,Alluri Sitharama Raju,Addateegala,Thimmapuram,0,10,22,14,8,10,0,32,0,31,1,13,0,19,0,0,32,0,32,32,0,30,2,32,0,0,32,32,0
2024-25,Andhra Pradesh,Alluri Sitharama Raju,Addateegala,Doddivaka,1,0,2,3,0,0,0,3,0,3,0,3,0,0,0,0,3,0,3,3,0,3,0,3,0,0,3,3,0
2024-25,Andhra Pradesh,Alluri Sitharama Raju,Addateegala,Doramamidi,1,5,7,6,1,6,0,13,0,13,0,6,0,7,0,0,13,0,13,13,0,13,0,12,1,0,13,13,0
2024-25,Andhra Pradesh,Alluri Sitharama Raju,Addateegala,Darsinuthula @ Regulapadu,0,0,2,2,0,0,0,2,0,2,0,1,0,1,0,0,2,0,2,2,0,2,0,2,0,0,2,2,0
2024-25,Andhra Pradesh,Alluri Sitharama Raju,Addateegala,Nukarai,0,1,1,1,0,1,0,2,0,1,1,2,0,0,0,0,2,0,2,2,0,2,0,2,0,0,2,2,0
2024-25,Andhra Pradesh,Alluri Sitharama Raju,Addateegala,Thungamadugula,0,8,22,17,6,7,0,16,14,28,2,3,0,27,0,0,30,0,30,30,0,26,4,30,0,0,30,30,0
2024-25,Andhra Pradesh,Alluri Sitharama Raju,Addateegala,Mamidipalem,0,1,1,0,2,0,0,2,0,1,1,2,0,0,0,0,2,0,2,2,0,2,0,2,0,0,2,2,0
2024-25,Andhra Pradesh,Alluri Sitharama Raju,Addateegala,Jajipalem,3,0,2,4,1,0,0,4,1,5,0,3,0,2,0,0,5,0,5,5,0,5,0,5,0,0,5,5,0
2024-25,Andhra Pradesh,Alluri Sitharama Raju,Addateegala,Kalimamidi,0,1,0,0,1,0,0,1,0,0,1,1,0,0,0,0,1,0,1,1,0,1,0,1,0,0,1,1,0
2024-25,Andhra Pradesh,Alluri Sitharama Raju,Addateegala,Uligogula,0,2,3,1,2,2,0,1,4,4,1,2,0,3,0,0,5,0,5,5,0,5,0,5,0,0,5,5,0
2024-25,Andhra Pradesh,Alluri Sitharama Raju,Addateegala,D. Ramavaram,1,0,5,2,2,2,0,5,1,6,0,1,0,5,0,0,6,0,6,0,6,6,0,6,0,0,6,6,0
2024-25,Andhra Pradesh,Alluri Sitharama Raju,Addateegala,Rayapalle,0,0,6,2,1,3,0,6,0,6,0,1,0,5,0,0,6,0,6,6,0,6,0,6,0,0,6,6,0
2024-25,Andhra Pradesh,Alluri Sitharama Raju,Addateegala,Chinavadisakarra,0,1,0,0,1,0,0,1,0,1,0,0,0,1,0,0,1,0,1,0,1,1,0,1,0,0,1,1,0
2024-25,Andhra Pradesh,Alluri Sitharama Raju,Addateegala,Chodavaram,0,1,0,0,1,0,0,1,0,1,0,0,0,1,0,0,1,0,1,0,1,1,0,1,0,0,1,1,0
2024-25,Andhra Pradesh,Alluri Sitharama Raju,Addateegala,Rollagedda,0,2,8,4,2,4,0,8,2,10,0,2,0,8,0,0,10,0,10,0,10,0,10,10,0,10,0,10,0
2024-25,Andhra Pradesh,Alluri Sitharama Raju,Addateegala,Vangalamadugu,0,1,3,2,1,1,0,2,2,4,0,0,0,4,0,0,4,0,4,4,0,4,0,4,0,0,4,4,0
2024-25,Andhra Pradesh,Alluri Sitharama Raju,Addateegala,Dakodu,1,4,9,4,6,4,0,14,0,13,1,2,0,12,0,0,14,0,14,14,0,14,0,14,0,0,14,14,0
2024-25,Andhra Pradesh,Alluri Sitharama Raju,Addateegala,Chakirevula,0,6,5,3,4,4,0,11,0,10,1,2,0,9,0,0,11,0,11,0,11,11,0,11,0,0,11,11,0
2024-25,Andhra Pradesh,Alluri Sitharama Raju,Addateegala,Veeravaram,0,4,6,4,2,4,0,5,5,10,0,1,0,9,0,0,10,0,10,10,0,10,0,10,0,0,10,10,0
2024-25,Andhra Pradesh,Alluri Sitharama Raju,Addateegala,Atchiyyapeta,0,10,20,28,0,2,2,8,20,24,6,0,0,30,0,0,30,0,30,30,0,0,30,29,1,25,5,28,2
2024-25,Andhra Pradesh,Alluri Sitharama Raju,Addateegala,Papampeta,1,0,3,1,3,0,0,4,0,4,0,4,0,0,0,0,4,0,4,4,0,4,0,4,0,0,4,4,0
2024-25,Andhra Pradesh,Alluri Sitharama Raju,Addateegala,Mitlapalem,0,8,21,8,7,14,0,29,0,24,5,12,1,16,0,0,29,0,29,11,18,0,29,29,0,29,0,29,0
2024-25,Andhra Pradesh,Alluri Sitharama Raju,Addateegala,Kovelapalem,0,1,3,3,0,1,0,4,0,4,0,3,0,1,0,0,4,0,4,4,0,4,0,4,0,0,4,4,0
2024-25,Andhra Pradesh,Alluri Sitharama Raju,Addateegala,Addateegala,1,0,3,0,1,3,0,3,1,4,0,1,1,2,0,0,4,0,4,2,2,0,4,4,0,0,4,3,1
2024-25,Andhra Pradesh,Alluri Sitharama Raju,Addateegala,Bhimavaram,2,2,2,1,1,4,0,6,0,6,0,2,0,4,0,0,6,0,6,2,4,0,6,6,0,4,2,6,0
2024-25,Andhra Pradesh,Alluri Sitharama Raju,Addateegala,Mallavaram Mamillu,0,0,2,0,1,1,0,2,0,2,0,2,0,0,0,0,2,0,2,2,0,2,0,2,0,0,2,2,0
2024-25,Andhra Pradesh,Alluri Sitharama Raju,Addateegala,Anukulapalem,0,3,5,2,2,4,0,8,0,7,1,3,0,5,0,0,8,0,8,6,2,7,1,8,0,0,8,8,0
2024-25,Andhra Pradesh,Alluri Sitharama Raju,Addateegala,Vedullakonda,0,4,4,4,3,1,0,2,6,8,0,1,0,7,0,0,8,0,8,8,0,8,0,8,0,0,8,8,0
2024-25,Andhra Pradesh,Alluri Sitharama Raju,Addateegala,Annampalem,1,1,0,0,0,2,0,2,0,2,0,1,0,1,0,0,2,0,2,1,1,0,2,2,0,0,2,2,0
2024-25,Andhra Pradesh,Alluri Sitharama Raju,Addateegala,Vutlapalem,3,0,14,11,1,5,0,17,0,15,2,3,0,14,0,0,17,0,17,17,0,17,0,17,0,1,16,17,0
2024-25,Andhra Pradesh,Alluri Sitharama Raju,Addateegala,Somannapalem,0,7,8,8,4,3,0,14,1,13,2,1,0,14,0,0,15,0,15,15,0,15,0,15,0,0,15,15,0
2024-25,Andhra Pradesh,Alluri Sitharama Raju,Addateegala,Makaram,1,0,8,4,5,0,0,9,0,8,1,7,0,2,0,0,9,0,9,9,0,9,0,9,0,0,9,9,0
2024-25,Andhra Pradesh,Alluri Sitharama Raju,Addateegala,Ducherthi,0,1,0,1,0,0,0,0,1,1,0,0,0,1,0,0,1,0,1,1,0,0,1,1,0,1,0,1,0
2024-25,Andhra Pradesh,Alluri Sitharama Raju,Addateegala,Tirumalawada,0,0,1,1,0,0,0,0,1,1,0,0,0,1,0,0,1,0,1,1,0,1,0,1,0,0,1,1,0
2024-25,Andhra Pradesh,Alluri Sitharama Raju,Addateegala,Dabbapalem,0,1,0,0,1,0,0,1,0,0,1,0,0,1,0,0,1,0,1,1,0,1,0,1,0,0,1,1,0
2024-25,Andhra Pradesh,Alluri Sitharama Raju,Addateegala,Peddavadisakarra,0,4,5,4,3,2,1,7,1,8,1,4,0,5,0,0,9,0,9,9,0,9,0,9,0,1,8,9,0
2024-25,Andhra Pradesh,Alluri Sitharama Raju,Ananthagiri,Tokavalasa,0,0,1,0,0,1,0,1,0,1,0,0,1,0,0,0,1,0,1,1,0,1,0,1,0,0,1,1,0
2024-25,Andhra Pradesh,Alluri Sitharama Raju,Ananthagiri,Ananthagiri,0,16,29,15,19,11,5,14,26,37,8,0,16,29,0,0,44,0,44,43,2,42,3,44,1,1,44,36,9
2024-25,Andhra Pradesh,Alluri Sitharama Raju,Ananthagiri,Laxmipuram,0,2,1,1,1,1,0,1,2,3,0,1,0,2,0,0,3,0,3,2,1,3,0,3,0,0,3,3,0
2024-25,Andhra Pradesh,Alluri Sitharama Raju,Ananthagiri,Tadiguda,0,1,0,1,0,0,0,1,0,1,0,0,0,1,0,0,1,0,1,1,0,1,0,1,0,0,1,1,0
2024-25,Andhra Pradesh,Alluri Sitharama Raju,Ananthagiri,Mondijanguda,0,0,1,1,0,0,1,0,0,1,0,0,0,1,0,0,1,0,1,1,0,1,0,1,0,0,1,1,0
2024-25,Andhra Pradesh,Alluri Sitharama Raju,Ananthagiri,Diguvasobha,0,1,0,0,0,1,0,0,1,1,0,0,0,1,0,0,1,0,1,1,0,0,1,1,0,0,1,0,1
2024-25,Andhra Pradesh,Alluri Sitharama Raju,Ananthagiri,Kunapuram,0,1,0,1,0,0,1,0,0,1,0,1,0,0,0,0,1,0,0,1,0,0,1,1,0,0,1,1,0
2024-25,Andhra Pradesh,Alluri Sitharama Raju,Ananthagiri,Bheesupuram,0,7,4,1,4,6,0,5,6,11,0,0,6,5,0,0,11,0,11,9,2,7,4,11,0,0,11,11,0
2024-25,Andhra Pradesh,Alluri Sitharama Raju,Ananthagiri,Kudiya,0,0,4,4,0,0,0,1,3,4,0,3,0,1,0,0,4,0,4,4,0,4,0,4,0,0,4,3,1
2024-25,Andhra Pradesh,Alluri Sitharama Raju,Ananthagiri,Borra,0,9,3,5,5,2,10,0,2,10,2,6,1,5,0,0,11,0,12,12,0,9,3,12,0,0,12,10,2
2024-25,Andhra Pradesh,Alluri Sitharama Raju,Ananthagiri,Singarbha,0,3,7,4,2,4,0,10,0,8,2,0,7,3,0,0,10,0,10,10,0,9,1,10,0,0,10,10,0
2024-25,Andhra Pradesh,Alluri Sitharama Raju,Ananthagiri,Billakota,0,2,0,2,0,0,0,2,0,2,0,2,0,0,0,0,2,0,2,0,2,2,0,2,0,0,2,2,0
2024-25,Andhra Pradesh,Alluri Sitharama Raju,Ananthagiri,Tattavalasa,0,0,5,2,1,2,0,3,2,5,0,1,1,3,0,0,5,0,5,0,5,0,5,5,0,0,5,5,0
2024-25,Andhra Pradesh,Alluri Sitharama Raju,Ananthagiri,Pulusumamidi,0,1,0,0,0,1,0,1,0,1,0,0,0,1,0,0,1,0,1,0,1,0,1,1,0,0,1,1,0
2024-25,Andhra Pradesh,Alluri Sitharama Raju,Ananthagiri,Kasipatnam,0,1,4,2,3,0,0,2,3,5,0,1,0,4,0,0,5,0,5,1,4,5,0,5,0,0,5,5,0
2024-25,Andhra Pradesh,Alluri Sitharama Raju,Ananthagiri,Nandikota,0,1,1,1,1,0,0,0,2,2,0,0,0,2,0,0,2,0,2,0,2,1,1,2,0,1,1,0,2
2024-25,Andhra Pradesh,Alluri Sitharama Raju,Ananthagiri,Pooluguda,0,1,0,1,0,0,0,0,1,1,0,0,0,1,0,0,1,0,1,1,0,0,1,1,0,0,1,1,0
2024-25,Andhra Pradesh,Alluri Sitharama Raju,Ananthagiri,Nadimivalasa,0,2,3,0,2,3,0,2,3,4,1,1,3,1,0,0,5,0,5,5,0,3,2,5,0,0,5,5,0
2024-25,Andhra Pradesh,Alluri Sitharama Raju,Ananthagiri,Mardaguda,0,2,2,0,3,1,0,1,3,4,0,0,1,3,0,0,4,0,4,2,2,2,2,4,0,0,4,2,2
2024-25,Andhra Pradesh,Alluri Sitharama Raju,Ananthagiri,Saravani Palem,0,4,1,0,5,0,0,3,2,5,0,1,1,3,0,0,5,0,5,0,5,0,5,5,0,0,5,3,2
2024-25,Andhra Pradesh,Alluri Sitharama Raju,Ananthagiri,Seetampeta,0,1,4,0,1,4,0,2,3,5,0,1,1,3,0,0,5,0,5,0,5,1,4,5,0,0,5,0,5
2024-25,Andhra Pradesh,Alluri Sitharama Raju,Ananthagiri,Pedakonela,0,2,0,0,0,2,0,2,0,0,2,0,0,2,0,0,2,0,2,2,0,2,0,2,0,0,2,2,0
2024-25,Andhra Pradesh,Alluri Sitharama Raju,Ananthagiri,Katturu,1,7,16,4,11,9,1,17,6,22,2,3,13,8,0,0,24,0,24,18,4,19,5,24,0,0,24,24,0
2024-25,Andhra Pradesh,Alluri Sitharama Raju,Ananthagiri,Mandaparti,0,2,3,0,2,3,0,3,2,5,0,0,1,4,0,0,5,0,5,0,5,0,5,5,0,0,5,5,0
2024-25,Andhra Pradesh,Alluri Sitharama Raju,Ananthagiri,Peda Rabha,0,5,0,2,0,3,0,5,0,3,2,0,1,4,0,0,5,0,5,5,0,5,0,5,0,0,5,5,0
2024-25,Andhra Pradesh,Alluri Sitharama Raju,Ananthagiri,Nimmalapadu,0,4,6,4,3,3,2,1,7,10,0,0,7,3,0,0,10,0,10,10,0,6,4,10,0,4,6,10,0
2024-25,Andhra Pradesh,Alluri Sitharama Raju,Ananthagiri,Karakavalasa,0,0,1,0,0,1,0,1,0,1,0,0,1,0,0,0,1,0,1,0,1,1,0,0,1,0,1,1,0
2024-25,Andhra Pradesh,Alluri Sitharama Raju,Ananthagiri,Kantipuram,0,2,0,2,0,0,0,2,0,2,0,0,1,1,0,0,2,0,2,1,1,2,0,2,0,0,2,2,0
2024-25,Andhra Pradesh,Alluri Sitharama Raju,Ananthagiri,Garugubilli,0,1,4,3,0,2,0,5,0,3,2,0,0,5,0,0,5,0,5,0,5,0,5,5,0,0,5,5,0
2024-25,Andhra Pradesh,Alluri Sitharama Raju,Ananthagiri,Sariapalle,0,4,4,5,3,0,0,0,8,7,1,0,0,8,0,0,8,0,8,4,4,1,7,7,1,0,8,5,3
2024-25,Andhra Pradesh,Alluri Sitharama Raju,Ananthagiri,Maddigaruvu,0,1,1,0,2,0,2,0,0,2,0,0,2,0,0,0,2,0,2,0,2,0,2,2,0,0,2,2,0
2024-25,Andhra Pradesh,Alluri Sitharama Raju,Ananthagiri,Valasi,0,1,10,0,6,5,0,0,11,11,0,0,6,5,0,0,11,0,11,11,0,5,6,9,2,0,11,11,0
2024-25,Andhra Pradesh,Alluri Sitharama Raju,Ananthagiri,Jamuguda,0,1,1,0,2,0,0,2,0,2,0,0,2,0,0,0,2,0,2,2,0,2,0,2,0,0,2,1,1
2024-25,Andhra Pradesh,Alluri Sitharama Raju,Ananthagiri,Gorregommu,0,6,2,4,1,3,1,6,1,8,0,1,4,3,0,0,8,0,8,3,5,7,1,8,0,1,7,8,0
2024-25,Andhra Pradesh,Alluri Sitharama Raju,Ananthagiri,Chintapaka,0,0,2,0,1,1,1,0,1,2,0,0,0,2,0,0,2,0,2,1,1,2,0,2,0,0,2,1,1
2024-25,Andhra Pradesh,Alluri Sitharama Raju,Ananthagiri,Pedagangavaram,0,21,21,3,32,7,4,28,10,41,1,16,8,18,0,0,42,0,42,26,16,32,10,41,1,0,42,40,2
2024-25,Andhra Pradesh,Alluri Sitharama Raju,Ananthagiri,Pedakota,4,0,0,1,0,3,0,4,0,4,0,0,0,4,0,0,4,0,4,2,2,4,0,4,0,0,4,3,1
2024-25,Andhra Pradesh,Alluri Sitharama Raju,Ananthagiri,Kotaparti,0,5,3,0,5,3,2,6,0,7,1,0,0,8,0,0,7,0,7,8,0,5,3,8,0,0,8,8,0
2024-25,Andhra Pradesh,Alluri Sitharama Raju,Ananthagiri,Tamuta,0,2,4,4,2,0,3,0,3,6,0,0,0,6,0,0,6,0,6,6,0,2,4,6,0,0,6,5,1
2024-25,Andhra Pradesh,Alluri Sitharama Raju,Ananthagiri,Bandakonda,0,4,0,4,0,0,4,0,0,4,0,3,0,1,0,0,4,0,4,4,0,4,0,4,0,0,4,4,0
2024-25,Andhra Pradesh,Alluri Sitharama Raju,Ananthagiri,Patipalle,0,2,4,5,0,1,4,1,1,6,0,3,1,2,0,0,6,0,6,6,0,5,1,6,0,0,6,6,0
2024-25,Andhra Pradesh,Alluri Sitharama Raju,Ananthagiri,Gangudivalasa,0,0,3,3,0,0,1,0,2,3,0,1,1,1,0,0,3,0,3,0,3,2,1,3,0,0,3,3,0
2024-25,Andhra Pradesh,Alluri Sitharama Raju,Ananthagiri,Sorasapodaru,0,1,0,0,0,1,0,0,1,1,0,0,1,0,0,0,1,0,1,1,0,0,1,1,0,0,1,0,1
2024-25,Andhra Pradesh,Alluri Sitharama Raju,Ananthagiri,Buruga,0,1,0,1,0,0,0,0,1,1,0,1,0,0,0,0,1,0,1,1,0,1,0,1,0,0,1,0,1
2024-25,Andhra Pradesh,Alluri Sitharama Raju,Ananthagiri,Sottadivalasa,0,9,16,2,12,11,0,23,2,14,11,0,12,13,0,0,25,1,24,25,0,23,2,25,0,0,25,22,3
2024-25,Andhra Pradesh,Alluri Sitharama Raju,Ananthagiri,Tokuru,0,0,1,1,0,0,0,0,1,1,0,1,0,0,0,0,1,0,1,1,0,1,0,1,0,0,1,1,0
2024-25,Andhra Pradesh,Alluri Sitharama Raju,Ananthagiri,Totavalasa,0,3,3,0,0,6,0,2,4,6,0,0,4,2,0,0,6,0,6,6,0,6,0,6,0,0,6,6,0
2024-25,Andhra Pradesh,Alluri Sitharama Raju,Ananthagiri,Rampalle,1,5,2,3,4,1,0,6,2,8,0,0,5,3,0,0,8,0,8,8,0,7,1,8,0,0,8,8,0
2024-25,Andhra Pradesh,Alluri Sitharama Raju,Ananthagiri,Ballagaruvu,0,3,1,2,0,2,0,0,4,2,2,1,0,3,0,0,4,0,4,4,0,4,0,4,0,0,4,3,1
2024-25,Andhra Pradesh,Alluri Sitharama Raju,Ananthagiri,Pinakota,0,4,3,3,3,1,3,3,1,6,1,2,0,5,0,0,7,0,7,7,0,7,0,7,0,0,7,6,1
2024-25,Andhra Pradesh,Alluri Sitharama Raju,Ananthagiri,Rayipadu,0,1,0,0,1,0,0,0,1,1,0,0,0,1,0,0,1,0,1,1,0,1,0,1,0,0,1,1,0
2024-25,Andhra Pradesh,Alluri Sitharama Raju,Ananthagiri,Lungaparti,1,9,10,3,10,9,5,14,4,22,1,3,5,11,0,0,15,0,17,16,7,19,5,24,0,2,21,24,0
2024-25,Andhra Pradesh,Alluri Sitharama Raju,Ananthagiri,Singavaram,0,1,5,3,0,3,0,3,3,4,2,0,0,6,0,0,6,0,6,0,6,0,6,6,0,0,6,6,0
2024-25,Andhra Pradesh,Alluri Sitharama Raju,Ananthagiri,Bheemavaram,0,0,4,1,0,3,0,3,1,2,2,0,0,4,0,0,4,0,4,0,4,0,4,4,0,0,4,4,0
2024-25,Andhra Pradesh,Alluri Sitharama Raju,Ananthagiri,Chippapalle,0,6,4,4,4,2,0,5,5,8,2,0,0,10,0,0,10,0,10,0,9,5,5,10,0,0,10,10,0
2024-25,Andhra Pradesh,Alluri Sitharama Raju,Ananthagiri,Kapativalasa,0,0,2,2,0,0,0,1,1,2,0,0,0,2,0,0,2,0,2,2,0,1,1,2,0,0,2,2,0
2024-25,Andhra Pradesh,Alluri Sitharama Raju,Ananthagiri,Bembi,0,1,0,0,1,0,0,1,0,1,0,0,0,1,0,0,1,0,1,0,1,0,1,1,0,0,1,0,1
2024-25,Andhra Pradesh,Alluri Sitharama Raju,Ananthagiri,Gangavaram,0,0,1,0,0,1,0,1,0,1,0,0,1,0,0,0,1,0,1,1,0,1,0,1,0,0,1,1,0
2024-25,Andhra Pradesh,Alluri Sitharama Raju,Ananthagiri,Bongija,0,0,3,0,1,2,0,2,1,1,2,0,1,2,0,0,3,0,3,3,0,3,0,3,0,0,3,3,0
2024-25,Andhra Pradesh,Alluri Sitharama Raju,Ananthagiri,Karaiguda,0,2,3,2,0,3,0,5,0,5,0,0,2,3,0,0,5,0,5,3,2,4,0,5,0,0,4,5,0
2024-25,Andhra Pradesh,Alluri Sitharama Raju,Ananthagiri,Nelapalem,0,3,2,1,4,0,0,5,0,5,0,0,3,2,0,0,4,0,4,3,2,4,1,5,0,0,5,5,0
2024-25,Andhra Pradesh,Alluri Sitharama Raju,Ananthagiri,Dumbrivalasa,0,3,0,0,0,3,0,2,1,2,1,0,2,1,0,0,3,0,3,3,0,2,1,3,0,0,3,3,0
2024-25,Andhra Pradesh,Alluri Sitharama Raju,Ananthagiri,Banjoda,0,0,2,0,2,0,0,0,2,2,0,0,1,1,1,0,1,0,2,1,1,2,0,2,0,0,2,1,1
2024-25,Andhra Pradesh,Alluri Sitharama Raju,Ananthagiri,Eguvasobha,0,0,3,0,2,1,0,3,0,3,0,0,0,3,0,0,3,0,3,2,1,2,1,3,0,0,3,2,1
2024-25,Andhra Pradesh,Alluri Sitharama Raju,Ananthagiri,Heetaguda,0,1,0,1,0,0,0,0,1,1,0,0,1,0,0,0,1,0,1,1,0,1,0,1,0,0,1,1,0
2024-25,Andhra Pradesh,Alluri Sitharama Raju,Ananthagiri,Gumma,0,4,2,1,1,4,0,5,1,6,0,0,2,4,0,0,6,0,6,6,0,6,0,6,0,0,6,6,0
2024-25,Andhra Pradesh,Alluri Sitharama Raju,Ananthagiri,Kamalapuram,0,1,0,1,0,0,0,0,1,1,0,0,0,1,0,0,1,0,1,1,0,0,1,1,0,0,1,1,0
2024-25,Andhra Pradesh,Alluri Sitharama Raju,Ananthagiri,Seesamanda,1,0,1,0,0,2,0,1,1,2,0,0,1,1,0,0,2,0,2,2,0,2,0,2,0,0,2,1,1
2024-25,Andhra Pradesh,Alluri Sitharama Raju,Araku Valley,Bandapanuvalasa,3,6,6,3,10,2,1,7,7,15,0,10,2,3,0,0,14,0,15,11,4,1,14,15,0,0,15,15,0
2024-25,Andhra Pradesh,Alluri Sitharama Raju,Araku Valley,Ninnimamidivalasa,0,0,1,0,0,1,0,1,0,1,0,0,1,0,0,0,1,0,1,0,1,0,1,1,0,0,1,1,0
2024-25,Andhra Pradesh,Alluri Sitharama Raju,Araku Valley,Kothavalasa,0,0,3,0,2,1,0,0,3,1,2,0,1,2,0,0,3,0,3,3,0,0,3,3,0,2,1,3,0
2024-25,Andhra Pradesh,Alluri Sitharama Raju,Araku Valley,Bondam,0,1,3,0,2,2,0,3,1,4,0,1,2,1,0,0,4,0,4,2,2,1,3,4,0,0,4,4,0
2024-25,Andhra Pradesh,Alluri Sitharama Raju,Araku Valley,Rampuduvalasa,0,2,12,2,9,3,0,9,5,12,2,1,0,13,0,0,14,0,14,4,10,0,14,14,0,0,14,14,0
2024-25,Andhra Pradesh,Alluri Sitharama Raju,Araku Valley,Korraguda,0,0,5,1,4,0,0,2,3,3,2,5,0,0,0,0,5,0,5,4,1,0,5,5,0,2,3,5,0
2024-25,Andhra Pradesh,Alluri Sitharama Raju,Araku Valley,Sukuruguda,1,2,0,1,1,1,0,3,0,3,0,3,0,0,0,0,3,0,3,0,3,0,3,3,0,0,3,3,0
2024-25,Andhra Pradesh,Alluri Sitharama Raju,Araku Valley,Janamguda,0,3,1,2,0,2,0,4,0,4,0,4,0,0,0,0,4,0,4,3,1,0,4,4,0,0,4,4,0
2024-25,Andhra Pradesh,Alluri Sitharama Raju,Araku Valley,Sunkarametta,1,0,4,0,5,0,0,2,3,5,0,5,0,0,0,0,5,0,5,0,5,0,5,5,0,2,3,5,0
2024-25,Andhra Pradesh,Alluri Sitharama Raju,Araku Valley,Doraguda,2,10,2,4,6,4,2,7,5,14,0,5,2,7,0,0,13,0,14,9,4,4,10,14,0,1,13,14,0
2024-25,Andhra Pradesh,Alluri Sitharama Raju,Araku Valley,Pitraguda,1,1,3,1,2,2,0,2,3,5,0,1,0,4,0,0,5,0,5,4,1,5,0,5,0,0,5,5,0
2024-25,Andhra Pradesh,Alluri Sitharama Raju,Araku Valley,Gadyaguda,0,3,1,1,2,1,0,3,1,4,0,0,2,2,0,0,4,0,4,2,2,0,4,4,0,1,3,4,0
2024-25,Andhra Pradesh,Alluri Sitharama Raju,Araku Valley,Bosubeda,0,6,4,4,2,4,0,5,5,9,1,1,2,6,0,0,9,0,9,8,2,0,10,10,0,0,10,9,1
2024-25,Andhra Pradesh,Alluri Sitharama Raju,Araku Valley,Lotheru,0,5,18,5,12,6,5,6,12,23,0,18,1,4,0,0,23,0,23,12,11,7,16,23,0,0,23,22,1
2024-25,Andhra Pradesh,Alluri Sitharama Raju,Araku Valley,Kottavalasa,4,3,3,2,7,1,0,8,2,9,1,7,0,3,0,0,10,0,10,0,10,1,9,10,0,0,10,10,0
2024-25,Andhra Pradesh,Alluri Sitharama Raju,Araku Valley,Devarapalle,1,7,13,7,13,1,5,11,5,20,1,15,3,3,0,0,21,0,21,2,19,8,13,21,0,3,18,20,1
2024-25,Andhra Pradesh,Alluri Sitharama Raju,Araku Valley,Lamtampadu,0,8,6,1,12,1,1,6,7,14,0,14,0,0,0,1,13,0,14,13,1,3,11,14,0,1,13,14,0
2024-25,Andhra Pradesh,Alluri Sitharama Raju,Araku Valley,Chompi,3,31,28,30,22,10,21,12,29,61,1,18,11,33,0,1,61,0,62,49,13,43,19,62,0,14,48,61,1
2024-25,Andhra Pradesh,Alluri Sitharama Raju,Araku Valley,Kandulaguddi,0,0,3,0,1,2,1,1,1,3,0,0,0,3,0,0,3,0,3,1,2,0,3,3,0,1,2,3,0
2024-25,Andhra Pradesh,Alluri Sitharama Raju,Araku Valley,Polamguda,0,0,2,0,2,0,0,2,0,2,0,0,0,2,0,0,2,0,2,0,2,0,2,2,0,0,2,2,0
2024-25,Andhra Pradesh,Alluri Sitharama Raju,Araku Valley,Janamguda,0,0,4,0,3,1,0,0,4,3,1,3,1,0,0,0,4,0,4,2,2,0,4,4,0,0,4,4,0
2024-25,Andhra Pradesh,Alluri Sitharama Raju,Araku Valley,Gugguda,0,3,6,2,7,0,0,5,4,9,0,5,0,4,0,0,9,0,9,0,9,0,9,9,0,0,9,9,0
2024-25,Andhra Pradesh,Alluri Sitharama Raju,Araku Valley,Gattaraguda,0,1,3,1,3,0,0,4,0,4,0,4,0,0,0,0,4,0,4,4,0,0,4,4,0,0,4,4,0
2024-25,Andhra Pradesh,Alluri Sitharama Raju,Araku Valley,Rega,0,0,2,0,2,0,0,0,2,2,0,2,0,0,0,0,2,0,2,0,2,2,0,2,0,0,2,2,0
2024-25,Andhra Pradesh,Alluri Sitharama Raju,Araku Valley,Kusumguda,0,1,2,0,3,0,0,3,0,3,0,1,0,2,0,0,3,0,3,2,1,2,1,3,0,0,3,3,0
2024-25,Andhra Pradesh,Alluri Sitharama Raju,Araku Valley,Pedagangagudi,1,1,3,2,2,1,0,5,0,5,0,0,1,4,0,0,5,0,5,3,2,0,5,5,0,1,4,5,0
2024-25,Andhra Pradesh,Alluri Sitharama Raju,Araku Valley,Kinnamguda,2,5,7,3,4,7,1,4,9,14,0,2,1,11,0,0,14,0,14,9,5,0,14,14,0,5,9,14,0
2024-25,Andhra Pradesh,Alluri Sitharama Raju,Araku Valley,Kothaballuguda,1,2,2,0,3,2,0,1,4,5,0,1,1,3,0,0,5,0,5,4,1,0,5,5,0,0,5,5,0
2024-25,Andhra Pradesh,Alluri Sitharama Raju,Araku Valley,Pathaballuguda,0,3,1,0,1,3,0,3,1,4,0,0,0,4,0,0,4,0,4,3,1,0,4,4,0,0,4,4,0
2024-25,Andhra Pradesh,Alluri Sitharama Raju,Araku Valley,Pakanaguda,0,0,6,1,4,1,0,3,3,6,0,1,2,3,0,0,6,0,6,6,0,6,0,6,0,1,5,6,0
2024-25,Andhra Pradesh,Alluri Sitharama Raju,Araku Valley,Danirangini,1,3,1,0,5,0,0,2,3,5,0,1,0,4,0,0,5,0,5,5,0,5,0,5,0,0,5,5,0
2024-25,Andhra Pradesh,Alluri Sitharama Raju,Araku Valley,Madaguda,0,0,2,0,0,2,0,2,0,0,2,2,0,0,0,0,2,0,2,0,2,0,2,2,0,0,2,2,0
2024-25,Andhra Pradesh,Alluri Sitharama Raju,Araku Valley,Nandiguda,0,3,5,5,1,2,0,5,3,8,0,4,0,4,0,0,8,0,8,2,6,3,5,8,0,0,8,8,0
2024-25,Andhra Pradesh,Alluri Sitharama Raju,Araku Valley,Dingriputtu,0,1,5,1,4,1,0,4,2,5,1,0,2,4,0,0,6,0,6,1,5,1,5,6,0,0,6,6,0
2024-25,Andhra Pradesh,Alluri Sitharama Raju,Araku Valley,Sarabhaguda,0,0,2,0,1,1,0,0,2,2,0,1,1,0,0,0,2,0,2,2,0,2,0,2,0,0,2,2,0
2024-25,Andhra Pradesh,Alluri Sitharama Raju,Araku Valley,Tadaka,1,1,2,0,1,3,0,3,1,3,1,0,2,2,0,0,4,0,4,1,3,0,4,4,0,0,4,4,0
2024-25,Andhra Pradesh,Alluri Sitharama Raju,Araku Valley,Kaguvalasa,1,2,1,0,2,2,0,1,3,4,0,0,1,3,0,0,4,0,4,4,0,0,4,4,0,1,3,4,0
2024-25,Andhra Pradesh,Alluri Sitharama Raju,Araku Valley,Pujaribanda,0,0,4,2,1,1,0,3,1,4,0,0,0,4,0,0,4,0,4,0,4,0,4,4,0,2,2,4,0
2024-25,Andhra Pradesh,Alluri Sitharama Raju,Araku Valley,Chandrapoda,0,1,0,0,1,0,0,0,1,1,0,0,0,1,0,0,1,0,1,1,0,1,0,1,0,0,1,1,0
2024-25,Andhra Pradesh,Alluri Sitharama Raju,Araku Valley,Validipanasa,1,2,3,0,3,3,2,3,1,6,0,1,0,5,0,0,6,0,6,4,2,3,3,6,0,0,6,6,0
2024-25,Andhra Pradesh,Alluri Sitharama Raju,Araku Valley,Morriguda,1,6,10,0,8,9,2,11,4,17,0,6,4,7,0,0,17,0,17,12,5,13,4,17,0,0,17,17,0
2024-25,Andhra Pradesh,Alluri Sitharama Raju,Araku Valley,Majjivalasa,0,0,1,0,1,0,0,0,1,1,0,1,0,0,0,0,1,0,1,0,1,0,1,1,0,0,1,1,0
2024-25,Andhra Pradesh,Alluri Sitharama Raju,Araku Valley,Gangasanivalasa,0,1,4,0,5,0,0,4,1,4,1,4,0,1,0,0,5,0,5,1,4,0,5,5,0,2,3,5,0
2024-25,Andhra Pradesh,Alluri Sitharama Raju,Araku Valley,Kentubade,0,2,1,1,2,0,1,0,2,3,0,0,3,0,0,0,3,0,3,3,0,0,3,3,0,3,0,3,0
2024-25,Andhra Pradesh,Alluri Sitharama Raju,Araku Valley,Mala Singaram,1,2,0,1,2,0,0,1,2,3,0,0,0,3,0,0,3,0,3,3,0,2,1,3,0,0,3,3,0
2024-25,Andhra Pradesh,Alluri Sitharama Raju,Araku Valley,Sabaka,1,1,0,0,2,0,0,1,1,2,0,2,0,0,0,0,2,0,2,0,2,0,2,2,0,0,2,2,0
2024-25,Andhra Pradesh,Alluri Sitharama Raju,Araku Valley,Chinalabudu,4,14,22,13,18,9,3,23,14,38,2,17,8,15,0,0,38,0,40,32,8,10,30,39,1,3,37,39,1
2024-25,Andhra Pradesh,Alluri Sitharama Raju,Araku Valley,Totavalasa,0,0,4,0,2,2,0,3,1,4,0,1,1,2,0,0,4,0,4,4,0,0,4,4,0,0,4,4,0
2024-25,Andhra Pradesh,Alluri Sitharama Raju,Chintapalle,Pakabu,0,0,6,5,0,1,0,2,4,6,0,1,0,5,0,0,6,0,6,6,0,0,6,6,0,0,6,6,0
2024-25,Andhra Pradesh,Alluri Sitharama Raju,Chintapalle,Cheemalabayalu,0,1,7,7,0,1,0,8,0,5,3,0,0,8,0,0,8,0,8,8,0,8,0,8,0,8,0,8,0
2024-25,Andhra Pradesh,Alluri Sitharama Raju,Chintapalle,Palada,0,2,4,6,0,0,0,6,0,5,1,3,2,1,0,0,6,0,6,6,0,0,6,6,0,0,6,6,0
2024-25,Andhra Pradesh,Alluri Sitharama Raju,Chintapalle,Pedabarada,0,9,21,23,2,5,0,16,14,25,5,15,4,11,0,0,30,0,30,30,0,12,18,30,0,0,30,30,0
2024-25,Andhra Pradesh,Alluri Sitharama Raju,Chintapalle,Gondipakalu,0,3,6,6,1,2,0,9,0,9,0,8,0,1,0,0,9,0,9,9,0,0,9,8,1,0,9,9,0
2024-25,Andhra Pradesh,Alluri Sitharama Raju,Chintapalle,Ravimanupakalu,0,0,1,1,0,0,0,0,1,1,0,1,0,0,0,0,1,0,1,1,0,1,0,1,0,0,1,1,0
2024-25,Andhra Pradesh,Alluri Sitharama Raju,Chintapalle,Yerrabommalu,0,0,2,1,1,0,0,1,1,2,0,0,0,2,0,0,2,0,2,2,0,0,2,2,0,0,2,2,0
2024-25,Andhra Pradesh,Alluri Sitharama Raju,Chintapalle,Godugumamidi,0,0,1,1,0,0,0,1,0,1,0,1,0,0,0,0,1,0,1,1,0,0,1,1,0,0,1,1,0
2024-25,Andhra Pradesh,Alluri Sitharama Raju,Chintapalle,Yerravaram,0,3,6,5,1,3,0,3,6,9,0,0,3,6,0,0,9,0,9,9,0,0,9,9,0,0,9,9,0
2024-25,Andhra Pradesh,Alluri Sitharama Raju,Chintapalle,Vanajajulu,1,0,1,2,0,0,0,0,2,2,0,0,0,2,0,0,2,0,2,2,0,0,2,2,0,0,2,2,0
2024-25,Andhra Pradesh,Alluri Sitharama Raju,Chintapalle,Korukonda,0,2,5,7,0,0,0,7,0,4,3,4,0,3,0,0,7,0,7,7,0,0,7,7,0,0,7,7,0
2024-25,Andhra Pradesh,Alluri Sitharama Raju,Chintapalle,Kudumusari,0,1,9,7,0,3,0,7,3,9,1,0,2,8,0,0,10,0,10,10,0,3,7,10,0,0,10,10,0
2024-25,Andhra Pradesh,Alluri Sitharama Raju,Chintapalle,Chadalapadu,0,0,20,20,0,0,3,15,2,20,0,0,6,14,0,0,20,0,20,20,0,16,4,17,3,14,6,20,0
2024-25,Andhra Pradesh,Alluri Sitharama Raju,Chintapalle,Gadapari,0,1,2,2,0,1,0,2,1,3,0,2,0,1,0,0,3,0,3,3,0,1,2,3,0,0,3,3,0
2024-25,Andhra Pradesh,Alluri Sitharama Raju,Chintapalle,Kappalu,0,2,9,11,0,0,0,10,1,11,0,10,0,1,0,0,11,0,11,11,0,1,10,11,0,0,11,11,0
2024-25,Andhra Pradesh,Alluri Sitharama Raju,Chintapalle,Mamidipalle,0,0,6,5,0,1,3,0,3,6,0,6,0,0,0,0,6,0,6,6,0,0,6,6,0,0,6,6,0
2024-25,Andhra Pradesh,Alluri Sitharama Raju,Chintapalle,Kinnerla,0,0,6,6,0,0,0,6,0,5,1,1,0,5,0,0,6,0,6,6,0,0,6,6,0,0,6,6,0
2024-25,Andhra Pradesh,Alluri Sitharama Raju,Chintapalle,Kothapalem,0,0,3,3,0,0,0,3,0,3,0,1,0,2,0,0,3,0,3,3,0,0,3,3,0,0,3,3,0
2024-25,Andhra Pradesh,Alluri Sitharama Raju,Chintapalle,Degalapalem,0,0,2,2,0,0,0,2,0,2,0,0,1,1,0,0,2,0,2,2,0,2,0,2,0,2,0,2,0
2024-25,Andhra Pradesh,Alluri Sitharama Raju,Chintapalle,Godugumamidi,0,1,0,0,0,1,0,0,1,1,0,1,0,0,0,0,1,0,1,1,0,0,1,1,0,0,1,1,0
2024-25,Andhra Pradesh,Alluri Sitharama Raju,Chintapalle,Regallu,0,2,13,12,1,2,3,12,0,15,0,3,0,12,0,0,15,0,15,15,0,3,12,12,3,0,15,15,0
2024-25,Andhra Pradesh,Alluri Sitharama Raju,Chintapalle,Domalagondhi,0,0,1,0,1,0,0,1,0,1,0,0,0,1,0,0,1,0,1,1,0,1,0,1,0,0,1,1,0
2024-25,Andhra Pradesh,Alluri Sitharama Raju,Chintapalle,Bheemanupalle,0,6,4,8,2,0,5,0,5,9,1,0,0,10,0,0,10,0,10,10,0,5,5,10,0,0,10,10,0
2024-25,Andhra Pradesh,Alluri Sitharama Raju,Chintapalle,Kitumula,0,0,1,1,0,0,0,1,0,1,0,0,0,1,0,0,1,0,1,1,0,0,1,1,0,0,1,1,0
2024-25,Andhra Pradesh,Alluri Sitharama Raju,Chintapalle,Rowrimthada,0,3,7,8,0,2,0,4,6,8,2,5,0,5,0,0,10,0,10,10,0,6,4,10,0,0,10,9,1
2024-25,Andhra Pradesh,Alluri Sitharama Raju,Chintapalle,Baddimetta,0,1,3,3,0,1,0,0,4,3,1,0,0,4,0,0,4,0,4,4,0,2,2,4,0,0,4,3,1
2024-25,Andhra Pradesh,Alluri Sitharama Raju,Chintapalle,Samagiri,0,1,9,9,0,1,0,9,1,10,0,8,0,2,0,0,10,0,10,10,0,5,5,10,0,0,10,10,0
2024-25,Andhra Pradesh,Alluri Sitharama Raju,Chintapalle,Regubailu,0,0,2,2,0,0,1,0,1,2,0,1,0,1,0,0,2,0,2,2,0,0,2,2,0,0,2,2,0
2024-25,Andhra Pradesh,Alluri Sitharama Raju,Chintapalle,Rolugunta,1,1,1,3,0,0,0,0,3,3,0,2,0,1,0,0,3,0,3,3,0,2,1,3,0,0,3,3,0
2024-25,Andhra Pradesh,Alluri Sitharama Raju,Chintapalle,Budidapadu,0,2,0,2,0,0,0,0,2,1,1,0,0,2,0,0,2,0,2,2,0,0,2,2,0,0,2,2,0
2024-25,Andhra Pradesh,Alluri Sitharama Raju,Chintapalle,Parikalu,0,2,8,10,0,0,0,7,3,9,1,0,0,10,0,0,10,0,10,10,0,0,10,10,0,0,10,10,0
2024-25,Andhra Pradesh,Alluri Sitharama Raju,Chintapalle,Thallakota,0,0,2,1,0,1,1,0,1,2,0,0,0,2,0,0,2,0,2,2,0,0,2,2,0,0,2,2,0
2024-25,Andhra Pradesh,Alluri Sitharama Raju,Chintapalle,Bandabayalu,0,2,2,4,0,0,0,2,2,3,1,0,0,4,0,0,4,0,4,4,0,4,0,4,0,0,4,4,0
2024-25,Andhra Pradesh,Alluri Sitharama Raju,Chintapalle,Mallavaram,0,3,3,6,0,0,0,0,6,6,0,6,0,0,0,0,6,0,6,6,0,3,3,6,0,0,6,6,0
2024-25,Andhra Pradesh,Alluri Sitharama Raju,Chintapalle,Burisingi,0,5,3,8,0,0,0,0,8,6,2,0,5,3,0,0,8,0,8,8,0,0,8,8,0,0,8,8,0
2024-25,Andhra Pradesh,Alluri Sitharama Raju,Chintapalle,Chowdupalle,0,0,1,1,0,0,0,1,0,1,0,0,0,1,0,0,1,0,1,1,0,1,0,1,0,1,0,1,0
2024-25,Andhra Pradesh,Alluri Sitharama Raju,Chintapalle,Junnulu,0,0,4,3,0,1,0,4,0,4,0,1,1,2,0,0,4,0,4,4,0,4,0,4,0,0,4,4,0
2024-25,Andhra Pradesh,Alluri Sitharama Raju,Chintapalle,Pedapakalu,0,2,2,4,0,0,0,2,2,2,2,4,0,0,0,0,4,0,4,4,0,4,0,4,0,0,4,4,0
2024-25,Andhra Pradesh,Alluri Sitharama Raju,Chintapalle,Bheemasingi,0,9,0,9,0,0,0,7,2,6,3,0,0,9,0,0,9,0,9,9,0,0,9,9,0,0,9,9,0
2024-25,Andhra Pradesh,Alluri Sitharama Raju,Chintapalle,Teegalametta,0,2,3,3,0,2,1,1,3,5,0,0,0,5,0,0,5,0,5,5,0,0,5,5,0,0,5,5,0
2024-25,Andhra Pradesh,Alluri Sitharama Raju,Chintapalle,Bennavaram,0,1,1,2,0,0,2,0,0,1,1,0,2,0,0,0,2,0,2,2,0,1,1,2,0,0,2,2,0
2024-25,Andhra Pradesh,Alluri Sitharama Raju,Chintapalle,Pinapadu,0,1,3,4,0,0,0,2,2,3,1,4,0,0,0,0,4,0,4,4,0,3,1,4,0,0,4,4,0
2024-25,Andhra Pradesh,Alluri Sitharama Raju,Chintapalle,Joharu,0,0,1,1,0,0,0,1,0,1,0,0,0,1,0,0,1,0,1,1,0,1,0,1,0,0,1,1,0
2024-25,Andhra Pradesh,Alluri Sitharama Raju,Chintapalle,Cherukumpakalu,0,0,1,0,0,1,0,1,0,0,1,0,0,1,0,0,1,0,1,1,0,1,0,1,0,1,0,1,0
2024-25,Andhra Pradesh,Alluri Sitharama Raju,Chintapalle,Lingalagudi,0,0,2,0,1,1,0,0,2,2,0,1,0,1,0,0,2,0,2,2,0,1,1,2,0,0,2,2,0
2024-25,Andhra Pradesh,Alluri Sitharama Raju,Chintapalle,Annavaram,0,2,6,8,0,0,0,1,7,7,1,0,0,8,0,0,8,0,8,8,0,6,2,7,1,0,8,7,1
2024-25,Andhra Pradesh,Alluri Sitharama Raju,Chintapalle,Lothugedda,0,0,2,2,0,0,0,0,2,2,0,1,0,1,0,0,2,0,2,2,0,2,0,2,0,0,2,2,0
2024-25,Andhra Pradesh,Alluri Sitharama Raju,Chintapalle,Meduru,0,3,1,4,0,0,1,0,3,4,0,4,0,0,0,0,4,0,4,4,0,1,3,4,0,0,4,4,0
2024-25,Andhra Pradesh,Alluri Sitharama Raju,Chintapalle,Panasalapadu,0,1,3,3,0,1,0,4,0,3,1,3,0,1,0,0,4,0,4,4,0,0,4,4,0,0,4,4,0
2024-25,Andhra Pradesh,Alluri Sitharama Raju,Chintapalle,Somavaram,1,0,2,1,0,2,1,0,2,3,0,3,0,0,0,0,3,0,3,3,0,2,1,3,0,0,3,3,0
2024-25,Andhra Pradesh,Alluri Sitharama Raju,Chintapalle,Velamjuvvi,0,1,3,1,1,2,0,3,1,4,0,2,0,2,0,0,4,0,4,4,0,0,4,4,0,0,4,4,0
2024-25,Andhra Pradesh,Alluri Sitharama Raju,Chintapalle,Digavalasapalle,0,3,2,3,0,2,0,3,2,5,0,1,1,3,0,0,5,0,5,5,0,1,4,4,1,0,5,5,0
2024-25,Andhra Pradesh,Alluri Sitharama Raju,Chintapalle,Egavalasapalle,0,0,8,6,0,2,0,6,2,8,0,0,1,7,0,0,8,0,8,8,0,5,3,5,3,0,8,8,0
2024-25,Andhra Pradesh,Alluri Sitharama Raju,Chintapalle,Chintapalle (Ct),0,0,13,11,0,2,0,13,0,11,2,0,1,12,0,0,13,0,13,13,0,13,0,13,0,13,0,13,0
2024-25,Andhra Pradesh,Alluri Sitharama Raju,Chintapalle,Lammasingi,0,5,5,5,4,1,1,1,8,10,0,3,2,5,0,0,10,0,10,10,0,8,2,10,0,0,10,10,0
2024-25,Andhra Pradesh,Alluri Sitharama Raju,Chintapalle,Sanivaram,1,1,10,7,2,3,0,8,4,10,2,8,0,4,0,0,12,0,12,12,0,6,6,10,2,0,12,12,0
2024-25,Andhra Pradesh,Alluri Sitharama Raju,Chintapalle,Busulakota,0,4,3,7,0,0,0,0,7,6,1,0,3,4,0,0,7,0,7,7,0,0,7,7,0,0,7,7,0
2024-25,Andhra Pradesh,Alluri Sitharama Raju,Chintapalle,Tamarapalle,0,1,1,1,0,1,0,2,0,2,0,1,0,1,0,0,2,0,2,2,0,0,2,2,0,0,2,2,0
2024-25,Andhra Pradesh,Alluri Sitharama Raju,Chintapalle,Balabadram,0,2,9,10,0,1,0,5,6,9,2,0,0,11,0,0,11,0,11,11,0,8,3,11,0,0,11,11,0
2024-25,Andhra Pradesh,Alluri Sitharama Raju,Chintapalle,Tajangi,1,5,6,9,0,3,0,11,1,11,1,3,3,6,0,0,12,0,12,12,0,6,6,10,2,0,12,12,0
2024-25,Andhra Pradesh,Alluri Sitharama Raju,Chintapalle,Rachapanukulu,0,0,1,0,0,1,0,0,1,1,0,1,0,0,0,0,1,0,1,1,0,1,0,1,0,0,1,1,0
2024-25,Andhra Pradesh,Alluri Sitharama Raju,Chintoor,Lakkavaram,0,4,10,12,1,1,6,2,6,14,0,6,0,8,0,0,14,0,14,14,0,13,1,14,0,8,6,14,0
2024-25,Andhra Pradesh,Alluri Sitharama Raju,Chintoor,Dondagudem,0,0,3,2,1,0,2,0,1,3,0,3,0,0,0,0,3,0,3,3,0,3,0,3,0,0,3,3,0
2024-25,Andhra Pradesh,Alluri Sitharama Raju,Chintoor,Tulugonda,0,1,3,1,2,1,3,1,0,4,0,2,0,2,0,0,4,0,4,4,0,4,0,4,0,0,4,4,0
2024-25,Andhra Pradesh,Alluri Sitharama Raju,Chintoor,Gondigudem,0,3,0,2,0,1,0,2,1,3,0,2,0,1,0,0,3,0,3,3,0,3,0,3,0,3,0,3,0
2024-25,Andhra Pradesh,Alluri Sitharama Raju,Chintoor,Choppumamide,0,1,2,1,0,2,0,0,3,3,0,2,1,0,0,0,3,0,3,3,0,3,0,3,0,3,0,3,0
2024-25,Andhra Pradesh,Alluri Sitharama Raju,Chintoor,Nelakota,0,1,2,3,0,0,0,1,2,3,0,1,0,2,0,0,3,0,3,3,0,2,1,3,0,0,3,3,0
2024-25,Andhra Pradesh,Alluri Sitharama Raju,Chintoor,Kothapalle,0,2,3,5,0,0,2,0,3,5,0,3,0,2,0,0,5,0,5,5,0,5,0,5,0,2,3,5,0
2024-25,Andhra Pradesh,Alluri Sitharama Raju,Chintoor,Devarapalle,0,2,1,2,1,0,1,0,2,3,0,3,0,0,0,0,3,0,3,3,0,3,0,3,0,0,3,3,0
2024-25,Andhra Pradesh,Alluri Sitharama Raju,Chintoor,Stafordpeta,0,0,3,2,0,1,0,0,3,3,0,1,0,2,0,0,3,0,3,3,0,2,1,3,0,0,3,3,0
2024-25,Andhra Pradesh,Alluri Sitharama Raju,Chintoor,Yerrampeta,0,2,0,0,2,0,0,1,1,2,0,0,0,2,0,0,2,0,2,2,0,2,0,2,0,1,1,2,0
2024-25,Andhra Pradesh,Alluri Sitharama Raju,Chintoor,Lakshmipuram,0,0,2,1,0,1,1,0,1,2,0,1,0,1,0,0,2,0,2,2,0,2,0,2,0,2,0,2,0
2024-25,Andhra Pradesh,Alluri Sitharama Raju,Chintoor,Kansuluru,0,1,4,5,0,0,0,1,4,5,0,4,0,1,0,0,5,0,5,5,0,5,0,5,0,1,4,5,0
2024-25,Andhra Pradesh,Alluri Sitharama Raju,Chintoor,Kolthuru,0,3,0,3,0,0,0,1,2,3,0,3,0,0,0,0,3,0,3,3,0,3,0,3,0,0,3,3,0
2024-25,Andhra Pradesh,Alluri Sitharama Raju,Chintoor,Chutur,0,0,3,2,0,1,1,0,2,3,0,2,0,1,0,0,3,0,3,3,0,3,0,3,0,0,3,3,0
2024-25,Andhra Pradesh,Alluri Sitharama Raju,Chintoor,Mukkunuru,0,0,2,2,0,0,0,2,0,2,0,1,0,1,0,0,2,0,2,2,0,2,0,2,0,1,1,2,0
2024-25,Andhra Pradesh,Alluri Sitharama Raju,Chintoor,Pedda Seetanapalle,0,3,0,3,0,0,1,1,1,3,0,2,0,1,0,0,3,0,3,3,0,3,0,3,0,0,3,3,0
2024-25,Andhra Pradesh,Alluri Sitharama Raju,Chintoor,Kondapalle,0,2,2,4,0,0,1,0,3,4,0,2,0,2,0,0,4,0,4,4,0,4,0,4,0,0,4,4,0
2024-25,Andhra Pradesh,Alluri Sitharama Raju,Chintoor,Mallethota,0,6,4,7,3,0,2,3,5,10,0,3,0,7,0,0,10,0,10,10,0,9,1,10,0,1,9,10,0
2024-25,Andhra Pradesh,Alluri Sitharama Raju,Chintoor,Chidumurum,0,2,6,8,0,0,1,3,4,8,0,5,1,2,0,0,8,0,8,8,0,8,0,8,0,3,5,8,0
2024-25,Andhra Pradesh,Alluri Sitharama Raju,Chintoor,Sigannagudem,0,1,3,3,0,1,3,0,1,4,0,4,0,0,0,0,4,0,4,4,0,3,1,4,0,1,3,4,0
2024-25,Andhra Pradesh,Alluri Sitharama Raju,Chintoor,Narsimhapuram,0,1,4,5,0,0,1,0,4,5,0,3,1,1,0,0,5,0,5,5,0,5,0,5,0,0,5,5,0
2024-25,Andhra Pradesh,Alluri Sitharama Raju,Chintoor,Tummala,0,0,5,5,0,0,1,2,2,5,0,3,0,2,0,0,5,0,5,5,0,5,0,5,0,3,2,5,0
2024-25,Andhra Pradesh,Alluri Sitharama Raju,Chintoor,Burakanakota,0,1,1,2,0,0,0,0,2,2,0,2,0,0,0,0,2,0,2,2,0,2,0,2,0,0,2,2,0
2024-25,Andhra Pradesh,Alluri Sitharama Raju,Chintoor,Ganganametta,0,3,2,4,1,0,1,1,3,5,0,1,0,4,0,0,5,0,5,5,0,5,0,5,0,2,3,5,0
2024-25,Andhra Pradesh,Alluri Sitharama Raju,Chintoor,Pega,0,7,7,10,3,1,5,3,6,14,0,6,0,8,0,0,14,0,14,14,0,12,2,14,0,2,12,14,0
2024-25,Andhra Pradesh,Alluri Sitharama Raju,Chintoor,Boddugudem,0,3,3,5,0,1,2,1,3,6,0,4,1,1,1,0,5,0,6,6,0,6,0,6,0,2,4,6,0
2024-25,Andhra Pradesh,Alluri Sitharama Raju,Chintoor,Tatilanka,0,1,2,2,0,1,1,2,0,3,0,0,0,3,0,0,3,0,3,3,0,3,0,3,0,3,0,3,0
2024-25,Andhra Pradesh,Alluri Sitharama Raju,Chintoor,Yedugurallapalle,0,0,5,3,1,1,3,0,2,5,0,3,0,2,0,0,5,0,5,5,0,4,1,5,0,0,5,5,0
2024-25,Andhra Pradesh,Alluri Sitharama Raju,Chintoor,Irkampeta,0,0,4,4,0,0,1,0,3,4,0,2,0,2,0,0,4,0,4,4,0,4,0,4,0,0,4,4,0
2024-25,Andhra Pradesh,Alluri Sitharama Raju,Chintoor,Katukapalle,0,2,4,5,0,1,1,2,3,6,0,2,1,3,0,0,6,0,6,6,0,6,0,6,0,4,2,6,0
2024-25,Andhra Pradesh,Alluri Sitharama Raju,Chintoor,Alligudem,0,1,2,3,0,0,0,0,3,3,0,0,1,2,0,0,3,0,3,3,0,0,3,3,0,1,2,3,0
2024-25,Andhra Pradesh,Alluri Sitharama Raju,Chintoor,Narakonda,0,1,6,6,1,0,0,2,5,7,0,2,0,5,0,0,7,0,7,7,0,7,0,7,0,4,3,7,0
2024-25,Andhra Pradesh,Alluri Sitharama Raju,Chintoor,Narsingapeta,0,0,3,3,0,0,1,0,2,3,0,2,0,1,0,0,3,0,3,3,0,3,0,3,0,2,1,3,0
2024-25,Andhra Pradesh,Alluri Sitharama Raju,Chintoor,Chadalavada,0,3,2,5,0,0,4,0,1,5,0,2,0,3,0,0,5,0,5,5,0,2,3,5,0,5,0,5,0
2024-25,Andhra Pradesh,Alluri Sitharama Raju,Chintoor,Gamallakota,0,3,2,4,0,1,0,2,3,5,0,2,0,3,0,0,5,0,5,5,0,5,0,5,0,3,2,5,0
2024-25,Andhra Pradesh,Alluri Sitharama Raju,Chintoor,Chowluru,0,0,1,1,0,0,0,0,1,1,0,1,0,0,0,0,1,0,1,1,0,1,0,1,0,0,1,1,0
2024-25,Andhra Pradesh,Alluri Sitharama Raju,Chintoor,Mothugudem,0,15,17,26,4,2,9,7,16,32,0,14,1,17,0,0,32,0,32,32,0,30,2,32,0,11,21,32,0
2024-25,Andhra Pradesh,Alluri Sitharama Raju,Chintoor,Vemulrai,0,0,3,2,0,1,2,0,1,3,0,3,0,0,0,0,3,0,3,3,0,3,0,3,0,0,3,3,0
2024-25,Andhra Pradesh,Alluri Sitharama Raju,Chintoor,Guduru,0,4,1,4,0,1,2,0,3,4,1,3,1,1,0,0,5,0,5,5,0,4,1,5,0,1,4,5,0
2024-25,Andhra Pradesh,Alluri Sitharama Raju,Chintoor,Surannagandi,0,2,6,8,0,0,2,2,4,8,0,4,1,3,0,0,8,0,8,8,0,8,0,8,0,4,4,8,0
2024-25,Andhra Pradesh,Alluri Sitharama Raju,Chintoor,Madugur,0,5,4,5,1,3,3,1,5,9,0,4,0,5,0,0,9,0,9,9,0,8,1,9,0,3,6,9,0
2024-25,Andhra Pradesh,Alluri Sitharama Raju,Chintoor,Kalleru,0,2,2,4,0,0,1,0,3,4,0,2,1,1,0,0,4,0,4,4,0,4,0,4,0,2,2,4,0
2024-25,Andhra Pradesh,Alluri Sitharama Raju,Chintoor,Kuyuguru,0,3,2,5,0,0,3,0,2,5,0,4,0,1,0,0,5,0,5,5,0,4,1,5,0,1,4,5,0
2024-25,Andhra Pradesh,Alluri Sitharama Raju,Chintoor,Ratnapuram,0,5,0,5,0,0,2,1,2,5,0,2,0,3,0,0,5,0,5,5,0,5,0,5,0,1,4,5,0
2024-25,Andhra Pradesh,Alluri Sitharama Raju,Chintoor,Pothanapalle,0,2,5,6,1,0,1,2,4,7,0,1,0,6,0,0,7,0,7,7,0,7,0,7,0,4,3,7,0
2024-25,Andhra Pradesh,Alluri Sitharama Raju,Chintoor,Chintur,0,3,2,4,0,1,2,0,3,5,0,1,0,4,0,0,5,0,5,5,0,3,2,5,0,5,0,5,0
2024-25,Andhra Pradesh,Alluri Sitharama Raju,Chintoor,Kannayagudem,0,2,1,0,3,0,1,0,2,3,0,1,0,2,0,0,3,0,3,3,0,3,0,3,0,0,3,3,0
2024-25,Andhra Pradesh,Alluri Sitharama Raju,Chintoor,Vegithota,0,7,4,7,0,4,6,0,5,11,0,7,0,4,0,0,11,0,11,11,0,11,0,11,0,0,11,11,0
2024-25,Andhra Pradesh,Alluri Sitharama Raju,Chintoor,Chinna Seethannapalle,0,1,2,3,0,0,0,0,3,3,0,1,1,1,0,0,3,0,3,3,0,3,0,3,0,2,1,3,0
2024-25,Andhra Pradesh,Alluri Sitharama Raju,Chintoor,Ramannapalem,0,2,2,3,0,1,1,2,1,4,0,1,0,3,0,0,4,0,4,4,0,4,0,4,0,3,1,4,0
2024-25,Andhra Pradesh,Alluri Sitharama Raju,Chintoor,Thummargudem,0,3,0,3,0,0,1,1,1,3,0,2,0,1,0,0,3,0,3,3,0,3,0,3,0,0,3,3,0
2024-25,Andhra Pradesh,Alluri Sitharama Raju,Chintoor,Agraharapu Koderu,0,8,2,6,2,2,0,2,8,10,0,0,4,6,0,0,10,0,10,10,0,0,10,10,0,0,10,10,0
2024-25,Andhra Pradesh,Alluri Sitharama Raju,Chintoor,Ulumuru,0,3,6,9,0,0,1,3,5,9,0,5,0,4,0,0,9,0,9,9,0,8,1,9,0,3,6,9,0
2024-25,Andhra Pradesh,Alluri Sitharama Raju,Chintoor,Kummuru,0,14,16,24,3,3,11,3,16,30,0,7,0,23,0,0,30,0,30,30,0,28,2,30,0,24,6,30,0
2024-25,Andhra Pradesh,Alluri Sitharama Raju,Chintoor,Chatti,0,13,11,18,3,3,9,4,11,24,0,7,3,14,0,0,24,0,24,24,0,14,10,24,0,12,12,24,0
2024-25,Andhra Pradesh,Alluri Sitharama Raju,Chintoor,Palagudem,0,5,10,13,1,1,3,5,7,15,0,5,1,9,0,0,15,0,15,15,0,15,0,15,0,8,7,15,0
2024-25,Andhra Pradesh,Alluri Sitharama Raju,Chintoor,Narayanapuram,0,5,0,3,2,0,1,2,2,5,0,1,0,4,0,0,5,0,5,5,0,5,0,5,0,1,4,5,0
2024-25,Andhra Pradesh,Alluri Sitharama Raju,Chintoor,Venkatrampuram,0,2,3,2,2,1,2,0,3,5,0,3,0,2,0,0,5,0,5,5,0,5,0,5,0,0,5,5,0
2024-25,Andhra Pradesh,Alluri Sitharama Raju,Chintoor,Sarivela,0,1,4,4,0,1,1,0,4,5,0,3,0,2,0,0,5,0,5,5,0,5,0,5,0,1,4,5,0
2024-25,Andhra Pradesh,Alluri Sitharama Raju,Chintoor,Lachigudem,0,3,2,3,0,2,3,1,1,5,0,1,0,4,0,0,5,0,5,5,0,5,0,5,0,3,2,5,0
2024-25,Andhra Pradesh,Alluri Sitharama Raju,Chintoor,Venkagudem,0,0,1,1,0,0,0,1,0,1,0,0,0,1,0,0,1,0,1,1,0,1,0,1,0,1,0,1,0
2024-25,Andhra Pradesh,Alluri Sitharama Raju,Chintoor,Maddigudem,0,1,1,1,0,1,1,1,0,2,0,0,0,2,0,0,2,0,2,2,0,2,0,2,0,2,0,2,0
2024-25,Andhra Pradesh,Alluri Sitharama Raju,Chintoor,Uppanapalle,0,0,2,1,0,1,0,0,2,2,0,0,0,2,0,0,2,0,2,2,0,1,1,2,0,0,2,2,0
2024-25,Andhra Pradesh,Alluri Sitharama Raju,Chintoor,Balimela,0,1,1,2,0,0,0,0,2,2,0,0,1,1,0,0,2,0,2,2,0,0,2,2,0,2,0,2,0
2024-25,Andhra Pradesh,Alluri Sitharama Raju,Chintoor,Dongala Jaggaram,0,2,3,5,0,0,2,0,3,5,0,3,1,1,0,0,5,0,5,5,0,5,0,5,0,2,3,5,0
2024-25,Andhra Pradesh,Alluri Sitharama Raju,Devipatnam,Indukuru,0,37,27,49,6,9,3,43,18,64,0,35,0,29,2,0,62,0,64,60,4,0,64,61,3,0,64,51,13
2024-25,Andhra Pradesh,Alluri Sitharama Raju,Devipatnam,Anguluru,0,0,6,4,1,1,0,3,3,6,0,0,0,6,0,0,6,0,6,6,0,0,6,6,0,0,6,3,3
2024-25,Andhra Pradesh,Alluri Sitharama Raju,Devipatnam,Ravilanka,0,4,10,11,0,3,0,4,10,14,0,8,0,6,0,0,14,0,14,13,1,0,14,14,0,0,14,14,0
2024-25,Andhra Pradesh,Alluri Sitharama Raju,Devipatnam,Nelakota,0,6,32,31,4,3,3,11,24,38,0,5,0,33,7,0,31,0,38,34,4,0,38,28,10,0,38,31,7
2024-25,Andhra Pradesh,Alluri Sitharama Raju,Devipatnam,Nereduvalasa,0,0,3,3,0,0,0,0,3,3,0,0,0,3,0,0,3,0,3,3,0,0,3,3,0,0,3,2,1
2024-25,Andhra Pradesh,Alluri Sitharama Raju,Devipatnam,Choppakonda,0,0,2,1,0,1,0,2,0,2,0,2,0,0,0,0,2,0,2,2,0,0,2,2,0,0,2,0,2
2024-25,Andhra Pradesh,Alluri Sitharama Raju,Devipatnam,Pedduru,0,11,8,17,0,2,0,6,13,19,0,14,0,5,0,0,19,0,19,19,0,1,18,19,0,0,19,17,2
2024-25,Andhra Pradesh,Alluri Sitharama Raju,Devipatnam,Lakshmipuram,0,1,6,4,0,3,0,1,6,7,0,0,0,7,1,0,6,0,7,7,0,0,7,3,4,0,7,5,2
2024-25,Andhra Pradesh,Alluri Sitharama Raju,Devipatnam,Damanapalle,0,0,1,1,0,0,0,1,0,1,0,1,0,0,0,0,1,0,1,1,0,0,1,1,0,0,1,0,1
2024-25,Andhra Pradesh,Alluri Sitharama Raju,Devipatnam,Thatiwada,0,5,5,9,0,1,2,3,5,10,0,0,0,10,0,0,10,0,10,10,0,0,10,10,0,0,10,10,0
2024-25,Andhra Pradesh,Alluri Sitharama Raju,Devipatnam,Paluru,0,0,7,7,0,0,0,2,5,7,0,0,0,7,0,0,7,0,7,7,0,0,7,5,2,0,7,6,1
2024-25,Andhra Pradesh,Alluri Sitharama Raju,Devipatnam,Pamugandi,0,8,15,17,1,5,0,10,13,23,0,6,0,17,2,0,21,0,23,23,0,0,23,22,1,1,22,18,5
2024-25,Andhra Pradesh,Alluri Sitharama Raju,Devipatnam,Lothupalem,0,0,6,6,0,0,1,0,5,6,0,0,0,6,1,0,5,0,6,5,1,0,6,6,0,0,6,4,2
2024-25,Andhra Pradesh,Alluri Sitharama Raju,Devipatnam,Indukurupeta,0,8,53,36,4,21,16,10,35,61,0,33,0,28,4,0,57,0,61,61,0,1,60,56,5,0,61,56,5
2024-25,Andhra Pradesh,Alluri Sitharama Raju,Devipatnam,Velagapalle,0,1,1,1,0,1,0,0,2,2,0,0,0,2,0,0,2,0,2,2,0,0,2,2,0,0,2,2,0
2024-25,Andhra Pradesh,Alluri Sitharama Raju,Devipatnam,Sarabhavaram,0,34,34,63,0,5,0,41,27,68,0,9,0,59,0,0,68,0,68,67,1,0,68,66,2,0,68,42,26
2024-25,Andhra Pradesh,Alluri Sitharama Raju,Devipatnam,V. Ramannapalem,0,1,1,1,0,1,0,0,2,2,0,0,0,2,0,0,2,0,2,2,0,0,2,2,0,0,2,2,0
2024-25,Andhra Pradesh,Alluri Sitharama Raju,Devipatnam,Rayavaram,0,2,12,14,0,0,0,9,5,14,0,8,0,6,0,0,14,0,14,14,0,0,14,3,11,0,14,7,7
2024-25,Andhra Pradesh,Alluri Sitharama Raju,Devipatnam,Devipatnam,0,0,4,3,0,1,0,4,0,4,0,3,0,1,0,0,4,0,4,3,1,0,4,3,1,0,4,1,3
2024-25,Andhra Pradesh,Alluri Sitharama Raju,Devipatnam,Kudakarayi,0,0,6,3,0,3,4,0,2,6,0,3,0,3,0,0,6,0,6,6,0,0,6,4,2,0,6,6,0
2024-25,Andhra Pradesh,Alluri Sitharama Raju,Devipatnam,Maddirathigudem,0,1,19,17,1,2,3,3,14,20,0,11,0,9,4,0,16,0,20,17,3,0,20,14,6,0,20,16,4
2024-25,Andhra Pradesh,Alluri Sitharama Raju,Devipatnam,Yerrametla,0,0,3,2,0,1,0,1,2,3,0,0,0,3,0,0,3,0,3,3,0,0,3,2,1,0,3,2,1
2024-25,Andhra Pradesh,Alluri Sitharama Raju,Dumbriguda,Pedapadu,0,0,3,2,0,1,2,1,0,2,1,2,0,1,0,0,3,0,3,3,0,3,0,3,0,0,3,3,0
2024-25,Andhra Pradesh,Alluri Sitharama Raju,Dumbriguda,Pothangi,0,8,6,9,2,3,5,1,8,10,4,2,2,10,0,0,14,0,13,13,1,13,1,14,0,1,13,14,0
2024-25,Andhra Pradesh,Alluri Sitharama Raju,Dumbriguda,Billaputtu,0,3,6,2,5,2,2,3,4,7,2,3,1,5,0,0,9,0,9,7,2,9,0,9,0,2,7,9,0
2024-25,Andhra Pradesh,Alluri Sitharama Raju,Dumbriguda,Dumbriguda,0,0,3,2,1,0,0,2,1,2,1,1,0,2,0,0,3,0,3,3,0,3,0,3,0,0,3,3,0
2024-25,Andhra Pradesh,Alluri Sitharama Raju,Dumbriguda,Arama,1,1,1,2,0,1,0,3,0,1,2,0,0,3,0,0,3,0,3,3,0,3,0,3,0,0,3,2,1
2024-25,Andhra Pradesh,Alluri Sitharama Raju,Dumbriguda,Kinchumanda,5,7,19,13,6,12,0,25,6,22,9,19,4,8,0,1,30,0,31,25,6,7,24,30,1,19,12,27,4
2024-25,Andhra Pradesh,Alluri Sitharama Raju,Dumbriguda,Seelamgondi,0,0,1,1,0,0,0,1,0,1,0,0,0,1,0,0,1,0,1,1,0,1,0,1,0,0,1,1,0
2024-25,Andhra Pradesh,Alluri Sitharama Raju,Dumbriguda,Kithalangi,3,5,20,21,2,5,0,15,13,22,6,27,0,0,0,0,23,0,23,28,0,28,0,27,1,1,27,28,0
2024-25,Andhra Pradesh,Alluri Sitharama Raju,Dumbriguda,Kusumavalasa,1,1,4,1,5,0,0,6,0,4,2,4,0,2,0,0,6,0,6,6,0,0,6,6,0,6,0,6,0
2024-25,Andhra Pradesh,Alluri Sitharama Raju,Dumbriguda,Thutangi,2,2,14,5,8,5,1,8,9,16,2,8,1,9,0,1,17,0,18,18,0,17,1,18,0,2,16,13,5
2024-25,Andhra Pradesh,Alluri Sitharama Raju,Dumbriguda,Lakka,0,1,0,0,1,0,0,1,0,1,0,1,0,0,0,0,1,0,1,0,1,1,0,1,0,1,0,1,0
2024-25,Andhra Pradesh,Alluri Sitharama Raju,Dumbriguda,Kuridi,5,6,17,11,8,9,0,24,4,23,5,20,1,7,0,0,28,0,28,28,0,27,1,28,0,3,25,26,2
2024-25,Andhra Pradesh,Alluri Sitharama Raju,Dumbriguda,Chelimarivalasa,0,1,2,2,1,0,0,1,2,3,0,0,0,3,0,0,2,0,2,3,0,3,0,3,0,0,2,3,0
2024-25,Andhra Pradesh,Alluri Sitharama Raju,Dumbriguda,Paridi,1,0,0,0,0,1,0,1,0,1,0,1,0,0,0,0,1,0,1,1,0,1,0,1,0,0,1,1,0
2024-25,Andhra Pradesh,Alluri Sitharama Raju,Dumbriguda,Guntaseema,0,1,6,3,2,2,0,7,0,6,1,3,0,4,0,0,7,0,7,7,0,7,0,7,0,1,6,7,0
2024-25,Andhra Pradesh,Alluri Sitharama Raju,Dumbriguda,Badiyapadu,1,2,6,5,2,2,0,8,1,6,3,9,0,0,0,0,6,0,9,9,0,9,0,9,0,1,8,9,0
2024-25,Andhra Pradesh,Alluri Sitharama Raju,Dumbriguda,Lyganda,4,0,5,5,4,0,1,2,6,5,4,1,1,7,0,0,9,0,9,8,1,7,2,9,0,2,7,9,0
2024-25,Andhra Pradesh,Alluri Sitharama Raju,Dumbriguda,Musiri,3,3,6,2,6,4,0,12,0,8,4,2,1,9,0,1,10,0,12,12,0,12,0,12,0,0,12,12,0
2024-25,Andhra Pradesh,Alluri Sitharama Raju,Dumbriguda,Bodimela,2,1,10,3,6,4,0,13,0,10,3,6,0,7,0,0,13,0,13,13,0,13,0,13,0,0,13,10,3
2024-25,Andhra Pradesh,Alluri Sitharama Raju,Dumbriguda,Rangilisingi,0,2,5,2,4,1,0,6,1,4,3,5,0,2,0,0,5,0,7,6,1,7,0,7,0,1,6,6,1
2024-25,Andhra Pradesh,Alluri Sitharama Raju,Dumbriguda,Kinjeru,1,7,7,4,7,4,2,13,0,11,4,3,1,10,0,1,11,0,12,15,0,15,0,14,1,1,14,14,1
2024-25,Andhra Pradesh,Alluri Sitharama Raju,Dumbriguda,Vasabanda,3,0,5,4,3,1,0,8,0,5,3,7,0,1,0,0,8,0,8,8,0,8,0,8,0,0,8,8,0
2024-25,Andhra Pradesh,Alluri Sitharama Raju,Dumbriguda,Sovva,1,1,4,1,5,0,0,6,0,4,2,4,0,2,0,0,6,0,6,6,0,6,0,6,0,0,6,6,0
2024-25,Andhra Pradesh,Alluri Sitharama Raju,Dumbriguda,Goppilivalasa,0,1,12,9,2,2,0,11,2,6,7,13,0,0,0,0,12,0,13,11,2,13,0,13,0,0,13,12,1
2024-25,Andhra Pradesh,Alluri Sitharama Raju,Dumbriguda,Araku,5,6,19,14,4,12,0,29,1,23,7,13,1,16,0,0,28,0,28,27,3,30,0,30,0,1,29,29,1
2024-25,Andhra Pradesh,Alluri Sitharama Raju,Dumbriguda,Logili,3,0,4,3,2,2,2,0,5,5,2,2,0,5,0,0,7,0,7,7,0,7,0,7,0,1,6,7,0
2024-25,Andhra Pradesh,Alluri Sitharama Raju,Dumbriguda,Sagara,3,4,13,11,5,4,0,20,0,16,4,20,0,0,0,1,17,0,19,20,0,20,0,20,0,0,20,20,0
2024-25,Andhra Pradesh,Alluri Sitharama Raju,Dumbriguda,Vadiyavalasa @ Vaddevalasa,1,0,1,1,0,1,0,2,0,1,1,2,0,0,0,0,2,0,2,1,1,2,0,2,0,0,2,1,0
2024-25,Andhra Pradesh,Alluri Sitharama Raju,Dumbriguda,Kuda,0,2,1,2,0,1,0,0,3,1,2,1,0,2,0,0,3,0,3,3,0,3,0,3,0,0,3,3,0
2024-25,Andhra Pradesh,Alluri Sitharama Raju,Dumbriguda,Gasaba,2,10,7,13,1,5,4,1,14,14,5,5,0,14,0,1,18,0,19,18,0,19,0,19,0,1,18,19,0
2024-25,Andhra Pradesh,Alluri Sitharama Raju,Dumbriguda,Korra,3,4,21,8,12,8,2,20,6,27,1,12,2,12,0,1,21,0,23,28,0,28,0,28,0,1,27,28,0
2024-25,Andhra Pradesh,Alluri Sitharama Raju,Dumbriguda,Guntagannela,3,5,13,15,3,3,1,16,4,16,5,20,0,1,0,1,16,0,20,21,0,21,0,21,0,0,21,21,0
2024-25,Andhra Pradesh,Alluri Sitharama Raju,G.Madugula,Chilakala Mamidi,0,4,3,6,0,1,5,0,2,7,0,2,2,3,0,0,7,0,7,5,2,5,2,7,0,3,4,5,2
2024-25,Andhra Pradesh,Alluri Sitharama Raju,G.Madugula,Kuddangi,0,5,1,5,0,1,6,0,0,5,1,1,4,1,0,0,6,0,6,4,2,5,1,6,0,4,2,5,1
2024-25,Andhra Pradesh,Alluri Sitharama Raju,G.Madugula,G.M.Kothuru,0,3,4,6,1,0,7,0,0,6,1,0,4,3,0,0,7,0,7,6,1,7,0,7,0,5,2,7,0
2024-25,Andhra Pradesh,Alluri Sitharama Raju,G.Madugula,P.G.Madugula,0,5,2,7,0,0,3,0,4,6,1,4,3,0,0,0,7,0,7,6,1,6,1,7,0,6,1,7,0
2024-25,Andhra Pradesh,Alluri Sitharama Raju,G.Madugula,Maddulabanda,1,5,5,11,0,0,10,0,1,9,2,2,6,3,0,0,11,0,11,6,5,6,5,11,0,9,2,9,2
2024-25,Andhra Pradesh,Alluri Sitharama Raju,G.Madugula,Luvvapalle,0,2,4,5,0,1,6,0,0,5,1,3,3,0,0,0,6,0,6,5,1,5,1,6,0,5,1,5,1
2024-25,Andhra Pradesh,Alluri Sitharama Raju,G.Madugula,Kinagari,0,3,1,4,0,0,2,0,2,4,0,2,2,0,0,0,4,0,4,2,2,2,2,4,0,2,2,3,1
2024-25,Andhra Pradesh,Alluri Sitharama Raju,G.Madugula,Gedalabanda,0,4,2,4,0,2,5,0,1,6,0,0,3,3,0,0,6,0,6,1,5,2,4,6,0,4,2,5,1
2024-25,Andhra Pradesh,Alluri Sitharama Raju,G.Madugula,Thoka Rai,0,2,3,5,0,0,3,0,2,5,0,2,2,1,0,0,5,0,5,3,2,4,1,5,0,4,1,5,0
2024-25,Andhra Pradesh,Alluri Sitharama Raju,G.Madugula,Devarapalle,0,10,4,12,1,1,13,0,1,13,1,3,6,5,0,0,13,0,14,4,10,8,6,14,0,9,5,12,2
2024-25,Andhra Pradesh,Alluri Sitharama Raju,G.Madugula,Gannelba,0,2,1,3,0,0,3,0,0,3,0,0,1,2,0,0,3,0,3,2,1,2,1,3,0,2,1,2,1
2024-25,Andhra Pradesh,Alluri Sitharama Raju,G.Madugula,Palakonda,0,5,2,6,0,1,6,0,1,7,0,0,1,6,0,0,6,0,7,4,3,2,5,7,0,4,3,7,0
2024-25,Andhra Pradesh,Alluri Sitharama Raju,G.Madugula,Korapalle,0,1,0,1,0,0,0,0,1,1,0,0,0,1,0,0,1,0,1,1,0,1,0,1,0,1,0,1,0
2024-25,Andhra Pradesh,Alluri Sitharama Raju,G.Madugula,Thaggimetta,0,7,8,14,1,0,14,0,1,15,0,4,4,7,0,0,15,0,15,10,5,10,5,15,0,11,4,12,3
2024-25,Andhra Pradesh,Alluri Sitharama Raju,G.Madugula,Chittamputtu,0,7,2,6,1,2,8,0,1,8,1,0,4,5,0,0,9,0,9,5,4,7,2,9,0,7,2,8,1
2024-25,Andhra Pradesh,Alluri Sitharama Raju,G.Madugula,Peda Luvvasingi,0,2,1,3,0,0,3,0,0,3,0,0,2,1,0,0,3,0,3,0,3,2,1,3,0,1,2,2,1
2024-25,Andhra Pradesh,Alluri Sitharama Raju,G.Madugula,Nurmathi,1,10,5,14,0,2,16,0,0,16,0,1,6,9,0,0,16,0,16,8,8,6,10,16,0,11,5,15,1
2024-25,Andhra Pradesh,Alluri Sitharama Raju,G.Madugula,Yerragoppu,1,5,2,8,0,0,8,0,0,8,0,1,4,3,0,0,8,0,8,3,5,0,8,8,0,5,3,7,1
2024-25,Andhra Pradesh,Alluri Sitharama Raju,G.Madugula,Dippalagondi,0,4,1,5,0,0,4,0,1,5,0,1,1,3,0,0,5,0,5,3,2,4,1,5,0,2,3,5,0
2024-25,Andhra Pradesh,Alluri Sitharama Raju,G.Madugula,Digarapalle,0,3,0,3,0,0,3,0,0,3,0,0,3,0,0,0,3,0,3,2,1,0,3,3,0,2,1,3,0
2024-25,Andhra Pradesh,Alluri Sitharama Raju,G.Madugula,Panasapalle,0,3,0,3,0,0,2,0,1,3,0,1,1,1,0,0,3,0,3,1,2,2,1,3,0,1,2,3,0
2024-25,Andhra Pradesh,Alluri Sitharama Raju,G.Madugula,Boithela @ Bonkatili,0,7,1,8,0,0,5,0,3,6,2,1,3,4,0,0,8,0,8,4,4,5,3,8,0,6,2,8,0
2024-25,Andhra Pradesh,Alluri Sitharama Raju,G.Madugula,Jeelugulagoyya,0,2,2,4,0,0,4,0,0,4,0,1,2,1,0,0,4,0,4,3,1,4,0,4,0,3,1,4,0
2024-25,Andhra Pradesh,Alluri Sitharama Raju,G.Madugula,Busipalle,0,3,5,7,0,1,8,0,0,8,0,1,4,3,0,0,8,0,8,3,5,6,2,8,0,5,3,6,2
2024-25,Andhra Pradesh,Alluri Sitharama Raju,G.Madugula,Kuridilu,0,2,1,3,0,0,3,0,0,3,0,1,1,1,0,0,3,0,3,1,2,0,3,3,0,3,0,3,0
2024-25,Andhra Pradesh,Alluri Sitharama Raju,G.Madugula,Mahadevapuram,0,4,2,5,0,1,6,0,0,6,0,0,4,2,0,0,6,0,6,4,2,5,1,6,0,5,1,6,0
2024-25,Andhra Pradesh,Alluri Sitharama Raju,G.Madugula,Peddalochale,2,5,2,9,0,0,6,0,3,9,0,2,3,4,0,0,9,0,9,4,5,3,6,9,0,8,1,8,1
2024-25,Andhra Pradesh,Alluri Sitharama Raju,G.Madugula,Gonduru@ Y.B.Gonduru,0,12,5,14,1,2,17,0,0,16,1,5,7,5,0,0,17,0,17,4,13,13,4,17,0,7,10,14,3
2024-25,Andhra Pradesh,Alluri Sitharama Raju,G.Madugula,Kuneti,0,5,0,5,0,0,5,0,0,5,0,0,4,1,0,0,5,0,5,4,1,5,0,5,0,4,1,4,1
2024-25,Andhra Pradesh,Alluri Sitharama Raju,G.Madugula,Sampangi Puttu,0,2,5,7,0,0,6,0,1,7,0,1,2,4,0,0,7,0,7,2,5,5,2,7,0,5,2,6,1
2024-25,Andhra Pradesh,Alluri Sitharama Raju,G.Madugula,Ramachandrapalem,0,2,1,3,0,0,3,0,0,3,0,1,1,1,0,0,3,0,3,2,1,3,0,3,0,1,2,2,1
2024-25,Andhra Pradesh,Alluri Sitharama Raju,G.Madugula,G.Kothuru,0,5,3,8,0,0,7,0,1,8,0,0,4,4,0,0,8,0,8,2,6,4,4,8,0,5,3,7,1
2024-25,Andhra Pradesh,Alluri Sitharama Raju,G.Madugula,Boddagondi,0,9,5,10,0,4,8,0,6,14,0,2,5,7,0,0,14,0,14,6,8,7,7,14,0,11,3,12,2
2024-25,Andhra Pradesh,Alluri Sitharama Raju,G.Madugula,K.G.Madugula,0,10,3,12,0,1,11,0,2,12,1,3,7,3,0,0,13,0,13,10,3,11,2,13,0,7,6,13,0
2024-25,Andhra Pradesh,Alluri Sitharama Raju,G.Madugula,Kimudupalle,0,3,1,4,0,0,2,0,2,4,0,1,3,0,0,0,4,0,4,3,1,1,3,4,0,3,1,4,0
2024-25,Andhra Pradesh,Alluri Sitharama Raju,G.Madugula,Balijipeta,0,2,2,4,0,0,3,0,1,4,0,0,2,2,0,0,4,0,4,1,3,3,1,4,0,3,1,4,0
2024-25,Andhra Pradesh,Alluri Sitharama Raju,G.Madugula,Goyyigunta,0,3,3,4,1,1,6,0,0,6,0,0,5,1,0,0,5,0,6,3,3,3,3,6,0,4,2,4,2
2024-25,Andhra Pradesh,Alluri Sitharama Raju,G.Madugula,Borramamidi,0,1,2,3,0,0,3,0,0,2,1,0,2,1,0,0,3,0,3,3,0,3,0,3,0,3,0,2,1
2024-25,Andhra Pradesh,Alluri Sitharama Raju,G.Madugula,Madhuramamidi,0,2,2,4,0,0,4,0,0,4,0,0,0,4,0,0,4,0,4,3,1,4,0,4,0,4,0,4,0
2024-25,Andhra Pradesh,Alluri Sitharama Raju,G.Madugula,Kitumulu,0,8,8,15,0,1,12,0,4,15,1,2,8,6,0,0,16,0,16,10,6,12,4,16,0,10,6,14,2
2024-25,Andhra Pradesh,Alluri Sitharama Raju,G.Madugula,Vanchebu,0,8,0,8,0,0,8,0,0,7,1,0,5,3,0,0,8,0,8,8,0,5,3,8,0,6,2,8,0
2024-25,Andhra Pradesh,Alluri Sitharama Raju,G.Madugula,Sanguloya,0,13,5,17,0,1,17,0,1,16,2,4,6,8,0,0,18,0,18,14,4,14,4,18,0,8,10,17,1
2024-25,Andhra Pradesh,Alluri Sitharama Raju,G.Madugula,Vayyampalle,0,0,1,1,0,0,1,0,0,1,0,0,0,1,0,0,1,0,1,0,1,1,0,1,0,0,1,1,0
2024-25,Andhra Pradesh,Alluri Sitharama Raju,G.Madugula,Mosaidipanuku Kothuru,0,1,0,1,0,0,1,0,0,1,0,1,0,0,0,0,1,0,1,1,0,0,1,1,0,1,0,1,0
2024-25,Andhra Pradesh,Alluri Sitharama Raju,G.Madugula,Vakapalle,0,10,5,11,3,1,12,0,3,15,0,5,6,4,0,0,15,0,15,8,7,8,7,15,0,11,4,14,1
2024-25,Andhra Pradesh,Alluri Sitharama Raju,G.Madugula,Gadigunta,0,2,3,5,0,0,2,0,3,5,0,2,1,2,0,0,5,0,5,3,2,2,3,5,0,4,1,4,1
2024-25,Andhra Pradesh,Alluri Sitharama Raju,G.Madugula,Vandrangula,0,1,0,1,0,0,1,0,0,0,1,0,0,1,0,0,1,0,1,1,0,1,0,1,0,0,1,1,0
2024-25,Andhra Pradesh,Alluri Sitharama Raju,G.Madugula,Pinajageeru,0,4,2,6,0,0,3,0,3,5,1,1,2,3,0,0,6,0,6,3,3,4,2,6,0,5,1,6,0
2024-25,Andhra Pradesh,Alluri Sitharama Raju,G.Madugula,Peddagaruvu,1,0,1,2,0,0,2,0,0,2,0,0,2,0,0,0,2,0,2,1,1,0,2,2,0,2,0,2,0
2024-25,Andhra Pradesh,Alluri Sitharama Raju,G.Madugula,Jamulaveedhi,0,3,1,4,0,0,3,1,0,4,0,0,1,3,0,0,4,0,4,2,2,1,3,4,0,1,3,4,0
2024-25,Andhra Pradesh,Alluri Sitharama Raju,G.Madugula,Surimetta,1,4,1,6,0,0,6,0,0,6,0,0,3,3,0,0,6,0,6,2,4,1,5,6,0,3,3,6,0
2024-25,Andhra Pradesh,Alluri Sitharama Raju,G.Madugula,Kappalu,0,3,1,4,0,0,2,0,2,4,0,1,2,1,0,0,4,0,4,3,1,3,1,4,0,2,2,4,0
2024-25,Andhra Pradesh,Alluri Sitharama Raju,Gangavaram,Pandrapottipalem,4,0,4,0,6,2,0,7,1,8,0,6,0,2,0,1,6,0,8,7,1,4,4,7,1,4,4,8,0
2024-25,Andhra Pradesh,Alluri Sitharama Raju,Gangavaram,Barrimamidi,0,0,6,3,0,3,0,6,0,4,2,5,0,1,0,0,6,2,4,6,0,3,3,3,3,1,5,6,0
2024-25,Andhra Pradesh,Alluri Sitharama Raju,Gangavaram,Rajupetaloddi,0,0,17,5,8,4,0,15,2,16,1,2,2,13,0,0,16,0,17,17,0,2,15,15,2,0,17,17,0
2024-25,Andhra Pradesh,Alluri Sitharama Raju,Gangavaram,B.Sivaramapatnam,2,0,9,6,2,3,0,4,7,11,0,1,0,10,0,0,9,0,10,12,0,0,12,12,0,0,11,12,0
2024-25,Andhra Pradesh,Alluri Sitharama Raju,Gangavaram,Ojubanda,6,0,2,4,0,4,0,2,6,8,0,1,0,7,0,0,7,1,7,7,1,8,0,8,0,1,7,8,0
2024-25,Andhra Pradesh,Alluri Sitharama Raju,Gangavaram,Pothandorapalem,3,0,0,0,1,2,0,1,2,3,0,0,0,3,0,0,3,0,3,3,0,2,1,2,1,0,3,3,0
2024-25,Andhra Pradesh,Alluri Sitharama Raju,Gangavaram,Karakapadu,1,0,1,1,1,0,0,1,1,2,0,0,0,2,0,0,2,0,2,2,0,1,1,2,0,0,2,2,0
2024-25,Andhra Pradesh,Alluri Sitharama Raju,Gangavaram,Kusumarai,1,0,8,9,0,0,0,9,0,9,0,2,5,2,0,0,7,0,9,9,0,3,6,6,3,6,3,9,0
2024-25,Andhra Pradesh,Alluri Sitharama Raju,Gangavaram,Marripalem,1,0,8,0,8,1,0,6,3,9,0,0,0,9,0,0,9,0,9,9,0,0,9,7,2,0,9,9,0
2024-25,Andhra Pradesh,Alluri Sitharama Raju,Gangavaram,Amudalabanda,0,0,4,2,2,0,0,4,0,4,0,0,0,4,0,0,4,0,4,4,0,1,3,4,0,4,0,4,0
2024-25,Andhra Pradesh,Alluri Sitharama Raju,Gangavaram,Kothada,0,6,13,7,10,3,0,17,3,20,0,2,1,16,0,1,14,0,18,17,3,5,15,19,1,5,15,20,0
2024-25,Andhra Pradesh,Alluri Sitharama Raju,Gangavaram,Pidathamamidi,0,3,0,0,3,0,0,3,0,3,0,2,0,1,0,2,1,0,3,2,1,3,0,3,0,3,0,3,0
2024-25,Andhra Pradesh,Alluri Sitharama Raju,Gangavaram,Zaderu,17,0,4,10,6,5,0,21,0,18,3,8,5,8,0,0,19,0,20,21,0,18,3,20,1,14,7,18,3
2024-25,Andhra Pradesh,Alluri Sitharama Raju,Gangavaram,Doramamidi,5,0,3,1,6,1,0,6,2,8,0,8,0,0,0,0,8,1,7,8,0,1,7,8,0,2,6,8,0
2024-25,Andhra Pradesh,Alluri Sitharama Raju,Gangavaram,Padagarlapadu,8,0,1,0,8,1,2,4,3,9,0,4,1,4,0,0,7,0,9,8,1,5,4,9,0,4,5,9,0
2024-25,Andhra Pradesh,Alluri Sitharama Raju,Gangavaram,Goragommi,0,0,13,2,6,5,0,3,10,13,0,6,1,6,0,0,13,3,10,12,1,4,9,13,0,6,7,13,0
2024-25,Andhra Pradesh,Alluri Sitharama Raju,Gangavaram,Gangavaram,0,12,3,2,12,1,0,15,0,15,0,0,1,14,0,0,15,0,15,13,2,5,10,13,2,2,13,15,0
2024-25,Andhra Pradesh,Alluri Sitharama Raju,Gangavaram,Nuvvumamidi,1,0,5,3,1,2,0,5,1,6,0,0,0,6,0,0,6,0,6,6,0,4,2,6,0,1,5,6,0
2024-25,Andhra Pradesh,Alluri Sitharama Raju,Gangavaram,Rajampalem,0,0,13,3,6,4,0,11,2,10,3,0,3,10,1,0,11,0,12,8,5,0,13,13,0,4,9,13,0
2024-25,Andhra Pradesh,Alluri Sitharama Raju,Gangavaram,Pandraprolu,2,0,2,2,1,1,0,3,1,4,0,0,0,4,0,0,4,0,4,4,0,1,3,4,0,1,3,4,0
2024-25,Andhra Pradesh,Alluri Sitharama Raju,Gangavaram,Jaggampalem,4,0,4,5,1,2,0,8,0,8,0,1,0,7,0,0,8,0,8,7,1,8,0,8,0,2,6,8,0
2024-25,Andhra Pradesh,Alluri Sitharama Raju,Gangavaram,Rajavaram,4,0,10,4,6,4,0,0,14,11,3,3,0,9,0,0,12,0,12,10,4,13,1,14,0,0,14,14,0
2024-25,Andhra Pradesh,Alluri Sitharama Raju,Gangavaram,Patharamavaram,0,7,0,0,7,0,0,7,0,4,3,4,0,3,0,4,3,0,7,0,7,7,0,7,0,7,0,6,1
2024-25,Andhra Pradesh,Alluri Sitharama Raju,Gangavaram,Bayyanapalle,0,10,1,0,10,1,0,11,0,11,0,5,0,6,0,8,3,0,11,4,7,7,4,11,0,9,2,8,3
2024-25,Andhra Pradesh,Alluri Sitharama Raju,Gangavaram,Molleru,7,1,15,8,13,3,0,15,9,24,0,0,1,16,0,0,12,0,15,24,1,6,19,25,0,4,21,24,1
2024-25,Andhra Pradesh,Alluri Sitharama Raju,Gangavaram,Ummetha,0,13,1,1,14,0,0,15,0,4,11,10,0,5,0,5,10,0,15,7,8,15,0,15,0,15,0,15,0
2024-25,Andhra Pradesh,Alluri Sitharama Raju,Gangavaram,Donelapalle,0,0,3,1,2,0,0,0,3,3,0,0,0,3,0,0,3,0,3,3,0,0,3,3,0,0,3,3,0
2024-25,Andhra Pradesh,Alluri Sitharama Raju,Gangavaram,Nellipudi,18,3,17,7,18,13,30,7,1,34,4,23,0,15,0,0,38,0,38,36,2,32,6,35,3,8,30,35,3
2024-25,Andhra Pradesh,Alluri Sitharama Raju,Gangavaram,Vemulova,0,4,0,0,4,0,0,4,0,0,4,2,0,2,0,1,3,0,4,0,4,4,0,4,0,4,0,4,0
2024-25,Andhra Pradesh,Alluri Sitharama Raju,Gangavaram,Yellapuram,2,4,3,0,5,4,4,4,1,7,2,8,1,0,0,0,9,0,9,8,1,7,2,8,1,1,8,8,1
2024-25,Andhra Pradesh,Alluri Sitharama Raju,Gangavaram,Yendapalle,0,1,6,1,6,0,1,5,1,6,1,1,0,6,0,0,7,0,7,7,0,3,4,6,1,0,7,7,0
2024-25,Andhra Pradesh,Alluri Sitharama Raju,Gangavaram,Peda Addapalle,1,3,4,0,5,3,3,4,1,8,0,3,0,5,0,0,8,0,8,8,0,6,2,7,1,4,4,8,0
2024-25,Andhra Pradesh,Alluri Sitharama Raju,Gangavaram,Yetipalle,11,0,0,3,8,0,0,11,0,11,0,3,6,2,0,0,9,0,10,11,0,11,0,11,0,11,0,11,0
2024-25,Andhra Pradesh,Alluri Sitharama Raju,Gangavaram,China Addapalle,0,2,0,0,2,0,0,2,0,2,0,0,0,2,0,0,2,0,2,2,0,0,2,2,0,0,2,2,0
2024-25,Andhra Pradesh,Alluri Sitharama Raju,Gangavaram,Sarabhavaram,1,0,0,1,0,0,0,1,0,1,0,0,0,1,0,0,1,0,1,1,0,1,0,1,0,1,0,1,0
2024-25,Andhra Pradesh,Alluri Sitharama Raju,Gangavaram,E. Ramavaram,0,3,4,0,5,2,0,7,0,7,0,0,1,6,0,0,7,0,7,4,3,2,5,7,0,2,5,7,0
2024-25,Andhra Pradesh,Alluri Sitharama Raju,Gangavaram,Cheedipalem,7,0,0,3,2,2,0,7,0,7,0,2,2,3,0,0,6,0,7,7,0,7,0,7,0,7,0,7,0
2024-25,Andhra Pradesh,Alluri Sitharama Raju,Gangavaram,Mohanapuram,2,0,4,2,1,3,0,6,0,5,1,2,0,4,0,0,6,0,6,6,0,3,3,6,0,2,4,6,0
2024-25,Andhra Pradesh,Alluri Sitharama Raju,Gangavaram,Pothandorapalem,9,0,0,4,1,4,0,2,7,9,0,7,0,2,0,0,9,0,9,9,0,9,0,8,1,0,9,9,0
2024-25,Andhra Pradesh,Alluri Sitharama Raju,Gangavaram,Neelavaram,3,0,5,1,5,2,0,7,1,8,0,0,0,8,0,0,8,0,8,8,0,5,3,7,1,2,6,8,0
2024-25,Andhra Pradesh,Alluri Sitharama Raju,Gudem Kotha Veedhi,Pilligondi,0,0,1,1,0,0,0,0,1,1,0,0,0,1,0,0,1,0,1,1,0,0,1,1,0,0,1,1,0
2024-25,Andhra Pradesh,Alluri Sitharama Raju,Gudem Kotha Veedhi,Gangavaram,4,5,14,4,5,14,0,23,0,21,2,9,1,13,0,0,23,0,23,11,12,0,23,23,0,16,7,23,0
2024-25,Andhra Pradesh,Alluri Sitharama Raju,Gudem Kotha Veedhi,Challanisilpa,0,2,0,1,1,0,2,0,0,1,1,0,1,0,0,0,2,0,2,2,0,0,2,2,0,0,2,2,0
2024-25,Andhra Pradesh,Alluri Sitharama Raju,Gudem Kotha Veedhi,Duppalawada,0,4,6,7,2,1,2,3,5,10,0,0,2,8,0,0,10,0,10,8,2,0,10,10,0,0,10,8,2
2024-25,Andhra Pradesh,Alluri Sitharama Raju,Gudem Kotha Veedhi,Signapalle,0,1,2,3,0,0,2,1,0,3,0,0,0,3,0,0,3,0,3,3,0,0,3,3,0,0,3,3,0
2024-25,Andhra Pradesh,Alluri Sitharama Raju,Gudem Kotha Veedhi,Damanapalle,1,3,4,2,2,4,1,7,0,8,0,1,1,6,0,0,8,0,8,5,3,0,8,8,0,0,8,7,1
2024-25,Andhra Pradesh,Alluri Sitharama Raju,Gudem Kotha Veedhi,Madem,0,4,4,3,4,1,4,0,4,6,2,3,1,4,0,0,8,0,8,8,0,0,8,8,0,0,8,7,1
2024-25,Andhra Pradesh,Alluri Sitharama Raju,Gudem Kotha Veedhi,Kattupalle,0,0,2,1,1,0,2,0,0,2,0,0,0,2,0,0,2,0,2,2,0,0,2,2,0,0,2,2,0
2024-25,Andhra Pradesh,Alluri Sitharama Raju,Gudem Kotha Veedhi,Lingavaram,0,1,4,2,3,0,2,1,2,5,0,0,0,5,0,0,5,0,5,5,0,0,5,5,0,0,5,5,0
2024-25,Andhra Pradesh,Alluri Sitharama Raju,Gudem Kotha Veedhi,Yerravaram,0,4,17,17,2,2,4,7,10,20,1,1,1,19,0,0,21,0,21,21,0,0,21,21,0,0,21,20,1
2024-25,Andhra Pradesh,Alluri Sitharama Raju,Gudem Kotha Veedhi,Peddavalasa,0,6,2,4,4,0,1,4,3,6,2,1,0,7,0,0,8,0,8,6,2,1,7,8,0,0,8,8,0
2024-25,Andhra Pradesh,Alluri Sitharama Raju,Gudem Kotha Veedhi,Kokkitapadu,0,2,2,2,2,0,3,1,0,4,0,2,0,2,0,0,4,0,4,4,0,0,4,4,0,0,4,4,0
2024-25,Andhra Pradesh,Alluri Sitharama Raju,Gudem Kotha Veedhi,Sagulu,0,3,3,3,1,2,2,1,3,6,0,0,0,6,0,0,6,0,6,5,1,1,5,6,0,0,6,4,2
2024-25,Andhra Pradesh,Alluri Sitharama Raju,Gudem Kotha Veedhi,Kunkkumpudi,0,9,10,7,5,7,0,19,0,18,1,3,0,16,0,0,19,0,19,19,0,19,0,19,0,0,19,19,0
2024-25,Andhra Pradesh,Alluri Sitharama Raju,Gudem Kotha Veedhi,Vanchula,0,6,7,6,4,3,1,7,5,9,4,0,3,10,0,0,13,0,13,13,0,0,13,13,0,0,13,12,1
2024-25,Andhra Pradesh,Alluri Sitharama Raju,Gudem Kotha Veedhi,Mondigedda,0,12,10,18,1,3,4,14,4,22,0,8,0,14,0,0,22,0,22,21,1,7,15,22,0,0,22,15,7
2024-25,Andhra Pradesh,Alluri Sitharama Raju,Gudem Kotha Veedhi,Adagarapalle,0,2,5,4,1,2,2,4,1,6,1,0,6,1,0,0,7,0,7,7,0,3,4,7,0,0,7,7,0
2024-25,Andhra Pradesh,Alluri Sitharama Raju,Gudem Kotha Veedhi,Darakonda,1,4,10,8,3,4,3,12,0,14,1,0,5,10,0,0,15,0,15,14,1,5,10,15,0,0,15,9,6
2024-25,Andhra Pradesh,Alluri Sitharama Raju,Gudem Kotha Veedhi,Agraharam,0,0,1,1,0,0,1,0,0,1,0,0,1,0,0,0,1,0,1,1,0,1,0,1,0,0,1,1,0
2024-25,Andhra Pradesh,Alluri Sitharama Raju,Gudem Kotha Veedhi,Kommarapalle,0,1,4,3,2,0,1,0,4,5,0,3,0,2,0,0,5,0,5,5,0,0,5,5,0,0,5,5,0
2024-25,Andhra Pradesh,Alluri Sitharama Raju,Gudem Kotha Veedhi,Katragedda,0,2,0,2,0,0,2,0,0,1,1,1,1,0,0,0,2,0,2,2,0,0,2,2,0,0,2,2,0
2024-25,Andhra Pradesh,Alluri Sitharama Raju,Gudem Kotha Veedhi,Gummirevulu,0,12,10,18,4,0,9,3,10,20,2,5,3,14,0,0,22,0,22,22,0,1,21,22,0,0,22,20,2
2024-25,Andhra Pradesh,Alluri Sitharama Raju,Gudem Kotha Veedhi,Yerracheruvulu,0,1,22,17,2,4,8,8,7,21,2,2,0,21,0,0,23,0,23,20,3,11,12,23,0,0,23,22,1
2024-25,Andhra Pradesh,Alluri Sitharama Raju,Gudem Kotha Veedhi,Lakkavaram,2,31,42,42,14,19,17,26,32,70,5,5,26,44,0,2,70,0,73,65,10,15,60,75,0,9,66,70,5
2024-25,Andhra Pradesh,Alluri Sitharama Raju,Gudem Kotha Veedhi,Cherapalle,0,3,2,4,1,0,2,2,1,3,2,1,2,2,0,0,5,0,5,5,0,0,5,5,0,0,5,4,1
2024-25,Andhra Pradesh,Alluri Sitharama Raju,Gudem Kotha Veedhi,Kongapakalu,0,5,0,5,0,0,2,0,3,5,0,0,0,5,0,0,5,0,5,5,0,2,3,5,0,0,5,5,0
2024-25,Andhra Pradesh,Alluri Sitharama Raju,Gudem Kotha Veedhi,Kotturu,0,0,1,0,0,1,0,1,0,1,0,0,0,1,0,0,1,0,1,1,0,0,1,1,0,0,1,1,0
2024-25,Andhra Pradesh,Alluri Sitharama Raju,Gudem Kotha Veedhi,Rampulu,0,5,3,0,6,2,0,2,6,7,1,1,0,7,0,0,8,0,8,8,0,0,8,8,0,0,8,8,0
2024-25,Andhra Pradesh,Alluri Sitharama Raju,Gudem Kotha Veedhi,Chaparathipalem,0,1,1,1,0,1,2,0,0,1,1,0,1,1,0,0,2,0,2,2,0,0,2,2,0,0,2,2,0
2024-25,Andhra Pradesh,Alluri Sitharama Raju,Gudem Kotha Veedhi,Doddikonda,0,1,1,2,0,0,0,2,0,1,1,0,2,0,0,0,2,0,2,2,0,0,2,2,0,2,0,2,0
2024-25,Andhra Pradesh,Alluri Sitharama Raju,Gudem Kotha Veedhi,Mangalapalem,0,4,6,7,1,2,1,4,5,9,1,0,3,7,0,1,9,0,10,9,1,6,4,10,0,0,9,8,2
2024-25,Andhra Pradesh,Alluri Sitharama Raju,Gudem Kotha Veedhi,Rinthada,0,6,17,12,4,7,10,5,8,23,0,0,7,16,0,0,23,0,23,23,0,2,21,23,0,0,23,21,2
2024-25,Andhra Pradesh,Alluri Sitharama Raju,Gudem Kotha Veedhi,Ducharapalem,0,1,0,0,0,1,1,0,0,1,0,0,0,1,0,0,1,0,1,1,0,1,0,1,0,0,1,1,0
2024-25,Andhra Pradesh,Alluri Sitharama Raju,Gudem Kotha Veedhi,Devarapalle,0,0,4,3,0,1,2,2,0,4,0,0,2,2,0,0,3,0,4,4,0,3,1,4,0,0,4,2,2
2024-25,Andhra Pradesh,Alluri Sitharama Raju,Gudem Kotha Veedhi,Kotnabilli,0,1,4,5,0,0,0,2,3,5,0,1,1,3,0,0,5,0,5,5,0,1,4,5,0,0,5,5,0
2024-25,Andhra Pradesh,Alluri Sitharama Raju,Gudem Kotha Veedhi,Rallagedda,0,1,4,5,0,0,1,1,3,5,0,0,2,3,0,0,5,0,5,5,0,0,5,5,0,0,5,5,0
2024-25,Andhra Pradesh,Alluri Sitharama Raju,Gudem Kotha Veedhi,Kondrupalle,0,13,10,18,2,3,12,4,7,21,2,3,0,20,0,0,23,0,23,20,3,1,22,23,0,0,23,23,0
2024-25,Andhra Pradesh,Alluri Sitharama Raju,Gudem Kotha Veedhi,Munagarapalle,0,0,4,1,2,1,1,1,2,2,2,0,0,4,0,0,4,0,4,4,0,0,4,4,0,0,4,4,0
2024-25,Andhra Pradesh,Alluri Sitharama Raju,Gudem Kotha Veedhi,Kakanuru,0,1,0,0,0,1,0,0,1,1,0,0,0,1,0,0,1,0,1,1,0,0,1,1,0,0,1,1,0
2024-25,Andhra Pradesh,Alluri Sitharama Raju,Gudem Kotha Veedhi,Yebulum,1,8,13,13,3,6,0,8,14,22,0,5,3,14,0,0,22,0,22,22,0,0,22,22,0,2,20,22,0
2024-25,Andhra Pradesh,Alluri Sitharama Raju,Hukumpeta,Pusalagaruvu,0,0,2,2,0,0,0,1,1,2,0,0,1,1,0,0,2,0,2,2,0,1,1,2,0,0,2,2,0
2024-25,Andhra Pradesh,Alluri Sitharama Raju,Hukumpeta,Chittampadu,0,0,1,1,0,0,0,0,1,1,0,0,1,0,0,0,1,0,1,1,0,0,1,1,0,0,1,1,0
2024-25,Andhra Pradesh,Alluri Sitharama Raju,Hukumpeta,Goppulapalem,0,0,2,2,0,0,0,0,2,2,0,0,0,2,0,0,2,0,2,2,0,0,2,2,0,0,2,2,0
2024-25,Andhra Pradesh,Alluri Sitharama Raju,Hukumpeta,Dabbagaruvu,4,7,19,19,4,7,4,5,21,27,3,2,1,27,0,0,30,0,30,26,4,0,30,30,0,2,28,30,0
2024-25,Andhra Pradesh,Alluri Sitharama Raju,Hukumpeta,Bakuru,0,0,1,0,0,1,0,0,1,1,0,0,0,1,0,0,1,0,1,1,0,1,0,1,0,0,1,1,0
2024-25,Andhra Pradesh,Alluri Sitharama Raju,Hukumpeta,Kethampalem,1,0,1,1,1,0,1,0,1,1,1,1,0,1,0,0,2,0,2,2,0,1,1,2,0,0,2,2,0
2024-25,Andhra Pradesh,Alluri Sitharama Raju,Hukumpeta,M.Kothavuru,1,0,0,1,0,0,0,1,0,1,0,0,0,1,0,0,1,0,1,1,0,0,1,1,0,1,0,1,0
2024-25,Andhra Pradesh,Alluri Sitharama Raju,Hukumpeta,Mulusobha,0,0,6,2,2,2,0,1,5,6,0,3,0,3,0,0,6,0,6,4,1,0,6,6,0,1,5,6,0
2024-25,Andhra Pradesh,Alluri Sitharama Raju,Hukumpeta,Matham,1,2,0,1,1,1,0,2,1,3,0,1,0,2,0,0,3,0,3,3,0,0,3,3,0,3,0,3,0
2024-25,Andhra Pradesh,Alluri Sitharama Raju,Hukumpeta,Pattam,0,3,11,9,2,3,1,4,9,13,1,4,0,10,0,0,14,0,14,14,0,1,13,14,0,0,14,14,0
2024-25,Andhra Pradesh,Alluri Sitharama Raju,Hukumpeta,Majjivalasa,0,0,1,0,0,1,1,0,0,1,0,0,0,1,0,0,1,0,1,0,0,0,1,0,0,0,1,0,0
2024-25,Andhra Pradesh,Alluri Sitharama Raju,Hukumpeta,Chintalaveedhi,0,1,3,1,2,1,0,1,3,4,0,1,0,3,0,0,4,0,4,1,0,0,4,1,0,0,4,1,0
2024-25,Andhra Pradesh,Alluri Sitharama Raju,Hukumpeta,Andiba,1,0,5,1,1,4,5,0,1,6,0,0,1,5,0,0,6,0,6,6,0,1,5,6,0,0,6,5,1
2024-25,Andhra Pradesh,Alluri Sitharama Raju,Hukumpeta,Teegalavalasa,3,4,10,11,4,2,1,6,10,15,2,3,0,14,0,0,17,0,17,16,1,11,6,17,0,2,15,16,1
2024-25,Andhra Pradesh,Alluri Sitharama Raju,Hukumpeta,Sobakota,4,2,4,6,3,1,0,3,7,10,0,2,0,8,0,0,10,0,10,10,0,1,9,10,0,1,9,10,0
2024-25,Andhra Pradesh,Alluri Sitharama Raju,Hukumpeta,Rangapalle,0,2,6,0,8,0,2,2,4,8,0,1,0,7,0,0,8,0,8,8,0,3,5,8,0,0,8,8,0
2024-25,Andhra Pradesh,Alluri Sitharama Raju,Hukumpeta,Masada,2,4,8,9,2,3,7,1,6,13,1,2,0,12,0,0,14,0,14,13,1,2,12,14,0,0,14,14,0
2024-25,Andhra Pradesh,Alluri Sitharama Raju,Hukumpeta,Tadigiri,4,2,5,8,2,1,0,8,3,11,0,3,0,8,0,0,11,0,11,11,0,3,8,11,0,0,11,11,0
2024-25,Andhra Pradesh,Alluri Sitharama Raju,Hukumpeta,Ontipaka,3,4,8,6,4,5,1,4,10,15,0,2,4,9,0,0,15,0,15,15,0,3,12,15,0,1,14,15,0
2024-25,Andhra Pradesh,Alluri Sitharama Raju,Hukumpeta,Donkinavalasa,14,3,15,16,10,5,4,6,22,32,0,13,0,19,0,0,32,0,32,30,1,2,30,31,0,2,30,32,0
2024-25,Andhra Pradesh,Alluri Sitharama Raju,Hukumpeta,Gedelapadu,0,2,4,4,0,2,0,2,4,6,0,3,1,2,0,0,6,0,6,6,0,1,5,6,0,0,6,6,0
2024-25,Andhra Pradesh,Alluri Sitharama Raju,Hukumpeta,Jarrakonda,2,4,4,4,0,6,2,3,5,10,0,2,0,8,0,0,10,0,10,10,0,4,6,10,0,0,10,10,0
2024-25,Andhra Pradesh,Alluri Sitharama Raju,Hukumpeta,Merakachinta,1,1,1,1,0,2,0,2,1,3,0,0,1,2,0,0,3,0,3,3,0,0,3,3,0,0,3,3,0
2024-25,Andhra Pradesh,Alluri Sitharama Raju,Hukumpeta,Gasarapalle,0,2,5,4,2,1,1,1,5,7,0,2,3,2,0,0,7,0,7,7,0,0,7,7,0,0,7,7,0
2024-25,Andhra Pradesh,Alluri Sitharama Raju,Hukumpeta,Bheemavaram,0,0,1,0,1,0,0,0,1,1,0,0,0,1,0,0,1,0,1,1,0,0,1,1,0,0,1,1,0
2024-25,Andhra Pradesh,Alluri Sitharama Raju,Hukumpeta,Gangarajuputtu,0,0,2,0,2,0,0,0,2,2,0,0,0,2,0,0,2,0,2,2,0,0,2,2,0,0,2,2,0
2024-25,Andhra Pradesh,Alluri Sitharama Raju,Hukumpeta,Ramachandrapuram,1,0,1,0,2,0,0,1,1,2,0,0,1,1,0,0,2,0,2,2,0,1,1,2,0,0,2,2,0
2024-25,Andhra Pradesh,Alluri Sitharama Raju,Hukumpeta,Barapalle,4,7,19,16,9,5,9,0,21,29,1,1,1,28,0,0,30,0,30,30,0,4,26,30,0,1,29,30,0
2024-25,Andhra Pradesh,Alluri Sitharama Raju,Hukumpeta,Sukuru,0,0,1,0,0,1,1,0,0,0,1,0,0,1,0,0,1,0,1,1,0,1,0,1,0,0,1,1,0
2024-25,Andhra Pradesh,Alluri Sitharama Raju,Hukumpeta,Burmanguda,3,3,9,8,4,3,0,5,10,15,0,3,0,12,0,0,15,0,15,15,0,0,15,15,0,5,10,15,0
2024-25,Andhra Pradesh,Alluri Sitharama Raju,Hukumpeta,Nimmalapadu,5,4,28,16,5,16,8,4,25,36,1,8,7,22,0,0,35,0,37,37,0,7,30,37,0,3,34,37,0
2024-25,Andhra Pradesh,Alluri Sitharama Raju,Hukumpeta,Kulapadu,1,2,7,8,0,2,0,5,5,10,0,3,0,7,0,0,10,0,10,10,0,0,10,10,0,8,2,10,0
2024-25,Andhra Pradesh,Alluri Sitharama Raju,Hukumpeta,Nittaputtu,3,0,0,1,1,1,0,0,3,3,0,0,0,3,0,0,3,0,3,3,0,0,3,3,0,0,3,3,0
2024-25,Andhra Pradesh,Alluri Sitharama Raju,Hukumpeta,Olda,0,1,1,2,0,0,1,0,1,2,0,0,0,2,0,0,2,0,2,2,0,0,2,2,0,0,2,2,0
2024-25,Andhra Pradesh,Alluri Sitharama Raju,Hukumpeta,Pedirai,0,0,3,2,1,0,0,2,1,3,0,0,1,2,0,0,3,0,3,3,0,0,3,3,0,0,3,3,0
2024-25,Andhra Pradesh,Alluri Sitharama Raju,Hukumpeta,Patimamidi,1,0,2,2,0,1,0,0,3,3,0,3,0,0,0,0,3,0,3,3,0,0,3,3,0,3,0,3,0
2024-25,Andhra Pradesh,Alluri Sitharama Raju,Hukumpeta,M.Boddaputtu,0,0,3,1,2,0,1,1,1,3,0,0,0,3,0,0,3,0,3,3,0,0,3,3,0,3,0,3,0
2024-25,Andhra Pradesh,Alluri Sitharama Raju,Hukumpeta,Pamurai,0,1,7,6,2,0,0,0,8,8,0,3,1,4,0,0,8,0,8,7,1,0,8,8,0,0,8,8,0
2024-25,Andhra Pradesh,Alluri Sitharama Raju,Hukumpeta,Nakkalaputtu,1,1,0,2,0,0,0,0,2,2,0,0,0,2,0,0,2,0,2,2,0,1,1,2,0,0,2,2,0
2024-25,Andhra Pradesh,Alluri Sitharama Raju,Hukumpeta,Rangaseela,0,6,8,7,2,5,0,3,11,14,0,2,0,12,0,0,14,0,14,14,0,1,13,14,0,1,13,14,0
2024-25,Andhra Pradesh,Alluri Sitharama Raju,Hukumpeta,Rathulaputtu,0,0,1,0,1,0,0,1,0,1,0,0,0,1,0,0,1,0,1,1,0,0,1,1,0,0,1,1,0
2024-25,Andhra Pradesh,Alluri Sitharama Raju,Hukumpeta,Garudapalle,0,0,2,1,1,0,0,0,2,2,0,0,0,2,0,0,2,0,2,2,0,0,2,2,0,0,2,2,0
2024-25,Andhra Pradesh,Alluri Sitharama Raju,Hukumpeta,Dalemputtu,0,1,1,1,0,1,2,0,0,2,0,1,0,1,0,0,2,0,2,2,0,0,2,2,0,0,2,2,0
2024-25,Andhra Pradesh,Alluri Sitharama Raju,Hukumpeta,Dalemputtu,6,2,15,11,5,7,2,1,20,23,0,2,0,21,0,0,23,0,23,22,1,3,20,23,0,0,23,23,0
2024-25,Andhra Pradesh,Alluri Sitharama Raju,Koyyuru,Kinchavanipalem,1,0,3,2,0,2,3,0,1,4,0,0,0,4,0,0,4,0,4,4,0,0,4,4,0,4,0,4,0
2024-25,Andhra Pradesh,Alluri Sitharama Raju,Koyyuru,Chintalapudi,0,0,1,0,1,0,0,1,0,1,0,0,0,1,0,0,1,0,1,1,0,1,0,1,0,0,1,1,0
2024-25,Andhra Pradesh,Alluri Sitharama Raju,Koyyuru,Anthada,0,0,1,0,0,1,0,0,1,1,0,0,0,1,0,0,1,0,1,1,0,0,1,1,0,1,0,1,0
2024-25,Andhra Pradesh,Alluri Sitharama Raju,Koyyuru,Anthada,2,0,6,8,0,0,2,2,4,8,0,4,0,4,0,0,8,0,8,8,0,0,8,8,0,5,3,8,0
2024-25,Andhra Pradesh,Alluri Sitharama Raju,Koyyuru,Ratnampeta,0,2,5,7,0,0,3,1,3,7,0,0,0,7,0,0,7,0,7,6,1,0,7,7,0,7,0,7,0
2024-25,Andhra Pradesh,Alluri Sitharama Raju,Koyyuru,Kondagokira,0,0,2,2,0,0,0,2,0,2,0,0,2,0,0,0,2,0,2,2,0,0,2,2,0,2,0,2,0
2024-25,Andhra Pradesh,Alluri Sitharama Raju,Koyyuru,Ravanapalle,0,0,2,2,0,0,0,1,1,2,0,0,0,2,0,0,2,0,2,2,0,0,2,2,0,2,0,2,0
2024-25,Andhra Pradesh,Alluri Sitharama Raju,Koyyuru,Kommika,0,6,18,12,3,9,8,5,11,24,0,5,4,15,0,0,24,0,24,19,5,0,24,24,0,17,7,24,0
2024-25,Andhra Pradesh,Alluri Sitharama Raju,Koyyuru,Kinaparthi,1,0,2,3,0,0,2,0,1,3,0,0,2,1,0,0,3,0,3,2,1,0,3,3,0,3,0,3,0
2024-25,Andhra Pradesh,Alluri Sitharama Raju,Koyyuru,Yerrinaidu Pakalu,0,1,2,3,0,0,0,3,0,3,0,0,0,3,0,0,3,0,3,2,1,0,3,3,0,3,0,3,0
2024-25,Andhra Pradesh,Alluri Sitharama Raju,Koyyuru,Koppukonda,0,0,2,2,0,0,0,1,1,2,0,0,2,0,0,0,2,0,2,1,1,0,2,2,0,2,0,2,0
2024-25,Andhra Pradesh,Alluri Sitharama Raju,Koyyuru,Mulagalametta,0,4,0,4,0,0,4,0,0,4,0,0,0,4,0,0,4,0,4,4,0,0,4,4,0,4,0,4,0
2024-25,Andhra Pradesh,Alluri Sitharama Raju,Koyyuru,Pedamakavaram,0,2,1,3,0,0,1,1,1,3,0,3,0,0,0,0,3,0,3,3,0,0,3,3,0,2,1,3,0
2024-25,Andhra Pradesh,Alluri Sitharama Raju,Koyyuru,Mulapeta,0,2,0,2,0,0,2,0,0,2,0,0,0,2,0,0,2,0,2,2,0,0,2,2,0,2,0,2,0
2024-25,Andhra Pradesh,Alluri Sitharama Raju,Koyyuru,Kothuru,0,3,1,2,0,2,2,2,0,4,0,0,2,2,0,0,4,0,4,3,1,0,4,4,0,3,1,4,0
2024-25,Andhra Pradesh,Alluri Sitharama Raju,Koyyuru,Ramannapalem,0,1,1,0,0,2,0,2,0,2,0,0,0,2,0,0,2,0,2,2,0,0,2,2,0,2,0,2,0
2024-25,Andhra Pradesh,Alluri Sitharama Raju,Koyyuru,Bonkulapalem,0,0,1,1,0,0,0,0,1,1,0,1,0,0,0,0,1,0,1,1,0,0,1,1,0,0,1,1,0
2024-25,Andhra Pradesh,Alluri Sitharama Raju,Koyyuru,Dharmavaram,0,1,4,5,0,0,0,2,3,5,0,3,0,2,0,0,5,0,5,5,0,0,5,5,0,5,0,5,0
2024-25,Andhra Pradesh,Alluri Sitharama Raju,Koyyuru,Nallagonda,0,3,14,11,1,5,15,0,2,17,0,6,0,11,0,0,17,0,17,15,2,0,17,17,0,14,3,17,0
2024-25,Andhra Pradesh,Alluri Sitharama Raju,Koyyuru,Sarabhanna Palem,7,4,9,20,0,0,1,11,8,20,0,6,0,14,0,0,20,0,20,16,4,0,20,20,0,13,7,20,0
2024-25,Andhra Pradesh,Alluri Sitharama Raju,Koyyuru,Kathiralloddi,0,3,1,2,0,2,0,4,0,3,1,1,1,2,0,0,4,0,4,4,0,0,4,4,0,2,2,4,0
2024-25,Andhra Pradesh,Alluri Sitharama Raju,Koyyuru,Agraharam,0,0,2,2,0,0,0,0,2,1,1,2,0,0,0,0,2,0,2,2,0,0,2,2,0,1,1,2,0
2024-25,Andhra Pradesh,Alluri Sitharama Raju,Koyyuru,Velagalapalem,4,5,8,17,0,0,0,16,1,17,0,3,0,14,0,0,17,0,17,13,4,0,17,17,0,14,3,17,0
2024-25,Andhra Pradesh,Alluri Sitharama Raju,Koyyuru,Nimmalapalem,0,2,2,3,0,1,1,3,0,4,0,0,0,4,0,0,4,0,4,2,2,0,4,4,0,3,1,4,0
2024-25,Andhra Pradesh,Alluri Sitharama Raju,Koyyuru,Pothavaram,0,0,7,5,1,1,0,2,5,7,0,3,0,4,0,0,7,0,7,7,0,0,7,7,0,5,2,7,0
2024-25,Andhra Pradesh,Alluri Sitharama Raju,Koyyuru,Singavaram,0,1,0,1,0,0,0,1,0,1,0,0,0,1,0,0,1,0,1,1,0,0,1,1,0,1,0,1,0
2024-25,Andhra Pradesh,Alluri Sitharama Raju,Koyyuru,Cheedipalem,3,4,11,14,2,2,7,7,4,18,0,4,0,14,0,0,18,0,18,18,0,0,18,18,0,12,6,18,0
2024-25,Andhra Pradesh,Alluri Sitharama Raju,Koyyuru,Koyyuru,0,9,2,6,1,4,11,0,0,11,0,4,0,7,0,0,11,0,11,11,0,0,11,10,1,11,0,11,0
2024-25,Andhra Pradesh,Alluri Sitharama Raju,Koyyuru,Revallu,5,4,4,12,0,1,0,5,8,13,0,0,0,13,0,0,13,0,13,13,0,0,13,13,0,11,2,13,0
2024-25,Andhra Pradesh,Alluri Sitharama Raju,Koyyuru,Gangavaram,1,0,0,1,0,0,0,1,0,1,0,0,0,1,0,0,1,0,1,1,0,0,1,1,0,1,0,1,0
2024-25,Andhra Pradesh,Alluri Sitharama Raju,Koyyuru,Mampa,4,8,8,18,0,2,16,0,4,18,2,4,1,15,0,0,20,0,20,17,3,0,20,20,0,13,7,20,0
2024-25,Andhra Pradesh,Alluri Sitharama Raju,Koyyuru,Gudapalle,2,4,22,28,0,0,0,28,0,27,1,5,0,23,0,0,28,0,28,28,0,0,28,28,0,17,11,28,0
2024-25,Andhra Pradesh,Alluri Sitharama Raju,Koyyuru,Katragedda,0,0,2,2,0,0,0,0,2,2,0,1,1,0,0,0,2,0,2,2,0,0,2,2,0,2,0,2,0
2024-25,Andhra Pradesh,Alluri Sitharama Raju,Koyyuru,Ganerlapalem,0,3,11,13,0,1,0,11,3,14,0,0,0,14,0,0,14,0,14,14,0,0,14,14,0,10,4,14,0
2024-25,Andhra Pradesh,Alluri Sitharama Raju,Koyyuru,Downuru,0,0,2,2,0,0,0,2,0,2,0,1,0,1,0,0,2,0,2,2,0,0,2,2,0,1,1,2,0
2024-25,Andhra Pradesh,Alluri Sitharama Raju,Koyyuru,Nimmagedda,0,3,3,4,0,2,0,4,2,6,0,0,0,6,0,0,6,0,6,6,0,0,6,6,0,6,0,6,0
2024-25,Andhra Pradesh,Alluri Sitharama Raju,Koyyuru,Budaralla Kothuru,0,0,1,0,0,1,0,1,0,1,0,0,0,1,0,0,1,0,1,1,0,0,1,1,0,1,0,1,0
2024-25,Andhra Pradesh,Alluri Sitharama Raju,Koyyuru,Gadabapalem,0,0,2,2,0,0,0,1,1,2,0,1,0,1,0,0,2,0,2,2,0,0,2,2,0,1,1,2,0
2024-25,Andhra Pradesh,Alluri Sitharama Raju,Koyyuru,Mallavaram,0,2,2,4,0,0,2,0,2,4,0,1,0,3,0,0,4,0,4,3,1,0,4,4,0,2,2,4,0
2024-25,Andhra Pradesh,Alluri Sitharama Raju,Koyyuru,Padi,0,8,3,8,0,3,10,1,0,11,0,0,0,11,0,0,11,0,11,10,1,0,11,11,0,9,2,11,0
2024-25,Andhra Pradesh,Alluri Sitharama Raju,Koyyuru,Jammavaram,0,2,1,3,0,0,0,3,0,3,0,1,0,2,0,0,3,0,3,3,0,0,3,3,0,2,1,3,0
2024-25,Andhra Pradesh,Alluri Sitharama Raju,Koyyuru,Kantharam,3,2,6,11,0,0,0,3,8,11,0,6,0,5,0,0,11,0,11,9,2,0,11,11,0,10,1,11,0
2024-25,Andhra Pradesh,Alluri Sitharama Raju,Koyyuru,Chittempadu,0,0,2,0,0,2,2,0,0,2,0,0,0,2,0,0,2,0,2,2,0,0,2,2,0,2,0,2,0
2024-25,Andhra Pradesh,Alluri Sitharama Raju,Koyyuru,Adakula,3,4,22,18,2,9,7,8,14,26,3,10,1,18,0,0,29,0,29,22,7,0,29,29,0,21,8,29,0
2024-25,Andhra Pradesh,Alluri Sitharama Raju,Koyyuru,Balaram,4,1,15,13,3,4,15,2,3,18,2,8,3,9,0,0,20,0,20,20,0,0,20,20,0,17,3,20,0
2024-25,Andhra Pradesh,Alluri Sitharama Raju,Kunavaram,Repaka,0,7,4,4,4,3,0,9,2,11,0,11,0,0,10,0,0,0,10,12,0,10,1,12,0,0,11,12,0
2024-25,Andhra Pradesh,Alluri Sitharama Raju,Kunavaram,Koderu,0,2,2,3,0,1,0,2,2,4,0,4,0,0,4,0,0,0,4,4,0,4,0,4,0,0,4,4,0
2024-25,Andhra Pradesh,Alluri Sitharama Raju,Kunavaram,Karakagudem,0,1,0,1,0,0,0,0,1,1,0,1,0,0,1,0,0,0,1,1,0,1,0,1,0,0,1,1,0
2024-25,Andhra Pradesh,Alluri Sitharama Raju,Kunavaram,Jaggavaram,0,2,3,4,0,1,2,2,1,5,0,3,0,2,5,0,0,0,5,5,0,5,0,5,0,0,5,5,0
2024-25,Andhra Pradesh,Alluri Sitharama Raju,Kunavaram,Abicherla,0,17,4,12,2,7,1,13,7,21,0,18,0,3,13,0,8,0,21,21,0,0,21,20,1,20,1,20,1
2024-25,Andhra Pradesh,Alluri Sitharama Raju,Kunavaram,Peddarukur,0,15,7,11,5,6,1,15,6,22,0,19,0,3,14,0,7,0,22,22,0,20,2,21,1,0,22,21,1
2024-25,Andhra Pradesh,Alluri Sitharama Raju,Kunavaram,Byravapatnam,0,1,0,1,0,0,0,0,1,1,0,1,0,0,1,0,0,0,1,1,0,1,0,1,0,0,1,1,0
2024-25,Andhra Pradesh,Alluri Sitharama Raju,Kunavaram,Regulapadu,0,2,5,5,0,2,1,5,1,7,0,7,0,0,7,0,0,0,7,7,0,7,0,7,0,0,7,7,0
2024-25,Andhra Pradesh,Alluri Sitharama Raju,Kunavaram,Walfordpeta,0,2,4,4,1,1,0,0,6,6,0,4,0,2,3,1,2,0,6,6,0,6,0,6,0,0,6,4,2
2024-25,Andhra Pradesh,Alluri Sitharama Raju,Kunavaram,Chinnarukur,0,4,2,5,1,0,2,1,3,6,0,6,0,0,6,0,0,0,6,6,0,6,0,6,0,0,6,6,0
2024-25,Andhra Pradesh,Alluri Sitharama Raju,Kunavaram,S.Kothagudem,0,5,3,7,0,1,0,0,8,8,1,7,0,1,8,0,0,0,8,9,0,9,0,9,0,0,9,9,0
2024-25,Andhra Pradesh,Alluri Sitharama Raju,Kunavaram,Kunavaram,0,5,28,23,6,4,0,15,18,33,0,26,0,6,33,0,0,0,33,33,0,31,2,33,0,0,33,33,0
2024-25,Andhra Pradesh,Alluri Sitharama Raju,Kunavaram,Bhagavanpuram,0,0,2,1,0,1,0,1,1,2,0,2,0,0,2,0,0,0,2,2,0,2,0,2,0,0,2,2,0
2024-25,Andhra Pradesh,Alluri Sitharama Raju,Kunavaram,Venkannagudem,0,1,3,3,0,1,0,1,3,4,0,0,0,4,2,0,2,0,4,0,4,0,4,4,0,4,0,4,0
2024-25,Andhra Pradesh,Alluri Sitharama Raju,Kunavaram,Kudalipadu,0,4,3,6,0,1,0,3,4,7,0,0,0,7,7,0,0,0,7,7,0,7,0,7,0,0,7,7,0
2024-25,Andhra Pradesh,Alluri Sitharama Raju,Kunavaram,Metta Ramavaram,0,7,2,4,2,3,0,1,8,9,0,5,0,4,8,0,1,0,9,6,3,6,3,9,0,3,6,9,0
2024-25,Andhra Pradesh,Alluri Sitharama Raju,Kunavaram,Pandirajupalle,0,2,6,5,2,1,0,1,7,8,0,4,0,4,7,0,1,0,8,1,7,0,8,8,0,8,0,7,1
2024-25,Andhra Pradesh,Alluri Sitharama Raju,Kunavaram,Dugutta,0,7,5,7,2,3,2,7,3,9,3,12,0,0,12,0,0,0,12,12,0,12,0,12,0,0,12,12,0
2024-25,Andhra Pradesh,Alluri Sitharama Raju,Kunavaram,Chinnapolipaka,0,2,3,3,2,0,0,5,0,5,0,5,0,0,5,0,0,0,5,5,0,5,0,5,0,0,5,5,0
2024-25,Andhra Pradesh,Alluri Sitharama Raju,Kunavaram,Kondarajupeta,1,2,9,10,2,0,0,5,7,12,0,8,0,4,12,0,0,0,12,12,0,9,3,12,0,0,12,12,0
2024-25,Andhra Pradesh,Alluri Sitharama Raju,Kunavaram,Gunduvarigudem,0,3,2,3,0,2,0,3,2,5,0,5,0,0,5,0,0,0,5,5,0,5,0,5,0,0,5,5,0
2024-25,Andhra Pradesh,Alluri Sitharama Raju,Kunavaram,Pedda Polipaka,0,4,1,4,1,0,0,1,4,5,0,5,0,0,5,0,0,0,5,5,0,5,0,5,0,0,5,5,0
2024-25,Andhra Pradesh,Alluri Sitharama Raju,Kunavaram,Ayyavarigudem,0,5,3,3,0,5,0,7,1,8,0,7,0,1,8,0,0,0,8,8,0,7,1,8,0,0,8,8,0
2024-25,Andhra Pradesh,Alluri Sitharama Raju,Kunavaram,Narasingapeta,0,14,20,30,0,4,0,15,19,32,2,10,0,24,32,0,2,0,34,24,10,22,12,34,0,12,22,31,3
2024-25,Andhra Pradesh,Alluri Sitharama Raju,Kunavaram,Pochavaram,0,11,11,13,3,6,2,10,10,18,4,22,0,0,22,0,0,0,22,22,0,22,0,22,0,0,22,22,0
2024-25,Andhra Pradesh,Alluri Sitharama Raju,Kunavaram,Kondaigudem,0,2,3,3,2,0,0,0,5,5,0,5,0,0,5,0,0,0,5,5,0,5,0,5,0,0,5,5,0
2024-25,Andhra Pradesh,Alluri Sitharama Raju,Kunavaram,Bodunuru,0,7,12,12,2,5,0,14,5,19,0,19,0,0,19,0,0,0,19,19,0,19,0,19,0,0,19,19,0
2024-25,Andhra Pradesh,Alluri Sitharama Raju,Kunavaram,Chinarkur,0,5,10,8,1,6,0,12,3,15,0,15,0,0,15,0,0,0,15,15,0,15,0,15,0,0,15,15,0
2024-25,Andhra Pradesh,Alluri Sitharama Raju,Kunavaram,Lellavai,1,2,6,7,2,0,0,4,5,9,0,6,1,2,9,0,0,0,9,9,0,7,2,9,0,0,9,9,0
2024-25,Andhra Pradesh,Alluri Sitharama Raju,Kunavaram,Kachavaram,0,1,0,1,0,0,0,0,1,1,0,1,0,0,1,0,0,0,1,1,0,1,0,1,0,0,1,1,0
2024-25,Andhra Pradesh,Alluri Sitharama Raju,Kunavaram,Kothuru,0,2,7,6,1,2,0,1,8,9,0,7,0,2,9,0,0,0,9,9,0,9,0,9,0,0,9,6,3
2024-25,Andhra Pradesh,Alluri Sitharama Raju,Kunavaram,Srirampuram,0,0,4,4,0,0,0,1,3,4,0,0,0,4,4,0,0,0,4,0,4,0,4,4,0,4,0,3,1
2024-25,Andhra Pradesh,Alluri Sitharama Raju,Kunavaram,Paidigudem,0,0,3,3,0,0,0,3,0,3,0,0,0,3,3,0,0,0,3,0,3,2,1,3,0,1,2,3,0
2024-25,Andhra Pradesh,Alluri Sitharama Raju,Kunavaram,Chuchirevula Gudem,0,2,4,4,0,2,0,2,4,6,0,6,0,0,6,0,0,0,6,6,0,6,0,6,0,0,6,6,0
2024-25,Andhra Pradesh,Alluri Sitharama Raju,Kunavaram,Marrigudem,0,0,1,0,0,1,0,0,1,1,0,0,0,1,1,0,0,0,1,1,0,0,1,1,0,1,0,1,0
2024-25,Andhra Pradesh,Alluri Sitharama Raju,Kunavaram,Potlavarigudem,0,13,9,15,1,6,0,5,17,22,0,10,0,12,21,0,1,0,22,18,4,17,5,22,0,6,16,20,2
2024-25,Andhra Pradesh,Alluri Sitharama Raju,Kunavaram,Palluru,0,4,10,11,0,3,1,5,8,14,0,4,0,10,11,0,3,0,14,2,12,13,1,14,0,1,13,10,4
2024-25,Andhra Pradesh,Alluri Sitharama Raju,Kunavaram,Mulluru,0,5,1,6,0,0,0,1,5,6,0,2,0,4,5,0,1,0,6,0,6,0,6,6,0,6,0,4,2
2024-25,Andhra Pradesh,Alluri Sitharama Raju,Kunavaram,Kuturu,0,0,8,4,2,2,0,3,5,7,1,2,0,6,8,0,0,0,8,5,3,0,8,8,0,8,0,8,0
2024-25,Andhra Pradesh,Alluri Sitharama Raju,Maredumilli,Nukaletivada,0,1,1,1,0,1,0,2,0,2,1,0,0,2,0,0,2,0,2,1,2,2,1,3,0,0,3,3,0
2024-25,Andhra Pradesh,Alluri Sitharama Raju,Maredumilli,Akumamidikota,0,4,5,3,4,2,1,1,7,1,8,0,1,8,0,0,9,0,9,1,8,5,4,6,3,0,9,9,0
2024-25,Andhra Pradesh,Alluri Sitharama Raju,Maredumilli,Kakuru,0,0,2,2,0,0,0,2,0,2,0,0,0,2,0,0,2,0,2,2,0,0,2,2,0,0,2,2,0
2024-25,Andhra Pradesh,Alluri Sitharama Raju,Maredumilli,Vuthaluru,0,7,3,10,0,0,0,6,4,10,0,1,0,9,0,0,10,0,10,9,1,10,0,10,0,3,7,10,0
2024-25,Andhra Pradesh,Alluri Sitharama Raju,Maredumilli,Madduluru,0,3,0,1,1,1,0,3,0,3,0,0,0,3,0,0,3,0,3,3,0,1,2,3,0,0,3,3,0
2024-25,Andhra Pradesh,Alluri Sitharama Raju,Maredumilli,Pusiwada,0,2,1,1,1,1,0,0,3,2,1,0,0,3,0,0,3,0,3,2,1,1,2,0,3,0,3,3,0
2024-25,Andhra Pradesh,Alluri Sitharama Raju,Maredumilli,Pandirimamidikota,0,0,3,0,0,3,0,2,1,3,0,0,0,3,0,0,3,0,3,2,1,1,2,3,0,0,3,2,1
2024-25,Andhra Pradesh,Alluri Sitharama Raju,Maredumilli,Vetukuru,0,2,5,3,2,2,0,5,2,7,0,0,0,7,0,0,7,0,7,5,2,4,3,5,2,0,7,0,7
2024-25,Andhra Pradesh,Alluri Sitharama Raju,Maredumilli,Kadumuru,0,14,2,16,0,0,0,16,0,14,2,8,0,8,0,1,14,0,16,15,1,16,0,15,1,0,16,16,0
2024-25,Andhra Pradesh,Alluri Sitharama Raju,Maredumilli,Ramannavalasa,0,7,6,12,0,1,6,0,7,10,3,1,0,12,0,0,13,0,13,12,1,13,0,12,1,2,11,13,0
2024-25,Andhra Pradesh,Alluri Sitharama Raju,Maredumilli,Sripuram,0,1,1,2,0,0,2,0,0,2,0,0,0,2,0,1,1,0,2,2,0,1,1,2,0,0,2,1,1
2024-25,Andhra Pradesh,Alluri Sitharama Raju,Maredumilli,Sunnampadu,0,2,0,1,1,0,1,0,1,1,1,0,0,2,0,0,2,0,2,2,0,2,0,2,0,0,2,2,0
2024-25,Andhra Pradesh,Alluri Sitharama Raju,Maredumilli,Thadepalle,0,4,18,10,3,9,10,12,0,22,0,1,4,17,0,1,21,0,22,19,3,11,11,18,4,2,20,22,0
2024-25,Andhra Pradesh,Alluri Sitharama Raju,Maredumilli,Daravada,0,5,3,3,2,3,3,4,1,8,0,0,0,8,0,0,8,0,8,8,0,6,2,7,1,4,4,8,0
2024-25,Andhra Pradesh,Alluri Sitharama Raju,Maredumilli,Pedduru,0,0,4,2,1,1,4,0,0,4,0,0,0,4,0,0,4,0,4,4,0,2,2,4,0,1,3,4,0
2024-25,Andhra Pradesh,Alluri Sitharama Raju,Maredumilli,Maddiveedu,0,1,7,2,3,3,4,4,0,8,0,0,0,8,0,0,8,0,8,5,3,6,2,8,0,1,7,8,0
2024-25,Andhra Pradesh,Alluri Sitharama Raju,Maredumilli,Nurupudi,0,8,12,5,8,7,2,14,4,6,14,5,0,15,0,0,20,0,20,19,1,20,0,20,0,1,19,20,0
2024-25,Andhra Pradesh,Alluri Sitharama Raju,Maredumilli,Mallavaram,0,0,2,1,0,1,0,2,0,2,0,0,2,0,0,0,2,0,2,2,0,0,2,2,0,0,2,2,0
2024-25,Andhra Pradesh,Alluri Sitharama Raju,Maredumilli,Pujaripakalu,0,4,3,6,0,1,0,2,5,2,5,0,0,7,0,0,7,0,7,7,0,3,4,6,1,0,7,7,0
2024-25,Andhra Pradesh,Alluri Sitharama Raju,Maredumilli,Thurumamidi,0,3,0,3,0,0,0,0,3,3,0,0,0,3,0,0,3,0,3,3,0,1,2,3,0,0,3,3,0
2024-25,Andhra Pradesh,Alluri Sitharama Raju,Maredumilli,Kundada,0,3,9,6,3,3,0,12,0,7,5,0,1,11,0,0,12,0,12,12,0,10,2,12,0,0,12,12,0
2024-25,Andhra Pradesh,Alluri Sitharama Raju,Maredumilli,Kuduru,0,9,2,11,0,0,0,9,2,6,5,0,0,11,0,0,11,1,10,11,0,4,7,7,4,0,11,11,0
2024-25,Andhra Pradesh,Alluri Sitharama Raju,Maredumilli,Thurruru,0,4,8,10,0,2,11,0,1,9,3,0,0,12,0,0,12,0,12,12,0,11,1,10,2,0,12,11,1
2024-25,Andhra Pradesh,Alluri Sitharama Raju,Maredumilli,Munjamamidi,0,2,6,7,0,1,0,8,0,7,1,0,1,7,0,0,8,0,8,8,0,6,2,8,0,0,8,8,0
2024-25,Andhra Pradesh,Alluri Sitharama Raju,Maredumilli,Musuru,0,1,8,3,3,3,0,8,1,9,0,0,0,9,0,2,7,0,9,9,0,4,5,7,2,1,8,9,0
2024-25,Andhra Pradesh,Alluri Sitharama Raju,Maredumilli,Pullangi,0,2,1,2,0,1,0,3,0,3,0,0,0,3,0,0,3,0,3,2,1,2,1,3,0,1,2,2,1
2024-25,Andhra Pradesh,Alluri Sitharama Raju,Maredumilli,Addarivalasa,0,2,2,3,1,0,0,0,4,4,0,0,0,4,0,0,4,0,4,3,1,1,3,1,3,0,4,4,0
2024-25,Andhra Pradesh,Alluri Sitharama Raju,Maredumilli,Bodlanka,0,2,13,6,2,7,5,9,1,13,2,0,0,15,0,0,15,0,15,7,8,4,11,12,3,3,12,12,3
2024-25,Andhra Pradesh,Alluri Sitharama Raju,Maredumilli,Gundrathi,0,0,3,3,0,0,1,0,2,3,0,0,0,3,0,0,3,0,3,0,3,2,1,1,2,0,3,3,0
2024-25,Andhra Pradesh,Alluri Sitharama Raju,Maredumilli,Pamulamamidi,0,0,3,1,2,0,0,2,1,2,1,0,0,3,0,0,3,0,3,2,1,2,1,3,0,0,3,3,0
2024-25,Andhra Pradesh,Alluri Sitharama Raju,Maredumilli,Devarapalle,0,0,1,1,0,0,0,0,1,0,1,0,0,1,0,1,0,0,1,1,0,1,0,1,0,0,1,1,0
2024-25,Andhra Pradesh,Alluri Sitharama Raju,Maredumilli,Busigandi,0,2,1,3,0,0,0,0,3,3,0,0,0,3,0,0,3,0,3,3,0,3,0,2,1,0,3,3,0
2024-25,Andhra Pradesh,Alluri Sitharama Raju,Maredumilli,Munthamamidi,0,0,6,4,0,2,0,0,6,6,0,5,0,1,0,0,6,0,6,4,2,3,3,6,0,2,4,6,0
2024-25,Andhra Pradesh,Alluri Sitharama Raju,Maredumilli,Egavalasa,0,0,3,1,0,2,0,0,3,3,0,0,1,2,0,0,3,0,3,2,1,2,1,3,0,0,3,2,1
2024-25,Andhra Pradesh,Alluri Sitharama Raju,Maredumilli,Vyadapudi,0,5,0,1,1,3,1,0,4,2,3,0,1,4,0,0,5,0,5,4,1,3,2,4,1,1,4,5,0
2024-25,Andhra Pradesh,Alluri Sitharama Raju,Maredumilli,Denduluru,0,1,0,1,0,0,0,0,1,1,0,0,0,1,0,0,1,0,1,1,0,0,1,0,1,0,1,1,0
2024-25,Andhra Pradesh,Alluri Sitharama Raju,Maredumilli,Narsapuram,0,9,0,6,0,3,1,0,8,9,0,1,0,8,0,4,5,0,9,8,1,4,5,7,2,4,5,9,0
2024-25,Andhra Pradesh,Alluri Sitharama Raju,Maredumilli,Puttagondilanka,0,1,3,3,0,1,1,3,0,4,0,0,2,2,0,0,4,0,4,4,0,2,2,3,1,0,4,4,0
2024-25,Andhra Pradesh,Alluri Sitharama Raju,Maredumilli,D. Velamalakota,0,5,14,13,3,3,5,1,13,19,0,1,1,17,0,0,19,0,19,19,0,6,13,15,4,1,18,19,0
2024-25,Andhra Pradesh,Alluri Sitharama Raju,Maredumilli,Doramamidi,0,3,3,6,0,0,4,2,0,6,0,1,1,4,0,0,6,0,6,6,0,3,3,3,3,0,6,6,0
2024-25,Andhra Pradesh,Alluri Sitharama Raju,Maredumilli,Chakkavada,0,0,9,6,1,2,5,4,0,6,3,0,1,8,0,0,9,0,9,2,7,3,6,6,3,0,9,9,0
2024-25,Andhra Pradesh,Alluri Sitharama Raju,Maredumilli,Bhimavaram,0,1,6,0,3,4,0,7,0,6,1,0,0,7,0,0,7,0,7,7,0,0,7,6,1,0,7,7,0
2024-25,Andhra Pradesh,Alluri Sitharama Raju,Maredumilli,Muchilivada,0,0,7,0,5,2,0,5,2,6,1,0,0,7,0,0,7,0,7,7,0,2,5,7,0,0,7,4,3
2024-25,Andhra Pradesh,Alluri Sitharama Raju,Maredumilli,Ivampalle,0,4,2,3,0,3,0,4,2,6,0,0,1,5,0,0,6,0,6,6,0,1,5,6,0,0,6,6,0
2024-25,Andhra Pradesh,Alluri Sitharama Raju,Maredumilli,Madduluru,0,0,4,3,1,0,0,4,0,4,0,0,0,4,0,0,4,0,4,4,0,2,2,3,1,0,4,4,0
2024-25,Andhra Pradesh,Alluri Sitharama Raju,Maredumilli,Maredumilli,0,6,12,5,6,7,0,11,7,14,4,0,0,18,0,1,17,0,18,18,0,4,14,17,1,0,18,17,1
2024-25,Andhra Pradesh,Alluri Sitharama Raju,Maredumilli,Kutravada,0,5,3,0,8,0,0,8,0,8,0,0,0,8,0,0,8,0,8,6,2,5,3,8,0,2,6,8,0
2024-25,Andhra Pradesh,Alluri Sitharama Raju,Maredumilli,Pamuleru,0,0,5,3,2,0,0,5,0,5,0,0,0,5,0,0,5,0,5,4,1,3,2,5,0,0,5,2,3
2024-25,Andhra Pradesh,Alluri Sitharama Raju,Maredumilli,Boduluru,0,0,5,0,1,4,0,0,5,1,4,1,0,4,0,0,5,0,5,3,2,0,4,4,1,0,5,5,0
2024-25,Andhra Pradesh,Alluri Sitharama Raju,Maredumilli,Kondavada,0,0,3,0,3,0,0,1,2,2,1,0,0,3,0,0,3,0,3,3,0,2,1,3,0,0,3,3,0
2024-25,Andhra Pradesh,Alluri Sitharama Raju,Maredumilli,Gumpenagandi,0,0,3,1,1,1,0,0,3,3,0,0,0,3,0,0,3,0,3,1,2,1,2,2,1,0,3,3,0
2024-25,Andhra Pradesh,Alluri Sitharama Raju,Maredumilli,Peddamarri,0,0,2,1,0,1,0,2,0,0,2,0,0,2,0,0,2,0,2,0,2,0,2,2,0,0,2,0,2
2024-25,Andhra Pradesh,Alluri Sitharama Raju,Maredumilli,Gudisa,0,0,3,0,2,1,1,0,2,3,0,0,0,3,0,0,3,0,3,2,1,2,1,3,0,0,3,3,0
2024-25,Andhra Pradesh,Alluri Sitharama Raju,Maredumilli,Banda,0,4,5,4,2,3,4,5,0,9,0,0,0,9,0,0,9,0,9,1,8,7,2,7,2,0,9,9,0
2024-25,Andhra Pradesh,Alluri Sitharama Raju,Maredumilli,Potlavada,0,0,3,3,0,0,0,3,0,3,0,0,0,3,0,0,3,0,3,3,0,2,1,3,0,0,3,3,0
2024-25,Andhra Pradesh,Alluri Sitharama Raju,Maredumilli,Katchalavada,0,2,2,0,2,2,0,3,1,1,3,0,0,4,0,0,4,0,4,2,2,1,3,4,0,0,4,1,3
2024-25,Andhra Pradesh,Alluri Sitharama Raju,Maredumilli,Chatlavada,0,1,3,2,2,0,0,0,4,4,0,0,0,4,0,1,3,0,4,1,3,1,3,3,1,0,4,4,0
2024-25,Andhra Pradesh,Alluri Sitharama Raju,Munchingi Puttu,Ontiputtu,0,6,5,10,0,1,0,0,11,10,1,0,0,11,0,0,11,0,11,11,0,10,1,11,0,11,0,11,0
2024-25,Andhra Pradesh,Alluri Sitharama Raju,Munchingi Puttu,Jangam Puttu,0,7,2,8,0,1,0,4,5,9,0,1,0,8,0,0,9,0,9,9,0,0,9,9,0,0,9,7,2
2024-25,Andhra Pradesh,Alluri Sitharama Raju,Munchingi Puttu,Kumada,0,2,0,2,0,0,0,0,2,2,0,2,0,0,0,0,2,0,2,2,0,2,0,2,0,2,0,2,0
2024-25,Andhra Pradesh,Alluri Sitharama Raju,Munchingi Puttu,Tudumurai,0,5,1,6,0,0,0,2,4,6,0,0,0,6,0,0,6,0,6,6,0,3,3,6,0,1,5,6,0
2024-25,Andhra Pradesh,Alluri Sitharama Raju,Munchingi Puttu,Degalaputtu,0,0,1,1,0,0,0,0,1,1,0,0,0,1,0,0,1,0,1,1,0,1,0,1,0,1,0,1,0
2024-25,Andhra Pradesh,Alluri Sitharama Raju,Munchingi Puttu,Pedatamminagula,0,4,3,3,0,4,0,5,2,7,0,0,4,3,0,0,7,0,7,5,2,3,4,7,0,0,7,7,0
2024-25,Andhra Pradesh,Alluri Sitharama Raju,Munchingi Puttu,Borramamidi,0,4,1,5,0,0,1,0,4,5,0,0,0,5,0,0,5,0,5,5,0,5,0,5,0,5,0,5,0
2024-25,Andhra Pradesh,Alluri Sitharama Raju,Munchingi Puttu,Raipalli,0,21,8,27,0,2,2,12,15,26,3,3,0,26,0,0,29,0,29,29,0,23,6,29,0,22,7,27,2
2024-25,Andhra Pradesh,Alluri Sitharama Raju,Munchingi Puttu,Antabongu,0,0,5,5,0,0,0,2,3,3,2,1,0,4,0,0,5,0,5,5,0,2,3,5,0,2,3,5,0
2024-25,Andhra Pradesh,Alluri Sitharama Raju,Munchingi Puttu,Antlavada,0,1,2,3,0,0,0,0,3,3,0,3,0,0,0,0,3,0,3,3,0,3,0,3,0,3,0,3,0
2024-25,Andhra Pradesh,Alluri Sitharama Raju,Munchingi Puttu,Sujanakotapeta,0,2,2,4,0,0,1,0,3,4,0,0,0,4,0,0,4,0,4,3,1,2,2,4,0,4,0,4,0
2024-25,Andhra Pradesh,Alluri Sitharama Raju,Munchingi Puttu,Dabuguda,0,1,1,2,0,0,0,0,2,2,0,0,0,2,0,0,2,0,2,2,0,2,0,2,0,2,0,2,0
2024-25,Andhra Pradesh,Alluri Sitharama Raju,Munchingi Puttu,Garram,0,5,2,7,0,0,0,3,4,7,0,1,0,6,0,0,7,0,7,7,0,6,1,7,0,6,1,7,0
2024-25,Andhra Pradesh,Alluri Sitharama Raju,Munchingi Puttu,Hamsabanda,0,4,1,5,0,0,1,1,3,5,0,5,0,0,0,0,5,0,5,5,0,3,2,5,0,4,1,5,0
2024-25,Andhra Pradesh,Alluri Sitharama Raju,Munchingi Puttu,Solagamputtu,0,1,0,1,0,0,0,1,0,0,1,0,0,1,0,0,1,0,1,1,0,1,0,1,0,1,0,1,0
2024-25,Andhra Pradesh,Alluri Sitharama Raju,Munchingi Puttu,Barada,0,5,0,5,0,0,0,3,2,4,1,4,0,1,0,0,5,0,5,5,0,3,2,5,0,5,0,5,0
2024-25,Andhra Pradesh,Alluri Sitharama Raju,Munchingi Puttu,Karabayalu,0,1,0,1,0,0,0,1,0,0,1,0,0,1,0,0,1,0,1,1,0,1,0,1,0,1,0,1,0
2024-25,Andhra Pradesh,Alluri Sitharama Raju,Munchingi Puttu,Adarladi @ Mukki Puttu,0,4,1,5,0,0,0,4,1,4,1,0,0,5,0,0,5,0,5,5,0,4,1,5,0,4,1,5,0
2024-25,Andhra Pradesh,Alluri Sitharama Raju,Munchingi Puttu,Kantavaram,0,4,2,4,0,2,1,2,3,6,0,2,0,4,0,0,6,0,6,6,0,6,0,6,0,3,3,1,5
2024-25,Andhra Pradesh,Alluri Sitharama Raju,Munchingi Puttu,Vanugumma,0,7,2,9,0,0,3,0,6,8,1,0,0,9,0,0,9,0,9,7,2,9,0,9,0,9,0,9,0
2024-25,Andhra Pradesh,Alluri Sitharama Raju,Munchingi Puttu,Dasariputtu,0,3,3,5,0,1,1,1,4,6,0,1,0,5,0,0,6,0,6,6,0,6,0,6,0,5,1,5,1
2024-25,Andhra Pradesh,Alluri Sitharama Raju,Munchingi Puttu,Bungaputtu,0,3,1,4,0,0,0,2,2,4,0,4,0,0,0,0,4,0,4,2,2,3,1,4,0,4,0,4,0
2024-25,Andhra Pradesh,Alluri Sitharama Raju,Munchingi Puttu,Gedelabanda,0,3,1,4,0,0,0,3,1,4,0,1,0,3,0,0,4,0,4,4,0,4,0,3,1,4,0,4,0
2024-25,Andhra Pradesh,Alluri Sitharama Raju,Munchingi Puttu,Boddagondi,0,1,0,1,0,0,0,0,1,1,0,1,0,0,0,0,1,0,1,1,0,1,0,1,0,0,1,1,0
2024-25,Andhra Pradesh,Alluri Sitharama Raju,Munchingi Puttu,Domaliputtu,0,2,4,6,0,0,0,3,3,6,0,0,0,6,0,0,6,0,6,6,0,5,1,6,0,3,3,5,1
2024-25,Andhra Pradesh,Alluri Sitharama Raju,Munchingi Puttu,Baliyaguda,0,3,0,3,0,0,0,2,1,0,3,2,0,1,0,0,3,0,3,3,0,2,1,3,0,2,1,3,0
2024-25,Andhra Pradesh,Alluri Sitharama Raju,Munchingi Puttu,Kummariputtu,0,4,2,6,0,0,0,0,6,6,0,0,0,6,0,0,6,0,6,6,0,6,0,6,0,6,0,6,0
2024-25,Andhra Pradesh,Alluri Sitharama Raju,Munchingi Puttu,Chekuchinta,0,7,9,13,0,3,0,10,6,16,0,0,0,16,0,0,16,0,16,16,0,3,13,15,1,3,13,7,9
2024-25,Andhra Pradesh,Alluri Sitharama Raju,Munchingi Puttu,Sujanakota,0,5,0,5,0,0,0,0,5,5,0,0,0,5,0,0,5,0,5,3,2,5,0,5,0,5,0,5,0
2024-25,Andhra Pradesh,Alluri Sitharama Raju,Munchingi Puttu,Malakariputtu,0,17,9,25,0,1,2,1,23,26,0,0,8,18,0,0,26,0,26,25,1,19,7,26,0,22,4,26,0
2024-25,Andhra Pradesh,Alluri Sitharama Raju,Munchingi Puttu,Kanguputtu,0,6,3,8,0,1,1,1,7,9,0,2,0,7,0,0,9,0,9,9,0,7,2,9,0,5,4,8,1
2024-25,Andhra Pradesh,Alluri Sitharama Raju,Munchingi Puttu,Vetchangi,0,4,3,6,0,1,1,1,5,7,0,0,0,7,0,0,7,0,7,7,0,7,0,7,0,5,2,7,0
2024-25,Andhra Pradesh,Alluri Sitharama Raju,Munchingi Puttu,Pulijalama,0,1,3,4,0,0,0,3,1,3,1,1,0,3,0,0,4,0,4,4,0,4,0,4,0,3,1,4,0
2024-25,Andhra Pradesh,Alluri Sitharama Raju,Munchingi Puttu,Santaveedhi,0,4,2,5,0,1,0,0,6,3,3,3,0,3,0,0,6,0,6,6,0,4,2,6,0,0,6,4,2
2024-25,Andhra Pradesh,Alluri Sitharama Raju,Munchingi Puttu,Vuppacheruvu,0,5,1,4,0,2,1,2,3,4,2,0,0,6,0,0,6,0,6,6,0,6,0,6,0,1,5,4,2
2024-25,Andhra Pradesh,Alluri Sitharama Raju,Munchingi Puttu,Saradhi,0,3,9,10,0,2,0,9,3,12,0,3,0,9,0,0,12,0,12,11,1,0,12,11,1,0,12,1,11
2024-25,Andhra Pradesh,Alluri Sitharama Raju,Munchingi Puttu,Panasa,0,5,1,6,0,0,2,0,4,4,2,0,0,6,0,0,6,0,6,6,0,6,0,6,0,3,3,5,1
2024-25,Andhra Pradesh,Alluri Sitharama Raju,Munchingi Puttu,Karimikiputtu,0,1,5,5,0,1,0,0,6,6,0,4,0,2,0,0,6,0,6,6,0,4,2,6,0,3,3,6,0
2024-25,Andhra Pradesh,Alluri Sitharama Raju,Munchingi Puttu,Babusala,0,11,4,14,1,0,6,0,9,15,0,0,0,15,0,1,14,0,15,15,0,8,7,15,0,7,8,13,2
2024-25,Andhra Pradesh,Alluri Sitharama Raju,Munchingi Puttu,Gadelaputtu,0,6,2,8,0,0,1,0,7,8,0,0,0,8,0,0,8,0,8,7,1,8,0,8,0,4,4,8,0
2024-25,Andhra Pradesh,Alluri Sitharama Raju,Munchingi Puttu,Malluduputtu,0,1,2,2,0,1,0,0,3,3,0,0,0,3,0,0,3,0,3,3,0,3,0,3,0,3,0,3,0
2024-25,Andhra Pradesh,Alluri Sitharama Raju,Munchingi Puttu,Tontaputtu,0,4,0,4,0,0,0,0,4,4,0,0,0,4,0,0,4,0,4,4,0,3,1,4,0,4,0,4,0
2024-25,Andhra Pradesh,Alluri Sitharama Raju,Munchingi Puttu,Beeta,0,0,2,1,0,1,0,0,2,2,0,0,0,2,0,0,2,0,2,1,1,2,0,2,0,2,0,2,0
2024-25,Andhra Pradesh,Alluri Sitharama Raju,Munchingi Puttu,Kusumaguda,0,2,0,1,0,1,2,0,0,0,2,0,1,1,0,0,2,0,2,2,0,0,2,2,0,0,2,2,0
2024-25,Andhra Pradesh,Alluri Sitharama Raju,Munchingi Puttu,Pedapadu,0,2,3,5,0,0,0,4,1,5,0,0,0,5,0,0,5,0,5,5,0,0,5,5,0,0,5,1,4
2024-25,Andhra Pradesh,Alluri Sitharama Raju,Munchingi Puttu,Kujabhangi,0,8,1,7,0,2,0,7,2,9,0,3,0,6,0,0,9,0,9,9,0,4,5,8,1,8,1,9,0
2024-25,Andhra Pradesh,Alluri Sitharama Raju,Munchingi Puttu,Rangini Konda,0,2,0,2,0,0,0,1,1,2,0,0,0,2,0,0,2,0,2,2,0,1,1,2,0,2,0,2,0
2024-25,Andhra Pradesh,Alluri Sitharama Raju,Munchingi Puttu,Sariyapalle,0,7,6,12,1,0,3,4,6,11,2,3,4,6,0,0,13,0,13,13,0,7,6,13,0,7,6,13,0
2024-25,Andhra Pradesh,Alluri Sitharama Raju,Munchingi Puttu,Sarabha Puttu,0,2,0,2,0,0,0,0,2,2,0,0,0,2,0,0,2,0,2,2,0,2,0,2,0,0,2,2,0
2024-25,Andhra Pradesh,Alluri Sitharama Raju,Munchingi Puttu,Solagam Puttu,0,1,0,1,0,0,0,0,1,1,0,1,0,0,0,0,1,0,1,1,0,0,1,1,0,0,1,1,0
2024-25,Andhra Pradesh,Alluri Sitharama Raju,Nellipaka,Yetapaka,0,15,10,2,2,21,0,23,2,25,0,8,1,16,0,0,25,0,25,25,0,6,19,25,0,15,10,25,0
2024-25,Andhra Pradesh,Alluri Sitharama Raju,Nellipaka,Chandrampalem,0,8,2,0,0,10,0,4,6,10,0,0,0,10,0,0,10,0,10,10,0,5,5,10,0,5,5,10,0
2024-25,Andhra Pradesh,Alluri Sitharama Raju,Nellipaka,Seethampeta,0,10,0,2,0,8,0,7,3,10,0,3,0,7,0,0,10,0,10,10,0,8,2,10,0,5,5,10,0
2024-25,Andhra Pradesh,Alluri Sitharama Raju,Nellipaka,Yerraboru,0,5,0,2,1,2,0,1,4,5,0,3,0,2,0,0,5,0,5,5,0,5,0,5,0,4,1,5,0
2024-25,Andhra Pradesh,Alluri Sitharama Raju,Nellipaka,Pinapalle,0,15,4,1,2,16,0,19,0,19,0,15,0,4,10,0,9,0,19,19,0,19,0,19,0,10,9,12,7
2024-25,Andhra Pradesh,Alluri Sitharama Raju,Nellipaka,Pandurangapuram,0,2,0,0,0,2,0,2,0,2,0,0,0,2,0,0,2,0,2,2,0,2,0,2,0,1,1,2,0
2024-25,Andhra Pradesh,Alluri Sitharama Raju,Nellipaka,Kistaram,0,13,7,1,1,18,0,16,4,20,0,3,0,17,0,0,20,0,20,18,2,19,1,20,0,17,3,20,0
2024-25,Andhra Pradesh,Alluri Sitharama Raju,Nellipaka,Ramagopalapuram,0,10,0,0,1,9,0,10,0,10,0,7,0,3,8,0,2,0,10,10,0,10,0,10,0,4,6,10,0
2024-25,Andhra Pradesh,Alluri Sitharama Raju,Nellipaka,Gottugudem,0,5,1,2,2,2,0,6,0,6,0,5,0,1,0,0,6,0,6,6,0,4,2,6,0,5,1,6,0
2024-25,Andhra Pradesh,Alluri Sitharama Raju,Nellipaka,Fergusanpeta,0,1,0,0,0,1,0,1,0,1,0,0,0,1,0,0,1,0,1,1,0,1,0,1,0,0,1,1,0
2024-25,Andhra Pradesh,Alluri Sitharama Raju,Nellipaka,Kannaigudem,1,4,0,3,0,2,0,5,0,5,0,2,0,3,0,0,5,0,5,5,0,1,4,5,0,0,5,5,0
2024-25,Andhra Pradesh,Alluri Sitharama Raju,Nellipaka,Penuballe,0,11,1,1,0,11,0,8,4,12,0,7,0,5,0,0,12,0,12,12,0,4,8,12,0,9,3,12,0
2024-25,Andhra Pradesh,Alluri Sitharama Raju,Nellipaka,Pitchikalapadu,0,35,3,0,7,31,0,38,0,36,2,6,3,29,0,0,38,0,38,38,0,38,0,38,0,33,5,38,0
2024-25,Andhra Pradesh,Alluri Sitharama Raju,Nellipaka,Nellipaka,0,12,2,0,2,12,0,7,7,14,0,14,0,0,6,0,8,0,14,14,0,14,0,14,0,11,3,12,2
2024-25,Andhra Pradesh,Alluri Sitharama Raju,Nellipaka,Thotapalle,0,1,0,0,0,1,0,0,1,1,0,1,0,0,0,0,1,0,1,1,0,1,0,1,0,0,1,1,0
2024-25,Andhra Pradesh,Alluri Sitharama Raju,Nellipaka,Devarapalle,0,1,0,0,1,0,0,1,0,1,0,1,0,0,0,0,1,0,1,1,0,1,0,1,0,0,1,1,0
2024-25,Andhra Pradesh,Alluri Sitharama Raju,Nellipaka,Pattucheera,0,2,0,0,0,2,0,2,0,2,0,2,0,0,1,0,1,0,2,2,0,2,0,2,0,1,1,2,0
2024-25,Andhra Pradesh,Alluri Sitharama Raju,Nellipaka,Kothagudem,0,21,2,0,1,22,0,21,2,23,0,15,0,8,8,0,15,0,23,23,0,23,0,23,0,17,6,23,0
2024-25,Andhra Pradesh,Alluri Sitharama Raju,Nellipaka,Ayyavaripeta,0,1,0,0,0,1,0,1,0,1,0,0,0,1,1,0,0,0,1,1,0,1,0,1,0,1,0,1,0
2024-25,Andhra Pradesh,Alluri Sitharama Raju,Nellipaka,Achuthapuram,0,15,6,0,1,20,0,17,4,21,0,7,0,14,0,0,21,0,21,21,0,21,0,21,0,8,13,21,0
2024-25,Andhra Pradesh,Alluri Sitharama Raju,Nellipaka,Chelempalem,0,12,1,0,1,12,0,12,1,13,0,7,0,6,6,0,7,0,13,13,0,12,1,13,0,6,7,13,0
2024-25,Andhra Pradesh,Alluri Sitharama Raju,Nellipaka,Gowridevi Peta,0,0,1,0,0,1,0,1,0,1,0,1,0,0,0,0,1,0,1,1,0,1,0,1,0,1,0,1,0
2024-25,Andhra Pradesh,Alluri Sitharama Raju,Nellipaka,Bandirevu,0,0,9,3,0,6,0,9,0,9,0,9,0,0,4,0,5,0,9,9,0,9,0,9,0,5,4,9,0
2024-25,Andhra Pradesh,Alluri Sitharama Raju,Nellipaka,Boddugudem,0,2,0,0,0,2,0,1,1,2,0,1,0,1,1,0,1,0,2,2,0,2,0,2,0,2,0,2,0
2024-25,Andhra Pradesh,Alluri Sitharama Raju,Nellipaka,Gundala,0,16,1,0,2,15,0,17,0,17,0,7,0,10,5,0,12,0,17,17,0,17,0,17,0,6,11,15,2
2024-25,Andhra Pradesh,Alluri Sitharama Raju,Nellipaka,Chowdavaram,0,5,1,0,1,5,0,6,0,6,0,4,0,2,1,0,5,0,6,6,0,6,0,6,0,3,3,6,0
2024-25,Andhra Pradesh,Alluri Sitharama Raju,Nellipaka,K. Narayanapuram,0,2,0,1,1,0,0,0,2,2,0,0,0,2,0,0,2,0,2,2,0,2,0,2,0,1,1,2,0
2024-25,Andhra Pradesh,Alluri Sitharama Raju,Nellipaka,Kannapuram,0,1,0,0,0,1,0,1,0,1,0,1,0,0,1,0,0,0,1,1,0,1,0,1,0,1,0,1,0
2024-25,Andhra Pradesh,Alluri Sitharama Raju,Nellipaka,Lakshmidevipeta,0,3,2,0,1,4,0,5,0,5,0,2,0,3,0,0,5,0,5,5,0,5,0,5,0,1,4,5,0
2024-25,Andhra Pradesh,Alluri Sitharama Raju,Nellipaka,Kannapuram,0,4,0,0,1,3,0,4,0,4,0,4,0,0,1,0,3,0,4,4,0,4,0,4,0,3,1,4,0
2024-25,Andhra Pradesh,Alluri Sitharama Raju,Nellipaka,Dammapeta,0,3,0,0,0,3,0,3,0,3,0,3,0,0,1,0,2,0,3,3,0,3,0,3,0,3,0,3,0
2024-25,Andhra Pradesh,Alluri Sitharama Raju,Nellipaka,Narasingapeta,0,1,0,0,0,1,0,1,0,1,0,0,0,1,0,0,1,0,1,1,0,1,0,1,0,1,0,1,0
2024-25,Andhra Pradesh,Alluri Sitharama Raju,Nellipaka,Chinthalagudem,0,13,3,6,0,10,0,14,2,16,0,7,0,9,0,0,16,0,16,16,0,11,5,16,0,8,8,16,0
2024-25,Andhra Pradesh,Alluri Sitharama Raju,Nellipaka,Rayanapeta,0,14,8,7,0,15,0,12,10,22,0,12,0,10,0,0,22,0,22,21,1,9,13,22,0,6,16,22,0
2024-25,Andhra Pradesh,Alluri Sitharama Raju,Nellipaka,Chinna Nallakunta,0,5,0,0,0,5,0,5,0,5,0,1,0,4,1,0,4,0,5,5,0,5,0,5,0,0,5,5,0
2024-25,Andhra Pradesh,Alluri Sitharama Raju,Nellipaka,Madhavaraopeta,0,2,1,0,0,3,1,2,0,3,0,3,0,0,2,0,1,0,3,3,0,3,0,3,0,3,0,3,0
2024-25,Andhra Pradesh,Alluri Sitharama Raju,Nellipaka,Viswapuram,0,10,1,0,0,11,0,2,9,11,0,8,0,3,0,0,11,0,11,11,0,6,5,11,0,10,1,11,0
2024-25,Andhra Pradesh,Alluri Sitharama Raju,Nellipaka,Kusumanapalle,0,29,0,0,1,28,0,29,0,28,1,21,0,8,2,0,27,0,29,29,0,29,0,28,0,26,3,27,2
2024-25,Andhra Pradesh,Alluri Sitharama Raju,Nellipaka,Buttaigudem,0,2,0,0,0,2,0,2,0,2,0,2,0,0,2,0,0,0,2,2,0,2,0,2,0,0,2,2,0
2024-25,Andhra Pradesh,Alluri Sitharama Raju,Nellipaka,Tripura Penta Veedu,0,6,0,0,3,3,0,6,0,6,0,6,0,0,2,0,4,0,6,6,0,6,0,6,0,5,1,6,0
2024-25,Andhra Pradesh,Alluri Sitharama Raju,Nellipaka,Thunikicheruvu,0,1,0,0,0,1,0,1,0,1,0,0,0,1,0,0,1,0,1,1,0,1,0,1,0,1,0,1,0
2024-25,Andhra Pradesh,Alluri Sitharama Raju,Nellipaka,Rangapuram,0,2,1,0,0,3,0,3,0,3,0,3,0,0,0,0,3,0,3,3,0,3,0,3,0,2,1,3,0
2024-25,Andhra Pradesh,Alluri Sitharama Raju,Nellipaka,Lingalapalle,0,4,0,0,0,4,0,4,0,3,1,0,0,4,0,0,4,0,4,4,0,4,0,4,0,0,4,4,0
2024-25,Andhra Pradesh,Alluri Sitharama Raju,Paderu,Raigedda,0,0,1,0,1,0,0,0,1,1,0,0,0,1,0,0,1,0,1,1,0,0,1,1,0,0,1,1,0
2024-25,Andhra Pradesh,Alluri Sitharama Raju,Paderu,Kinchuru,0,1,4,1,3,1,3,0,2,4,1,0,0,5,0,0,5,0,5,0,5,0,5,1,4,0,5,5,0
2024-25,Andhra Pradesh,Alluri Sitharama Raju,Paderu,Gurupalle,0,21,0,0,21,0,0,21,0,0,21,3,7,11,0,21,0,0,21,0,21,8,13,17,4,7,14,0,21
2024-25,Andhra Pradesh,Alluri Sitharama Raju,Paderu,Vanthadapalle,3,11,18,8,13,11,1,13,18,26,6,14,0,18,0,0,30,1,30,16,16,22,10,29,3,7,25,31,1
2024-25,Andhra Pradesh,Alluri Sitharama Raju,Paderu,Thumpada,0,10,14,8,9,7,0,9,15,23,1,2,1,21,0,1,23,0,24,7,17,16,8,22,2,1,23,23,1
2024-25,Andhra Pradesh,Alluri Sitharama Raju,Paderu,Ubbediputtu,0,6,1,2,5,0,0,5,2,7,0,1,0,6,0,0,7,0,7,3,4,5,2,7,0,1,6,7,0
2024-25,Andhra Pradesh,Alluri Sitharama Raju,Paderu,Kummariputtu,0,9,4,2,10,1,8,0,5,13,0,3,0,10,0,0,13,0,13,8,5,8,5,10,3,4,9,13,0
2024-25,Andhra Pradesh,Alluri Sitharama Raju,Paderu,Chintala Veedhi,0,4,5,0,9,0,0,2,7,8,1,1,0,8,0,0,9,0,9,6,3,9,0,9,0,0,9,9,0
2024-25,Andhra Pradesh,Alluri Sitharama Raju,Paderu,Pathapaderu,0,13,1,0,14,1,0,13,2,2,13,1,5,8,0,12,2,0,14,0,15,6,9,10,5,5,10,2,13
2024-25,Andhra Pradesh,Alluri Sitharama Raju,Paderu,Nereduvalasa,0,1,1,0,0,2,0,2,0,2,0,0,0,2,0,0,2,0,2,1,1,2,0,2,0,0,2,2,0
2024-25,Andhra Pradesh,Alluri Sitharama Raju,Paderu,Gabbangi,0,0,1,0,1,0,0,1,0,0,1,0,0,1,0,0,1,0,1,0,1,0,1,1,0,1,0,1,0
2024-25,Andhra Pradesh,Alluri Sitharama Raju,Paderu,Panasapalle,0,10,14,2,19,3,9,6,9,21,3,9,3,12,0,0,24,0,24,13,11,16,8,24,0,0,24,24,0
2024-25,Andhra Pradesh,Alluri Sitharama Raju,Paderu,Dalimputtu,0,5,1,1,4,1,4,0,2,6,0,1,0,5,0,0,6,0,6,0,6,1,5,6,0,0,6,6,0
2024-25,Andhra Pradesh,Alluri Sitharama Raju,Paderu,Iradapalle,0,4,2,0,3,3,0,5,2,6,1,0,0,6,0,0,6,0,6,5,2,7,0,7,0,0,7,7,0
2024-25,Andhra Pradesh,Alluri Sitharama Raju,Paderu,Cheemalapalle,0,5,1,0,6,0,0,1,5,4,2,4,0,2,0,0,6,0,6,4,2,2,4,6,0,0,6,6,0
2024-25,Andhra Pradesh,Alluri Sitharama Raju,Paderu,Kakki,0,0,1,0,1,0,0,0,1,1,0,0,0,1,0,0,1,0,1,0,1,0,1,1,0,0,1,1,0
2024-25,Andhra Pradesh,Alluri Sitharama Raju,Paderu,Jeelugupadu,0,1,5,0,6,0,2,0,4,6,0,1,0,5,0,0,6,0,6,1,5,2,4,6,0,1,5,6,0
2024-25,Andhra Pradesh,Alluri Sitharama Raju,Paderu,Birimisala,0,1,0,1,0,0,0,0,1,1,0,0,0,1,0,0,1,0,1,0,1,0,1,0,1,0,1,1,0
2024-25,Andhra Pradesh,Alluri Sitharama Raju,Paderu,Malakapolam,0,16,9,5,15,5,10,7,8,25,0,13,2,10,0,1,23,1,24,7,18,21,4,25,0,4,21,25,0
2024-25,Andhra Pradesh,Alluri Sitharama Raju,Paderu,Pothampalem,0,0,1,0,1,0,0,0,1,1,0,1,0,0,0,0,1,0,1,0,1,1,0,1,0,0,1,1,0
2024-25,Andhra Pradesh,Alluri Sitharama Raju,Paderu,Bidarigaruvu,0,0,1,1,0,0,0,0,1,1,0,1,0,0,0,0,1,0,1,1,0,0,1,0,1,1,0,1,0
2024-25,Andhra Pradesh,Alluri Sitharama Raju,Paderu,Jodimamidi,0,0,1,0,0,1,0,0,1,1,0,0,0,1,0,0,1,0,1,1,0,0,1,1,0,1,0,1,0
2024-25,Andhra Pradesh,Alluri Sitharama Raju,Paderu,Vurugonda,0,6,5,4,7,0,5,2,4,9,2,2,0,9,0,1,10,0,11,3,8,8,3,11,0,1,10,11,0
2024-25,Andhra Pradesh,Alluri Sitharama Raju,Paderu,Barluputtu,0,0,1,0,1,0,1,0,0,1,0,0,0,1,0,0,1,0,1,0,1,0,1,1,0,0,1,1,0
2024-25,Andhra Pradesh,Alluri Sitharama Raju,Paderu,Valasamamidi,0,2,3,0,5,0,2,0,3,5,0,3,0,2,0,0,5,0,5,0,5,5,0,5,0,0,5,5,0
2024-25,Andhra Pradesh,Alluri Sitharama Raju,Paderu,Darapalle,0,0,2,1,0,1,1,0,1,2,0,2,0,0,0,0,2,0,2,0,2,0,2,2,0,2,0,2,0
2024-25,Andhra Pradesh,Alluri Sitharama Raju,Paderu,Salugu,0,3,0,0,2,1,0,0,3,1,2,3,0,0,0,0,3,0,3,2,1,0,3,3,0,1,2,3,0
2024-25,Andhra Pradesh,Alluri Sitharama Raju,Paderu,Lagisapalle,0,1,0,0,1,0,0,0,1,1,0,1,0,0,0,0,1,0,1,1,0,1,0,1,0,0,1,1,0
2024-25,Andhra Pradesh,Alluri Sitharama Raju,Paderu,Kadeli,0,6,0,0,6,0,0,6,0,0,6,2,3,1,0,6,0,0,6,0,6,4,2,6,0,2,4,0,6
2024-25,Andhra Pradesh,Alluri Sitharama Raju,Paderu,Talarisingi,0,3,3,2,4,0,0,2,4,6,0,0,0,6,0,0,6,0,6,5,1,5,1,6,0,1,5,6,0
2024-25,Andhra Pradesh,Alluri Sitharama Raju,Paderu,Gudivada (Ct),0,6,0,2,4,0,0,5,1,3,3,0,4,2,0,4,2,0,6,2,4,2,4,6,0,1,5,4,2
2024-25,Andhra Pradesh,Alluri Sitharama Raju,Paderu,Thotalagondi,0,3,1,0,4,0,3,1,0,4,0,0,0,4,0,0,4,0,4,0,4,2,2,0,4,0,4,4,0
2024-25,Andhra Pradesh,Alluri Sitharama Raju,Paderu,Isakagaruvu,0,0,9,8,0,1,4,0,5,9,0,7,0,2,0,0,9,0,9,2,7,0,9,5,4,7,2,9,0
2024-25,Andhra Pradesh,Alluri Sitharama Raju,Paderu,Gondeli,0,2,0,0,1,1,1,1,0,2,0,2,0,0,0,0,2,0,2,0,2,2,0,2,0,0,2,2,0
2024-25,Andhra Pradesh,Alluri Sitharama Raju,Paderu,Vanthalamamidi,0,1,0,1,0,0,0,0,1,1,0,0,0,1,0,0,1,0,1,0,1,1,0,1,0,1,0,0,1
2024-25,Andhra Pradesh,Alluri Sitharama Raju,Paderu,Antilova,0,7,4,2,6,3,3,4,4,9,2,6,0,5,0,2,9,0,11,2,9,11,0,11,0,0,11,11,0
2024-25,Andhra Pradesh,Alluri Sitharama Raju,Paderu,Dokuluru,1,14,12,1,18,8,2,14,11,20,7,7,0,20,0,1,26,0,27,13,15,23,5,28,0,1,27,28,0
2024-25,Andhra Pradesh,Alluri Sitharama Raju,Paderu,Lingaputtu,0,6,1,0,7,0,3,1,3,4,3,1,0,6,0,0,7,0,7,3,4,5,2,7,0,0,7,7,0
2024-25,Andhra Pradesh,Alluri Sitharama Raju,Paderu,Nereduvalasa,0,2,7,0,6,3,1,4,4,9,0,0,0,9,0,0,9,0,9,4,5,4,5,9,0,0,9,9,0
2024-25,Andhra Pradesh,Alluri Sitharama Raju,Paderu,Chintagondi,0,0,1,0,1,0,0,0,1,0,1,1,0,0,0,0,1,0,1,1,0,1,0,1,0,1,0,1,0
2024-25,Andhra Pradesh,Alluri Sitharama Raju,Paderu,Vanthalagummi,0,1,0,0,0,1,0,0,1,1,0,1,0,0,0,0,1,0,1,1,0,0,1,0,1,1,0,1,0
2024-25,Andhra Pradesh,Alluri Sitharama Raju,Paderu,Lampeli,0,2,1,0,2,1,2,0,1,3,0,0,0,3,0,0,3,0,3,0,3,0,3,0,3,0,3,3,0
2024-25,Andhra Pradesh,Alluri Sitharama Raju,Paderu,Dallapalle,0,2,2,2,1,1,2,1,1,3,1,1,0,3,0,0,4,0,4,2,2,1,3,4,0,3,1,4,0
2024-25,Andhra Pradesh,Alluri Sitharama Raju,Paderu,Baddigummi,0,0,1,1,0,0,0,0,1,0,1,1,0,0,0,0,1,0,1,0,1,0,1,0,1,1,0,1,0
2024-25,Andhra Pradesh,Alluri Sitharama Raju,Paderu,Burugu Chetru,0,0,4,0,4,0,0,0,4,4,0,1,0,3,0,0,4,0,4,0,4,0,4,4,0,2,2,4,0
2024-25,Andhra Pradesh,Alluri Sitharama Raju,Paderu,Edulapalem,0,1,2,1,0,2,1,1,1,3,0,0,0,3,0,0,3,0,3,0,3,1,2,3,0,0,3,3,0
2024-25,Andhra Pradesh,Alluri Sitharama Raju,Paderu,Taragam,0,5,3,0,8,0,0,3,5,8,0,3,0,5,0,0,8,0,8,0,8,8,0,7,0,0,8,8,0
2024-25,Andhra Pradesh,Alluri Sitharama Raju,Paderu,Tagavulamamidi Garuvu,0,11,13,3,19,2,12,2,10,23,1,6,0,18,0,0,24,0,24,9,15,7,17,18,6,0,24,24,0
2024-25,Andhra Pradesh,Alluri Sitharama Raju,Paderu,Baridiputtu,0,1,0,1,0,0,0,0,1,1,0,1,0,0,0,0,1,0,1,0,1,0,1,0,1,0,1,1,0
2024-25,Andhra Pradesh,Alluri Sitharama Raju,Paderu,Lolangipadu,0,5,0,3,1,1,2,0,3,5,0,3,0,2,0,0,5,0,5,2,3,0,5,4,1,3,2,5,0
2024-25,Andhra Pradesh,Alluri Sitharama Raju,Paderu,Kothavooru,0,5,0,1,3,1,3,1,1,5,0,0,0,5,0,0,5,0,5,4,1,1,4,2,3,4,1,5,0
2024-25,Andhra Pradesh,Alluri Sitharama Raju,Paderu,Malapadu,0,3,1,4,0,0,0,1,3,4,0,2,0,2,0,0,4,0,4,1,3,0,4,4,0,4,0,4,0
2024-25,Andhra Pradesh,Alluri Sitharama Raju,Paderu,Kothapolam,0,6,3,0,8,1,0,6,3,9,0,0,0,9,0,0,9,0,9,7,2,9,0,9,0,0,9,9,0
2024-25,Andhra Pradesh,Alluri Sitharama Raju,Paderu,Rangasingipadu,0,0,2,0,2,0,1,0,1,2,0,0,0,2,0,0,2,0,2,0,2,0,2,2,0,0,2,2,0
2024-25,Andhra Pradesh,Alluri Sitharama Raju,Peda Bayalu,Barrangibanda,0,9,1,5,1,4,0,10,0,10,0,0,8,2,0,0,10,7,2,2,8,0,10,10,0,8,2,9,1
2024-25,Andhra Pradesh,Alluri Sitharama Raju,Peda Bayalu,Pedakondapalle,0,0,1,1,0,0,0,0,1,1,0,0,0,1,0,0,1,0,1,1,0,0,1,1,0,0,1,1,0
2024-25,Andhra Pradesh,Alluri Sitharama Raju,Peda Bayalu,Kittukonda,0,2,1,1,0,2,0,1,2,3,0,0,0,3,0,0,3,0,3,3,0,0,3,3,0,0,3,3,0
2024-25,Andhra Pradesh,Alluri Sitharama Raju,Peda Bayalu,Alamagundam,0,3,2,5,0,0,0,3,2,5,0,0,0,5,0,0,5,0,5,5,0,3,2,5,0,0,5,5,0
2024-25,Andhra Pradesh,Alluri Sitharama Raju,Peda Bayalu,Thorangulu,0,3,0,1,1,1,0,1,2,3,0,3,0,0,0,0,3,0,3,3,0,2,1,3,0,0,3,3,0
2024-25,Andhra Pradesh,Alluri Sitharama Raju,Peda Bayalu,Vannadi,0,0,1,1,0,0,0,1,0,1,0,1,0,0,0,0,1,0,1,1,0,0,1,1,0,0,1,1,0
2024-25,Andhra Pradesh,Alluri Sitharama Raju,Peda Bayalu,Busiputtu,0,1,0,0,0,1,0,0,1,1,0,0,0,1,0,0,1,0,1,1,0,0,1,1,0,0,1,1,0
2024-25,Andhra Pradesh,Alluri Sitharama Raju,Peda Bayalu,Vanchediputtu,0,0,2,1,0,1,0,0,2,2,0,0,0,2,0,0,2,0,2,2,0,0,2,2,0,0,2,2,0
2024-25,Andhra Pradesh,Alluri Sitharama Raju,Peda Bayalu,Arlabu,0,1,5,0,5,1,0,0,6,6,0,1,0,5,0,0,5,0,6,6,0,1,5,6,0,0,6,6,0
2024-25,Andhra Pradesh,Alluri Sitharama Raju,Peda Bayalu,Ambapada,0,0,6,3,2,1,0,1,5,6,0,0,0,6,0,0,6,0,6,6,0,4,2,6,0,0,6,6,0
2024-25,Andhra Pradesh,Alluri Sitharama Raju,Peda Bayalu,Boddaputtu,0,0,5,3,2,0,0,2,3,5,0,1,0,4,0,0,4,0,5,5,0,4,1,5,0,1,4,5,0
2024-25,Andhra Pradesh,Alluri Sitharama Raju,Peda Bayalu,Peddaputtu,0,1,2,3,0,0,0,0,3,3,0,0,0,3,0,0,3,0,3,3,0,0,3,3,0,0,3,3,0
2024-25,Andhra Pradesh,Alluri Sitharama Raju,Peda Bayalu,Laxmipuram,0,2,3,5,0,0,0,1,4,5,0,1,0,4,0,0,5,0,5,5,0,0,5,5,0,0,5,5,0
2024-25,Andhra Pradesh,Alluri Sitharama Raju,Peda Bayalu,Kurtada,0,1,1,0,0,2,0,0,2,2,0,0,0,2,0,0,2,0,2,2,0,0,2,2,0,0,2,2,0
2024-25,Andhra Pradesh,Alluri Sitharama Raju,Peda Bayalu,Kummariveedhi,0,1,5,3,0,3,0,1,5,6,0,5,0,1,0,0,6,0,6,6,0,4,2,6,0,0,6,6,0
2024-25,Andhra Pradesh,Alluri Sitharama Raju,Peda Bayalu,Rudakota,0,3,7,3,5,2,0,1,9,10,0,1,1,8,0,0,10,0,10,10,0,3,7,10,0,0,10,10,0
2024-25,Andhra Pradesh,Alluri Sitharama Raju,Peda Bayalu,Pulusumamidi,0,0,4,4,0,0,0,1,3,4,0,2,0,2,0,0,4,0,4,4,0,2,2,4,0,0,4,4,0
2024-25,Andhra Pradesh,Alluri Sitharama Raju,Peda Bayalu,Bangarumamidi,0,6,0,4,0,2,0,6,0,6,0,1,3,2,0,0,6,5,0,3,2,1,5,6,0,4,2,6,0
2024-25,Andhra Pradesh,Alluri Sitharama Raju,Peda Bayalu,Sariyapalle,1,1,2,1,0,3,0,1,3,4,0,0,3,1,0,0,4,0,4,4,0,1,3,4,0,0,4,4,0
2024-25,Andhra Pradesh,Alluri Sitharama Raju,Peda Bayalu,Aradagudem,0,4,0,1,2,1,0,3,1,2,2,1,3,0,0,0,4,4,0,2,2,2,2,3,0,3,1,4,0
2024-25,Andhra Pradesh,Alluri Sitharama Raju,Peda Bayalu,Gandalam,0,0,1,1,0,0,0,0,1,1,0,1,0,0,0,0,1,0,1,1,0,0,1,1,0,0,1,1,0
2024-25,Andhra Pradesh,Alluri Sitharama Raju,Peda Bayalu,Gomangi,0,2,4,4,0,2,0,3,3,6,0,2,0,4,0,0,6,0,6,6,0,2,4,6,0,0,6,6,0
2024-25,Andhra Pradesh,Alluri Sitharama Raju,Peda Bayalu,Tamaraveedhi,0,0,6,1,0,5,0,0,6,6,0,5,0,1,0,0,6,0,6,6,0,4,2,6,0,0,6,6,0
2024-25,Andhra Pradesh,Alluri Sitharama Raju,Peda Bayalu,Kulluba,0,7,17,10,7,7,0,9,15,24,0,8,0,16,0,0,24,0,24,19,5,14,10,24,0,0,24,24,0
2024-25,Andhra Pradesh,Alluri Sitharama Raju,Peda Bayalu,Cheediputtu,0,3,11,6,3,5,0,7,7,14,0,3,3,8,0,0,14,0,14,14,0,1,13,14,0,7,7,14,0
2024-25,Andhra Pradesh,Alluri Sitharama Raju,Peda Bayalu,Vellapalem,0,0,1,0,0,1,0,0,1,1,0,0,0,1,0,0,1,0,1,1,0,0,1,1,0,0,1,1,0
2024-25,Andhra Pradesh,Alluri Sitharama Raju,Peda Bayalu,Puttakota,0,0,2,0,1,1,0,1,1,2,0,2,0,0,0,0,2,0,2,2,0,2,0,2,0,0,2,2,0
2024-25,Andhra Pradesh,Alluri Sitharama Raju,Peda Bayalu,Mettaguda,0,0,4,1,0,3,0,2,2,4,0,2,0,2,0,0,4,0,4,4,0,4,0,4,0,0,4,4,0
2024-25,Andhra Pradesh,Alluri Sitharama Raju,Peda Bayalu,Mettalagummi,0,6,10,9,3,4,0,6,10,16,0,2,0,14,0,3,13,1,15,16,0,4,12,16,0,0,16,16,0
2024-25,Andhra Pradesh,Alluri Sitharama Raju,Peda Bayalu,Chuttumetta,0,4,6,6,0,4,0,2,8,10,0,1,1,8,0,0,10,0,10,10,0,0,10,10,0,5,5,10,0
2024-25,Andhra Pradesh,Alluri Sitharama Raju,Peda Bayalu,Kinchuru,0,2,3,3,0,2,0,1,4,5,0,0,0,5,0,0,5,0,5,5,0,2,3,5,0,0,5,5,0
2024-25,Andhra Pradesh,Alluri Sitharama Raju,Peda Bayalu,Peparuvalasa @ Kumborla,0,1,5,3,2,1,0,1,5,6,0,1,0,5,0,1,5,0,6,6,0,0,6,6,0,0,6,6,0
2024-25,Andhra Pradesh,Alluri Sitharama Raju,Peda Bayalu,Gabuduputtu,0,2,10,4,3,5,0,1,11,12,0,2,2,8,0,0,12,0,12,12,0,0,12,12,0,9,3,12,0
2024-25,Andhra Pradesh,Alluri Sitharama Raju,Peda Bayalu,Peda Vancharangi,0,0,1,0,0,1,0,0,1,1,0,0,0,1,0,1,0,0,1,1,0,0,1,1,0,0,1,1,0
2024-25,Andhra Pradesh,Alluri Sitharama Raju,Peda Bayalu,Chitrakayaputtu,0,2,2,2,2,0,0,3,1,3,1,0,0,4,0,0,4,0,4,4,0,3,1,4,0,0,4,4,0
2024-25,Andhra Pradesh,Alluri Sitharama Raju,Peda Bayalu,Tamalabu,0,1,7,3,0,5,1,3,4,8,0,0,0,8,0,0,8,0,8,8,0,4,4,8,0,0,8,8,0
2024-25,Andhra Pradesh,Alluri Sitharama Raju,Peda Bayalu,Mulalova,0,4,7,5,0,6,0,3,8,11,0,0,0,11,0,0,11,0,11,11,0,0,11,11,0,9,2,11,0
2024-25,Andhra Pradesh,Alluri Sitharama Raju,Peda Bayalu,Pedagullelu,0,0,1,0,0,1,0,0,1,1,0,0,0,1,0,0,1,0,1,1,0,0,1,1,0,0,1,1,0
2024-25,Andhra Pradesh,Alluri Sitharama Raju,Peda Bayalu,Vaddeputtu,0,3,0,0,2,1,0,2,1,3,0,3,0,0,0,0,3,0,3,3,0,1,2,3,0,0,3,3,0
2024-25,Andhra Pradesh,Alluri Sitharama Raju,Peda Bayalu,Gadugupalle,0,3,0,3,0,0,0,3,0,3,0,0,1,2,0,0,3,3,0,1,2,1,2,3,0,2,1,3,0
2024-25,Andhra Pradesh,Alluri Sitharama Raju,Peda Bayalu,Seekari,0,0,3,1,2,0,0,1,2,3,0,3,0,0,0,0,3,0,3,3,0,2,1,3,0,0,3,3,0
2024-25,Andhra Pradesh,Alluri Sitharama Raju,Peda Bayalu,Goddiputtu,0,4,2,3,2,1,0,1,5,6,0,3,0,3,0,0,6,0,6,6,0,6,0,6,0,0,6,6,0
2024-25,Andhra Pradesh,Alluri Sitharama Raju,Peda Bayalu,Gadepalle,1,2,3,1,4,1,2,2,2,1,5,0,2,4,0,0,6,2,4,2,4,4,2,6,0,6,0,1,5
2024-25,Andhra Pradesh,Alluri Sitharama Raju,Peda Bayalu,Chintagaruvu,0,2,7,3,1,5,0,1,8,8,1,2,0,7,0,0,9,0,9,9,0,8,1,9,0,1,8,9,0
2024-25,Andhra Pradesh,Alluri Sitharama Raju,Peda Bayalu,Sailamkota,0,4,2,4,1,1,0,0,6,6,0,0,2,4,0,1,5,0,6,6,0,1,5,6,0,0,6,6,0
2024-25,Andhra Pradesh,Alluri Sitharama Raju,Peda Bayalu,Kavurupalle,0,0,7,7,0,0,0,3,4,7,0,0,0,7,0,0,7,0,7,7,0,1,6,7,0,1,6,7,0
2024-25,Andhra Pradesh,Alluri Sitharama Raju,Peda Bayalu,A.Kummariputtu,0,1,4,1,1,3,0,1,4,5,0,0,2,3,0,0,5,0,5,4,1,5,0,5,0,0,5,5,0
2024-25,Andhra Pradesh,Alluri Sitharama Raju,Peda Bayalu,Seethagunta,0,3,1,1,0,3,0,1,3,4,0,0,0,4,0,0,4,0,4,4,0,0,1,4,0,0,4,4,0
2024-25,Andhra Pradesh,Alluri Sitharama Raju,Peda Bayalu,Musidiputtu,0,0,5,3,0,2,0,1,4,5,0,1,0,4,0,0,5,0,5,5,0,2,2,5,0,1,4,5,0
2024-25,Andhra Pradesh,Alluri Sitharama Raju,Peda Bayalu,Boddaputtu,0,0,4,2,0,2,0,3,1,4,0,1,0,3,0,0,4,0,4,4,0,4,0,4,0,0,4,4,0
2024-25,Andhra Pradesh,Alluri Sitharama Raju,Peda Bayalu,Pedabayalu,0,3,4,5,0,2,0,2,5,7,0,1,1,5,0,0,7,0,7,7,0,4,3,7,0,0,7,7,0
2024-25,Andhra Pradesh,Alluri Sitharama Raju,Peda Bayalu,Gondikodaputtu,0,4,3,2,1,4,0,1,6,7,0,7,0,0,0,0,7,1,6,7,0,1,6,7,0,0,7,7,0
2024-25,Andhra Pradesh,Alluri Sitharama Raju,Peda Bayalu,Seekariputtu,0,4,3,3,1,3,0,4,3,6,1,7,0,0,0,0,7,0,7,7,0,3,2,7,0,0,7,6,0
2024-25,Andhra Pradesh,Alluri Sitharama Raju,Peda Bayalu,Pedalova,0,1,1,0,2,0,0,0,2,2,0,2,0,0,0,0,2,0,2,2,0,1,1,2,0,0,2,2,0
2024-25,Andhra Pradesh,Alluri Sitharama Raju,Peda Bayalu,Nandimetta,0,1,2,1,0,2,0,2,1,3,0,2,0,1,0,0,3,0,3,3,0,0,3,3,0,0,3,2,1
2024-25,Andhra Pradesh,Alluri Sitharama Raju,Peda Bayalu,Pedasariyapalle,0,0,4,0,0,4,1,0,3,4,0,0,0,4,0,0,4,0,4,4,0,2,2,4,0,0,4,4,0
2024-25,Andhra Pradesh,Alluri Sitharama Raju,Peda Bayalu,Lagasariputtu,0,3,15,6,5,7,0,7,11,18,0,1,1,16,0,2,16,0,18,18,0,2,16,18,0,4,14,18,0
2024-25,Andhra Pradesh,Alluri Sitharama Raju,Peda Bayalu,Burugu Veedhi,0,1,0,1,0,0,0,0,1,1,0,0,0,1,0,0,1,0,1,1,0,0,1,1,0,0,1,1,0
2024-25,Andhra Pradesh,Alluri Sitharama Raju,Peda Bayalu,Parreda,0,0,1,1,0,0,0,0,1,1,0,0,0,1,0,0,1,0,1,1,0,0,1,1,0,0,1,1,0
2024-25,Andhra Pradesh,Alluri Sitharama Raju,Peda Bayalu,Vancharba,0,4,1,2,2,1,0,2,3,5,0,1,1,3,0,0,5,1,4,4,1,0,5,5,0,4,1,5,0
2024-25,Andhra Pradesh,Alluri Sitharama Raju,Peda Bayalu,Malakariputtu,0,14,0,11,0,3,0,14,0,13,1,4,8,2,0,0,14,14,0,1,13,0,13,14,0,13,1,14,0
2024-25,Andhra Pradesh,Alluri Sitharama Raju,Peda Bayalu,Marridatu,0,8,13,7,4,10,0,5,16,21,0,8,0,13,0,0,21,0,21,21,0,0,21,21,0,10,11,21,0
2024-25,Andhra Pradesh,Alluri Sitharama Raju,Peda Bayalu,Rasiguppa,0,0,11,3,4,4,0,4,7,11,0,2,0,9,0,1,10,0,11,11,0,5,6,11,0,3,8,11,0
2024-25,Andhra Pradesh,Alluri Sitharama Raju,Rajavommangi,Bornagudem,0,0,5,1,3,1,0,4,1,5,0,0,2,3,0,0,5,0,5,5,0,0,5,5,0,5,0,5,0
2024-25,Andhra Pradesh,Alluri Sitharama Raju,Rajavommangi,Kondalingamparthi,0,1,0,0,1,0,0,1,0,1,0,0,0,1,0,0,1,0,1,1,0,0,1,1,0,1,0,1,0
2024-25,Andhra Pradesh,Alluri Sitharama Raju,Rajavommangi,Komarapuram,0,0,7,1,1,5,0,7,0,7,0,7,0,0,0,0,7,0,7,3,4,0,7,7,0,7,0,5,2
2024-25,Andhra Pradesh,Alluri Sitharama Raju,Rajavommangi,Thantikonda,0,2,15,8,6,3,0,5,12,17,0,3,0,14,0,0,17,0,17,10,7,0,17,17,0,17,0,7,10
2024-25,Andhra Pradesh,Alluri Sitharama Raju,Rajavommangi,Singampalle,0,2,12,8,0,6,0,13,1,14,0,0,1,13,0,0,14,0,14,14,0,0,14,14,0,14,0,14,0
2024-25,Andhra Pradesh,Alluri Sitharama Raju,Rajavommangi,Yerrampadu,0,0,8,5,1,2,0,4,4,8,0,2,0,6,0,0,8,0,8,8,0,0,8,8,0,8,0,7,1
2024-25,Andhra Pradesh,Alluri Sitharama Raju,Rajavommangi,Murlavanipalem,0,0,3,0,1,2,0,3,0,3,0,3,0,0,0,0,3,0,3,0,3,0,3,3,0,3,0,3,0
2024-25,Andhra Pradesh,Alluri Sitharama Raju,Rajavommangi,Rajavommangi,0,17,23,21,13,6,0,20,20,39,1,1,1,38,0,1,39,0,40,6,34,0,40,40,0,40,0,40,0
2024-25,Andhra Pradesh,Alluri Sitharama Raju,Rajavommangi,Surampalem,0,0,9,3,4,2,0,5,4,9,0,6,1,2,0,0,9,0,9,9,0,0,9,9,0,9,0,9,0
2024-25,Andhra Pradesh,Alluri Sitharama Raju,Rajavommangi,Labbarthi,0,1,2,2,0,1,0,3,0,3,0,0,0,3,0,0,3,0,3,0,3,0,3,3,0,3,0,1,2
2024-25,Andhra Pradesh,Alluri Sitharama Raju,Rajavommangi,Damanapalem,0,7,3,8,0,2,0,8,2,10,0,10,0,0,0,0,10,0,10,10,0,0,10,10,0,10,0,10,0
2024-25,Andhra Pradesh,Alluri Sitharama Raju,Rajavommangi,Kondapalle,0,4,6,10,0,0,0,9,1,10,0,0,1,9,0,0,10,0,10,10,0,0,10,10,0,10,0,7,3
2024-25,Andhra Pradesh,Alluri Sitharama Raju,Rajavommangi,Kindra,0,1,8,6,2,1,0,8,1,9,0,3,0,6,0,0,9,0,9,7,2,0,9,9,0,9,0,9,0
2024-25,Andhra Pradesh,Alluri Sitharama Raju,Rajavommangi,Vanakarayi,0,2,8,6,2,2,0,6,4,10,0,5,0,5,0,0,10,0,10,10,0,0,10,10,0,10,0,10,0
2024-25,Andhra Pradesh,Alluri Sitharama Raju,Rajavommangi,Sarabhavaram,0,0,10,7,1,2,0,2,8,10,0,1,0,9,0,0,10,0,10,9,1,0,10,10,0,10,0,10,0
2024-25,Andhra Pradesh,Alluri Sitharama Raju,Rajavommangi,Vokurthi,0,0,3,2,1,0,0,0,3,3,0,0,0,3,0,0,3,0,3,3,0,0,3,3,0,3,0,1,2
2024-25,Andhra Pradesh,Alluri Sitharama Raju,Rajavommangi,Chikilinta,0,8,3,4,1,6,0,10,1,11,0,9,0,2,0,0,11,0,11,11,0,0,11,11,0,11,0,11,0
2024-25,Andhra Pradesh,Alluri Sitharama Raju,Rajavommangi,Boyapadu,0,0,10,6,3,1,0,9,1,10,0,0,1,9,0,0,10,0,10,10,0,0,10,10,0,10,0,10,0
2024-25,Andhra Pradesh,Alluri Sitharama Raju,Rajavommangi,Velagalapalem,0,0,2,0,1,1,0,0,2,2,0,2,0,0,0,0,2,0,2,0,2,0,2,2,0,2,0,2,0
2024-25,Andhra Pradesh,Alluri Sitharama Raju,Rajavommangi,Jaddangi,0,11,20,16,8,7,0,22,9,31,0,24,0,7,0,0,31,0,31,31,0,1,30,31,0,31,0,31,0
2024-25,Andhra Pradesh,Alluri Sitharama Raju,Rajavommangi,Karudevipalem,0,6,14,4,8,8,0,16,4,20,0,1,0,19,0,0,20,0,20,20,0,0,20,20,0,19,1,16,4
2024-25,Andhra Pradesh,Alluri Sitharama Raju,Rajavommangi,Pedarellangipadu,0,0,2,2,0,0,0,1,1,2,0,1,0,1,0,0,2,0,2,0,2,0,2,2,0,2,0,2,0
2024-25,Andhra Pradesh,Alluri Sitharama Raju,Rajavommangi,Vogipalem,0,1,5,4,1,1,0,0,6,6,0,5,0,1,0,0,6,0,6,1,5,0,6,6,0,6,0,0,6
2024-25,Andhra Pradesh,Alluri Sitharama Raju,Rajavommangi,Vatangi,0,2,9,4,4,3,0,5,6,11,0,11,0,0,0,0,11,1,10,7,4,0,11,11,0,11,0,11,0
2024-25,Andhra Pradesh,Alluri Sitharama Raju,Rajavommangi,Donelapalem,0,5,4,5,1,3,0,9,0,9,0,8,0,1,0,0,9,0,9,9,0,0,9,9,0,9,0,9,0
2024-25,Andhra Pradesh,Alluri Sitharama Raju,Rajavommangi,Subbampadu,0,0,4,1,1,2,0,2,2,4,0,0,0,4,0,0,4,0,4,4,0,0,4,4,0,4,0,4,0
2024-25,Andhra Pradesh,Alluri Sitharama Raju,Rajavommangi,Gobbilamadugu,0,0,1,1,0,0,0,1,0,1,0,1,0,0,0,0,1,0,1,1,0,0,1,1,0,1,0,1,0
2024-25,Andhra Pradesh,Alluri Sitharama Raju,Rajavommangi,Gaduvakurthi,0,4,16,13,4,3,0,17,3,20,0,16,0,4,0,0,20,0,20,20,0,0,20,20,0,20,0,20,0
2024-25,Andhra Pradesh,Alluri Sitharama Raju,Rajavommangi,Dusaripamu,0,9,9,12,5,1,0,18,0,18,0,12,0,6,0,0,18,0,18,18,0,0,18,18,0,18,0,18,0
2024-25,Andhra Pradesh,Alluri Sitharama Raju,Rajavommangi,Chinarellangipadu,0,5,6,6,5,0,0,11,0,11,0,5,0,6,0,0,11,0,11,11,0,0,11,11,0,11,0,11,0
2024-25,Andhra Pradesh,Alluri Sitharama Raju,Rajavommangi,Badadanampalle,0,5,15,11,8,1,0,16,4,20,0,2,0,18,0,0,20,0,20,20,0,0,20,20,0,20,0,20,0
2024-25,Andhra Pradesh,Alluri Sitharama Raju,Rajavommangi,Marripalem,0,2,14,7,2,7,0,13,3,16,0,1,3,12,0,0,16,0,16,0,16,0,16,16,0,16,0,12,4
2024-25,Andhra Pradesh,Alluri Sitharama Raju,Rajavommangi,Aminabada,0,19,12,11,11,9,0,16,15,31,0,8,2,21,0,0,31,0,31,28,3,1,30,31,0,23,8,29,2
2024-25,Andhra Pradesh,Alluri Sitharama Raju,Rampachodavaram,Eethapalle,0,3,0,2,0,1,0,3,0,2,1,0,0,3,0,0,3,0,3,3,0,3,0,3,0,0,3,3,0
2024-25,Andhra Pradesh,Alluri Sitharama Raju,Rampachodavaram,Madicherla,0,2,1,2,0,1,0,2,1,3,0,0,0,3,0,0,3,0,3,3,0,3,0,3,0,0,3,3,0
2024-25,Andhra Pradesh,Alluri Sitharama Raju,Rampachodavaram,Musurumilli,0,2,4,5,0,1,0,4,2,3,3,4,0,2,0,0,6,0,6,6,0,6,0,6,0,0,6,6,0
2024-25,Andhra Pradesh,Alluri Sitharama Raju,Rampachodavaram,Peda Barangi,0,1,3,1,0,3,0,4,0,4,0,0,0,4,0,0,4,0,4,4,0,4,0,4,0,0,4,4,0
2024-25,Andhra Pradesh,Alluri Sitharama Raju,Rampachodavaram,Ginnepalle,0,2,8,7,1,2,0,7,3,7,3,6,0,4,0,0,10,0,10,8,2,9,1,9,1,1,9,10,0
2024-25,Andhra Pradesh,Alluri Sitharama Raju,Rampachodavaram,T.Burugubanda,0,16,18,23,4,7,3,17,14,31,3,11,1,22,0,0,34,0,34,30,4,34,0,34,0,0,34,34,0
2024-25,Andhra Pradesh,Alluri Sitharama Raju,Rampachodavaram,B. Velamalakota,0,4,8,6,4,2,0,9,3,12,0,4,0,8,0,0,12,0,12,12,0,2,10,12,0,0,12,12,0
2024-25,Andhra Pradesh,Alluri Sitharama Raju,Rampachodavaram,Usirikajonalu,0,1,2,2,1,0,0,2,1,3,0,2,0,1,0,0,3,0,3,3,0,0,3,3,0,3,0,3,0
2024-25,Andhra Pradesh,Alluri Sitharama Raju,Rampachodavaram,Sirigindalapadu,0,16,16,24,3,5,0,20,12,32,0,8,1,23,0,0,32,0,32,28,4,32,0,32,0,0,32,32,0
2024-25,Andhra Pradesh,Alluri Sitharama Raju,Rampachodavaram,Nallagonda,0,2,3,5,0,0,0,3,2,5,0,0,0,5,0,0,5,0,5,5,0,5,0,5,0,0,5,5,0
2024-25,Andhra Pradesh,Alluri Sitharama Raju,Rampachodavaram,Vadapalle,0,4,7,8,0,3,0,8,3,11,0,0,0,11,0,0,11,0,11,11,0,11,0,11,0,0,11,11,0
2024-25,Andhra Pradesh,Alluri Sitharama Raju,Rampachodavaram,Gunjugudem,0,0,1,1,0,0,0,1,0,0,1,1,0,0,0,0,1,0,1,1,0,0,1,1,0,1,0,1,0
2024-25,Andhra Pradesh,Alluri Sitharama Raju,Rampachodavaram,Sokulagudem,0,2,1,3,0,0,0,3,0,3,0,1,0,2,0,0,3,0,3,1,2,3,0,3,0,0,3,3,0
2024-25,Andhra Pradesh,Alluri Sitharama Raju,Rampachodavaram,Dabbavalasa,0,0,1,1,0,0,0,1,0,1,0,1,0,0,0,0,1,0,1,0,1,0,1,1,0,0,1,1,0
2024-25,Andhra Pradesh,Alluri Sitharama Raju,Rampachodavaram,Gandhinagaram,0,7,13,14,4,2,0,15,5,16,4,18,0,2,0,0,20,0,20,12,8,0,20,20,0,19,1,20,0
2024-25,Andhra Pradesh,Alluri Sitharama Raju,Rampachodavaram,Suvarlavada,0,5,2,7,0,0,0,6,1,7,0,5,0,2,0,0,7,0,7,5,2,7,0,7,0,0,7,7,0
2024-25,Andhra Pradesh,Alluri Sitharama Raju,Rampachodavaram,Akuru,0,5,0,1,3,1,0,2,3,5,0,1,0,4,0,0,5,0,5,1,4,0,5,5,0,0,5,5,0
2024-25,Andhra Pradesh,Alluri Sitharama Raju,Rampachodavaram,Vattichelakaku,0,3,1,4,0,0,0,3,1,4,0,0,0,4,0,0,4,0,4,4,0,4,0,4,0,0,4,4,0
2024-25,Andhra Pradesh,Alluri Sitharama Raju,Rampachodavaram,Chelakaveedhi,0,2,3,4,0,1,0,2,3,3,2,5,0,0,0,0,5,0,5,5,0,2,3,5,0,0,5,5,0
2024-25,Andhra Pradesh,Alluri Sitharama Raju,Rampachodavaram,Kakavada,0,4,3,4,2,1,0,5,2,7,0,1,0,6,0,0,7,0,7,7,0,7,0,7,0,0,7,7,0
2024-25,Andhra Pradesh,Alluri Sitharama Raju,Rampachodavaram,Utla,0,9,8,12,2,3,0,17,0,16,1,1,0,16,0,0,17,0,17,17,0,17,0,17,0,0,17,17,0
2024-25,Andhra Pradesh,Alluri Sitharama Raju,Rampachodavaram,B.Ramannapalem,0,1,0,1,0,0,0,1,0,1,0,0,0,1,0,0,1,0,1,1,0,0,1,1,0,0,1,1,0
2024-25,Andhra Pradesh,Alluri Sitharama Raju,Rampachodavaram,Koyyalagudem,0,9,8,10,2,5,0,17,0,17,0,6,1,10,0,0,17,0,17,17,0,17,0,17,0,0,17,17,0
2024-25,Andhra Pradesh,Alluri Sitharama Raju,Rampachodavaram,Cheruvupalem,0,4,2,3,2,1,0,3,3,5,1,3,0,3,0,0,6,0,6,6,0,0,6,6,0,6,0,6,0
2024-25,Andhra Pradesh,Alluri Sitharama Raju,Rampachodavaram,Lankapakalu,0,6,0,5,1,0,0,4,2,6,0,0,0,6,0,0,6,0,6,6,0,6,0,6,0,0,6,6,0
2024-25,Andhra Pradesh,Alluri Sitharama Raju,Rampachodavaram,Devarathigudem,0,2,6,6,2,0,0,7,1,3,5,0,0,8,0,0,8,0,8,3,5,2,6,8,0,1,7,8,0
2024-25,Andhra Pradesh,Alluri Sitharama Raju,Rampachodavaram,Foulkspeta,0,4,5,7,0,2,0,6,3,3,6,2,0,7,0,0,9,0,9,6,3,9,0,9,0,0,9,9,0
2024-25,Andhra Pradesh,Alluri Sitharama Raju,Rampachodavaram,Gotlagudem,0,2,0,0,2,0,0,2,0,2,0,2,0,0,0,0,2,0,2,0,2,2,0,2,0,0,2,2,0
2024-25,Andhra Pradesh,Alluri Sitharama Raju,Rampachodavaram,China Barangi,0,4,11,10,3,2,0,12,3,11,4,10,0,5,0,0,15,0,15,11,4,3,12,15,0,2,13,15,0
2024-25,Andhra Pradesh,Alluri Sitharama Raju,Rampachodavaram,Dirisinapalle,0,3,2,4,0,1,0,5,0,4,1,2,0,3,0,0,5,0,5,5,0,0,5,5,0,5,0,5,0
2024-25,Andhra Pradesh,Alluri Sitharama Raju,Rampachodavaram,Chinageddada,0,4,13,5,3,9,0,14,3,17,0,15,0,2,0,0,17,0,17,3,14,3,14,17,0,0,17,17,0
2024-25,Andhra Pradesh,Alluri Sitharama Raju,Rampachodavaram,Beerampalle,0,5,4,9,0,0,0,5,4,9,0,7,0,2,0,0,9,0,9,9,0,3,6,9,0,0,9,9,0
2024-25,Andhra Pradesh,Alluri Sitharama Raju,Rampachodavaram,I. Polavaram,0,7,29,20,2,14,0,28,8,25,11,27,1,8,0,0,36,0,36,31,5,36,0,36,0,0,36,36,0
2024-25,Andhra Pradesh,Alluri Sitharama Raju,Rampachodavaram,Daragudem,0,1,0,1,0,0,0,1,0,1,0,0,0,1,0,0,1,0,1,0,1,0,1,1,0,1,0,1,0
2024-25,Andhra Pradesh,Alluri Sitharama Raju,Rampachodavaram,Tirugatirallu,0,1,1,2,0,0,0,1,1,2,0,0,0,2,0,0,2,0,2,2,0,2,0,2,0,0,2,2,0
2024-25,Andhra Pradesh,Alluri Sitharama Raju,Rampachodavaram,Jagametlapalem,0,2,2,2,0,2,0,3,1,4,0,3,0,1,0,0,4,0,4,4,0,4,0,4,0,1,3,4,0
2024-25,Andhra Pradesh,Alluri Sitharama Raju,Rampachodavaram,Busigudem,0,0,1,1,0,0,0,1,0,1,0,1,0,0,0,0,1,0,1,1,0,1,0,1,0,0,1,1,0
2024-25,Andhra Pradesh,Alluri Sitharama Raju,Rampachodavaram,Pedageddada,0,3,4,6,0,1,1,4,2,7,0,3,0,4,0,0,7,0,7,7,0,7,0,7,0,0,7,7,0
2024-25,Andhra Pradesh,Alluri Sitharama Raju,Rampachodavaram,Veerlamamidi,0,8,2,10,0,0,0,9,1,10,0,2,0,8,0,0,10,0,10,10,0,10,0,9,1,0,10,10,0
2024-25,Andhra Pradesh,Alluri Sitharama Raju,Rampachodavaram,Narasapuram,0,1,2,2,0,1,0,3,0,2,1,0,0,3,0,0,3,0,3,3,0,3,0,3,0,1,2,3,0
2024-25,Andhra Pradesh,Alluri Sitharama Raju,Rampachodavaram,Immidivaram,0,0,3,3,0,0,0,1,2,3,0,3,0,0,0,0,3,0,3,2,1,3,0,3,0,0,3,3,0
2024-25,Andhra Pradesh,Alluri Sitharama Raju,Rampachodavaram,Isukapatla,0,5,9,11,1,2,0,11,3,12,2,13,0,1,0,0,14,0,14,14,0,14,0,14,0,0,14,14,0
2024-25,Andhra Pradesh,Alluri Sitharama Raju,Rampachodavaram,K.Yerrampalem,0,3,3,4,0,2,0,6,0,2,4,1,0,5,0,0,6,0,6,5,1,6,0,6,0,0,6,6,0
2024-25,Andhra Pradesh,Alluri Sitharama Raju,Rampachodavaram,Rampachodavaram (Ct),0,6,9,11,0,4,0,8,7,14,1,5,0,10,0,0,15,0,15,13,2,15,0,15,0,0,15,15,0
2024-25,Andhra Pradesh,Alluri Sitharama Raju,Vararamachandrapuram,Annavaram,0,7,3,6,0,4,0,5,5,10,0,7,0,3,0,0,10,0,10,10,0,0,10,10,0,10,0,10,0
2024-25,Andhra Pradesh,Alluri Sitharama Raju,Vararamachandrapuram,Waddegudem,0,32,15,41,4,2,4,7,36,47,0,9,0,38,2,0,45,0,47,47,0,43,4,47,0,4,43,36,11
2024-25,Andhra Pradesh,Alluri Sitharama Raju,Vararamachandrapuram,Pochavaram,0,1,6,4,0,3,0,0,7,7,0,1,0,6,0,0,7,0,7,7,0,2,5,7,0,5,2,7,0
2024-25,Andhra Pradesh,Alluri Sitharama Raju,Vararamachandrapuram,Mulkapalle,0,0,3,2,0,1,0,1,2,3,0,0,0,3,0,0,3,0,3,3,0,2,1,3,0,1,2,3,0
2024-25,Andhra Pradesh,Alluri Sitharama Raju,Vararamachandrapuram,Isunuru,0,0,5,4,0,1,0,2,3,5,0,0,0,5,0,0,5,0,5,5,0,1,4,5,0,4,1,5,0
2024-25,Andhra Pradesh,Alluri Sitharama Raju,Vararamachandrapuram,Kottarugommu,0,1,0,0,0,1,0,1,0,1,0,0,0,1,0,0,1,0,1,1,0,0,1,1,0,1,0,1,0
2024-25,Andhra Pradesh,Alluri Sitharama Raju,Vararamachandrapuram,Rekapalle,0,23,6,17,3,9,1,10,18,29,0,10,3,16,1,0,28,0,29,29,0,0,29,29,0,29,0,29,0
2024-25,Andhra Pradesh,Alluri Sitharama Raju,Vararamachandrapuram,Kokkiragudem,0,3,2,3,0,2,0,1,4,5,0,1,0,4,0,0,5,0,5,5,0,5,0,5,0,0,5,5,0
2024-25,Andhra Pradesh,Alluri Sitharama Raju,Vararamachandrapuram,Peddamattapalle,0,39,9,35,3,10,5,9,34,47,1,13,3,32,0,0,48,0,48,48,0,44,4,48,0,4,44,48,0
2024-25,Andhra Pradesh,Alluri Sitharama Raju,Vararamachandrapuram,Chintharajupalle,0,10,5,8,4,3,0,5,10,15,0,10,0,5,0,0,15,0,15,15,0,12,3,15,0,3,12,15,0
2024-25,Andhra Pradesh,Alluri Sitharama Raju,Vararamachandrapuram,Ummadivaram,0,8,0,7,0,1,0,5,3,8,0,7,0,1,1,0,7,0,8,8,0,0,8,8,0,8,0,8,0
2024-25,Andhra Pradesh,Alluri Sitharama Raju,Vararamachandrapuram,Chinnamattapalle,0,35,4,26,6,7,0,13,26,39,0,19,0,20,3,0,36,0,39,38,1,34,5,39,0,5,34,39,0
2024-25,Andhra Pradesh,Alluri Sitharama Raju,Vararamachandrapuram,Kannampeta,0,2,0,2,0,0,0,1,1,2,0,1,0,1,0,0,2,0,2,2,0,2,0,2,0,0,2,2,0
2024-25,Andhra Pradesh,Alluri Sitharama Raju,Vararamachandrapuram,Gulletiwada,0,3,1,4,0,0,1,2,1,4,0,2,0,2,0,0,4,0,4,4,0,4,0,4,0,0,4,4,0
2024-25,Andhra Pradesh,Alluri Sitharama Raju,Vararamachandrapuram,Tummileru,0,1,0,0,0,1,0,0,1,1,0,1,0,0,0,0,1,0,1,1,0,1,0,1,0,0,1,1,0
2024-25,Andhra Pradesh,Alluri Sitharama Raju,Vararamachandrapuram,Ippuru,0,2,3,3,1,1,0,1,4,5,0,0,0,5,0,0,5,0,5,5,0,2,3,5,0,3,2,5,0
2024-25,Andhra Pradesh,Alluri Sitharama Raju,Vararamachandrapuram,Darapalle,0,1,9,10,0,0,0,0,10,10,0,0,0,10,0,0,10,0,10,10,0,9,1,10,0,1,9,10,0
2024-25,Andhra Pradesh,Alluri Sitharama Raju,Vararamachandrapuram,Jediguppa,0,12,5,13,1,3,0,4,13,17,0,2,0,15,0,0,17,0,17,17,0,10,7,17,0,7,10,17,0
2024-25,Andhra Pradesh,Alluri Sitharama Raju,Vararamachandrapuram,Tellamvari Gudem,0,10,6,10,0,6,0,5,11,16,0,3,0,13,0,0,16,1,15,16,0,16,0,16,0,0,16,16,0
2024-25,Andhra Pradesh,Alluri Sitharama Raju,Vararamachandrapuram,Kunduluru,0,4,0,1,1,2,0,1,3,4,0,1,0,3,0,0,4,0,4,4,0,4,0,4,0,0,4,4,0
2024-25,Andhra Pradesh,Alluri Sitharama Raju,Vararamachandrapuram,Jallivari Gudem,0,10,0,4,2,4,0,3,7,10,0,7,0,3,0,0,10,0,10,10,0,10,0,10,0,0,10,10,0
2024-25,Andhra Pradesh,Alluri Sitharama Raju,Vararamachandrapuram,Gollagudem,0,4,3,2,1,4,0,4,3,7,0,2,0,5,0,0,7,0,7,7,0,7,0,7,0,0,7,7,0
2024-25,Andhra Pradesh,Alluri Sitharama Raju,Vararamachandrapuram,Kothapeta,0,1,0,0,1,0,0,0,1,1,0,1,0,0,0,0,1,0,1,1,0,1,0,1,0,0,1,1,0
2024-25,Andhra Pradesh,Alluri Sitharama Raju,Vararamachandrapuram,Koppalle,1,37,11,25,7,17,2,9,38,45,4,3,0,46,0,0,49,0,49,49,0,46,3,49,0,3,46,49,0
2024-25,Andhra Pradesh,Alluri Sitharama Raju,Vararamachandrapuram,Ravigudem,0,1,0,1,0,0,0,0,1,1,0,0,0,1,0,0,1,0,1,1,0,0,1,1,0,1,0,1,0
2024-25,Andhra Pradesh,Alluri Sitharama Raju,Y. Ramavaram,Mangampadu,0,4,0,1,3,0,0,2,2,4,0,0,0,4,0,0,4,0,4,4,0,2,2,4,0,0,4,4,0
2024-25,Andhra Pradesh,Alluri Sitharama Raju,Y. Ramavaram,Donkarai,0,0,3,0,1,2,0,0,3,3,0,0,0,3,0,0,3,0,3,3,0,1,2,3,0,0,3,3,0
2024-25,Andhra Pradesh,Alluri Sitharama Raju,Y. Ramavaram,G.Vattigedda,0,0,1,1,0,0,0,1,0,1,0,0,0,1,0,0,1,0,1,1,0,1,0,1,0,0,1,1,0
2024-25,Andhra Pradesh,Alluri Sitharama Raju,Y. Ramavaram,Kadarikota,0,0,5,5,0,0,0,1,4,4,1,5,0,0,0,0,5,0,5,5,0,5,0,5,0,0,5,5,0
2024-25,Andhra Pradesh,Alluri Sitharama Raju,Y. Ramavaram,Pathakota,0,0,3,1,1,1,0,2,1,2,1,3,0,0,0,0,3,0,3,3,0,1,2,3,0,0,3,3,0
2024-25,Andhra Pradesh,Alluri Sitharama Raju,Y. Ramavaram,Vedullapalle,0,0,6,3,2,1,1,1,4,5,1,2,0,4,0,0,6,0,6,6,0,4,2,6,0,0,6,6,0
2024-25,Andhra Pradesh,Alluri Sitharama Raju,Y. Ramavaram,Sirimetla,0,0,5,0,2,3,0,3,2,4,1,4,0,1,0,0,5,0,5,5,0,3,2,5,0,0,5,5,0
2024-25,Andhra Pradesh,Alluri Sitharama Raju,Y. Ramavaram,Nakkalapadu,0,0,1,0,0,1,0,1,0,1,0,0,0,1,0,0,1,0,1,1,0,0,1,1,0,0,1,1,0
2024-25,Andhra Pradesh,Alluri Sitharama Raju,Y. Ramavaram,Gandempalle,0,3,0,3,0,0,0,0,3,3,0,0,0,3,0,0,3,0,3,3,0,2,1,3,0,0,3,3,0
2024-25,Andhra Pradesh,Alluri Sitharama Raju,Y. Ramavaram,Kota,0,0,8,5,2,1,0,3,5,8,0,6,0,2,0,5,3,0,8,8,0,7,1,8,0,0,8,8,0
2024-25,Andhra Pradesh,Alluri Sitharama Raju,Y. Ramavaram,Mulasalapalem,0,4,4,8,0,0,1,2,5,8,0,0,0,8,0,0,8,0,8,8,0,5,3,8,0,0,8,8,0
2024-25,Andhra Pradesh,Alluri Sitharama Raju,Y. Ramavaram,Nuvvugantipalem,0,6,0,1,4,1,0,1,5,6,0,0,0,6,0,0,6,0,6,6,0,5,1,6,0,0,6,6,0
2024-25,Andhra Pradesh,Alluri Sitharama Raju,Y. Ramavaram,Yerramreddipalem,0,5,5,5,2,3,1,1,8,10,0,0,0,10,0,0,10,0,10,10,0,7,3,10,0,0,10,10,0
2024-25,Andhra Pradesh,Alluri Sitharama Raju,Y. Ramavaram,Dalipadu,1,4,9,6,1,7,1,3,10,11,3,6,0,8,0,0,14,0,14,14,0,11,3,14,0,0,14,14,0
2024-25,Andhra Pradesh,Alluri Sitharama Raju,Y. Ramavaram,Chendurthi,0,0,1,0,1,0,0,1,0,1,0,1,0,0,0,0,1,0,1,1,0,1,0,1,0,0,1,1,0
2024-25,Andhra Pradesh,Alluri Sitharama Raju,Y. Ramavaram,Gummarapalem,0,2,3,1,1,3,0,3,2,5,0,2,1,2,0,0,4,0,4,5,0,4,1,5,0,0,5,5,0
2024-25,Andhra Pradesh,Alluri Sitharama Raju,Y. Ramavaram,Devaramadugula,0,7,12,9,2,8,4,4,11,14,5,13,0,6,0,0,19,0,19,19,0,10,9,19,0,0,19,19,0
2024-25,Andhra Pradesh,Alluri Sitharama Raju,Y. Ramavaram,Totakurapalem,0,6,9,9,4,2,0,13,2,14,1,0,0,12,0,1,6,0,10,17,0,7,9,17,0,0,15,17,0
2024-25,Andhra Pradesh,Alluri Sitharama Raju,Y. Ramavaram,Putikunta,0,1,3,3,0,1,1,1,2,2,2,1,0,3,0,0,4,0,4,4,0,2,2,4,0,0,4,4,0
2024-25,Andhra Pradesh,Alluri Sitharama Raju,Y. Ramavaram,Rachapalem,0,0,4,0,1,3,0,3,1,4,0,4,0,0,0,0,4,0,4,4,0,4,0,4,0,0,4,4,0
2024-25,Andhra Pradesh,Alluri Sitharama Raju,Y. Ramavaram,Chinthalapudi,0,0,1,0,1,0,0,1,0,1,0,0,0,1,0,0,1,0,1,1,0,1,0,1,0,0,1,1,0
2024-25,Andhra Pradesh,Alluri Sitharama Raju,Y. Ramavaram,Panasalapalem,0,0,27,15,1,11,0,17,10,26,1,6,7,14,0,1,26,0,27,27,0,23,4,27,0,1,26,27,0
2024-25,Andhra Pradesh,Alluri Sitharama Raju,Y. Ramavaram,Paidiputta,0,0,1,0,1,0,0,1,0,1,0,1,0,0,0,0,1,0,1,1,0,1,0,1,0,0,1,1,0
2024-25,Andhra Pradesh,Alluri Sitharama Raju,Y. Ramavaram,Ramulakonda,0,0,3,0,2,1,0,1,2,3,0,0,0,3,0,0,3,0,3,3,0,3,0,3,0,0,3,3,0
2024-25,Andhra Pradesh,Alluri Sitharama Raju,Y. Ramavaram,Pasaruginne,0,0,3,1,2,0,0,3,0,3,0,2,0,1,0,0,3,0,3,3,0,3,0,3,0,0,3,3,0
2024-25,Andhra Pradesh,Alluri Sitharama Raju,Y. Ramavaram,Chamagedda,0,1,0,1,0,0,0,1,0,1,0,0,0,1,0,0,1,0,1,0,1,0,1,1,0,0,1,1,0
2024-25,Andhra Pradesh,Alluri Sitharama Raju,Y. Ramavaram,Y. Ramavaram,0,4,8,4,4,4,0,12,0,9,3,0,3,9,0,0,12,0,12,12,0,9,3,12,0,0,12,12,0
2024-25,Andhra Pradesh,Alluri Sitharama Raju,Y. Ramavaram,Gannavaram,0,0,3,3,0,0,0,3,0,3,0,0,0,3,0,0,3,0,3,3,0,3,0,3,0,0,3,3,0
2024-25,Andhra Pradesh,Alluri Sitharama Raju,Y. Ramavaram,Komaravaram,0,0,2,0,0,2,0,2,0,2,0,1,0,1,0,0,2,0,2,2,0,2,0,2,0,0,2,2,0
2024-25,Andhra Pradesh,Alluri Sitharama Raju,Y. Ramavaram,Jangalathota,0,0,1,1,0,0,0,0,1,1,0,0,0,1,0,0,1,0,1,1,0,0,1,1,0,0,1,1,0
2024-25,Andhra Pradesh,Alluri Sitharama Raju,Y. Ramavaram,Goramanda,0,0,2,2,0,0,0,1,1,2,0,2,0,0,0,0,2,0,2,2,0,1,1,2,0,0,2,2,0
2024-25,Andhra Pradesh,Alluri Sitharama Raju,Y. Ramavaram,Sesharai,0,0,4,2,0,2,0,4,0,4,0,3,0,1,0,0,4,0,4,4,0,4,0,4,0,0,4,4,0
2024-25,Andhra Pradesh,Alluri Sitharama Raju,Y. Ramavaram,Yarlagadda,0,6,15,12,6,3,1,19,1,17,4,6,4,11,0,1,20,0,21,21,0,18,3,21,0,0,21,20,1
2024-25,Andhra Pradesh,Alluri Sitharama Raju,Y. Ramavaram,Gurtedu,0,0,2,2,0,0,0,1,1,2,0,2,0,0,0,0,2,0,2,2,0,2,0,2,0,0,2,2,0
2024-25,Andhra Pradesh,Alluri Sitharama Raju,Y. Ramavaram,Edlakonda,0,0,8,4,1,3,1,4,3,7,1,6,0,2,0,0,8,0,8,8,0,6,2,8,0,0,8,8,0
2024-25,Andhra Pradesh,Alluri Sitharama Raju,Y. Ramavaram,Tumikelapadu,0,3,2,5,0,0,1,0,4,3,2,5,0,0,0,0,5,0,5,5,0,3,2,5,0,0,5,5,0
2024-25,Andhra Pradesh,Alluri Sitharama Raju,Y. Ramavaram,Villarti,0,11,3,4,2,8,0,8,6,14,0,1,4,9,0,0,14,0,14,14,0,8,6,14,0,0,14,14,0
2024-25,Andhra Pradesh,Alluri Sitharama Raju,Y. Ramavaram,Bachaluru,0,3,6,2,6,1,0,1,8,9,0,4,0,5,0,0,9,0,9,9,0,4,5,9,0,0,9,9,0
2024-25,Andhra Pradesh,Alluri Sitharama Raju,Y. Ramavaram,Pulusumamidi,0,1,5,2,0,4,0,2,4,5,1,1,0,5,0,0,6,0,6,6,0,6,0,6,0,0,6,6,0
2024-25,Andhra Pradesh,Alluri Sitharama Raju,Y. Ramavaram,Bullojupalem,0,1,4,2,3,0,0,4,1,5,0,0,0,5,0,0,5,0,5,5,0,1,4,5,0,0,5,5,0
2024-25,Andhra Pradesh,Alluri Sitharama Raju,Y. Ramavaram,Puttapalle,0,1,7,2,0,6,0,6,2,7,1,4,0,4,0,1,7,0,8,8,0,4,4,8,0,0,8,8,0
2024-25,Andhra Pradesh,Alluri Sitharama Raju,Y. Ramavaram,Regadipalem,0,0,9,3,1,5,0,4,5,9,0,6,0,3,0,0,9,0,9,9,0,3,6,9,0,0,9,9,0
2024-25,Andhra Pradesh,Alluri Sitharama Raju,Y. Ramavaram,Boddapalle,0,1,2,2,0,1,0,2,1,2,1,0,0,3,0,0,3,0,3,3,0,3,0,3,0,0,3,3,0
2024-25,Andhra Pradesh,Alluri Sitharama Raju,Y. Ramavaram,K. Yerragonda,0,3,5,5,0,3,1,0,7,8,0,3,0,5,0,1,7,0,8,8,0,3,5,8,0,0,8,8,0
2024-25,Andhra Pradesh,Alluri Sitharama Raju,Y. Ramavaram,Godugurayi,0,3,10,8,4,1,0,5,8,12,1,6,1,6,0,0,13,0,13,13,0,5,8,13,0,1,12,13,0
2024-25,Andhra Pradesh,Alluri Sitharama Raju,Y. Ramavaram,Pedavulempadu,0,6,5,4,3,4,0,4,7,11,0,0,0,11,0,1,10,0,11,11,0,3,8,11,0,0,11,11,0
2024-25,Andhra Pradesh,Alluri Sitharama Raju,Y. Ramavaram,Chavitidibbalu,0,3,6,3,3,3,0,3,6,5,4,0,0,9,0,0,9,0,9,9,0,5,4,9,0,0,9,9,0
2024-25,Andhra Pradesh,Alluri Sitharama Raju,Y. Ramavaram,Dabbamamidi,0,0,1,0,0,1,0,1,0,1,0,0,0,1,0,0,1,0,1,1,0,1,0,1,0,0,1,1,0
2024-25,Andhra Pradesh,Alluri Sitharama Raju,Y. Ramavaram,Chinthakarrapalem,0,4,11,6,2,7,0,13,2,15,0,0,0,15,0,0,15,0,15,15,0,7,8,15,0,0,15,15,0
2024-25,Andhra Pradesh,Alluri Sitharama Raju,Y. Ramavaram,P. Yerragonda,1,6,14,11,3,7,0,18,3,16,5,7,2,12,0,1,20,0,21,21,0,12,9,20,1,0,21,21,0
2024-25,Andhra Pradesh,Alluri Sitharama Raju,Y. Ramavaram,Bandigedda,0,0,5,5,0,0,0,1,4,5,0,0,0,5,0,0,5,0,5,5,0,3,2,5,0,0,5,5,0
2024-25,Andhra Pradesh,Alluri Sitharama Raju,Y. Ramavaram,Vattigedda,0,1,4,4,0,1,0,1,4,5,0,2,1,2,0,1,4,0,5,5,0,4,1,5,0,0,5,5,0
2024-25,Andhra Pradesh,Anakapalli,Achutapuram,Jaggannapeta,5,8,7,20,0,0,3,1,16,19,1,5,8,7,0,0,20,0,20,19,1,19,1,20,0,20,0,20,0
2024-25,Andhra Pradesh,Anakapalli,Achutapuram,Andalapalle,1,9,3,10,0,3,2,1,10,13,0,1,9,3,0,0,13,0,13,13,0,13,0,13,0,13,0,13,0
2024-25,Andhra Pradesh,Anakapalli,Achutapuram,Thimmarajupeta,1,14,7,19,0,3,0,1,21,22,0,1,14,7,0,0,22,0,22,22,0,22,0,22,0,22,0,22,0
2024-25,Andhra Pradesh,Anakapalli,Achutapuram,Melupaka Jagannadhapuram,0,3,0,2,0,1,1,0,2,3,0,0,3,0,0,0,3,0,3,3,0,3,0,3,0,3,0,3,0
2024-25,Andhra Pradesh,Anakapalli,Achutapuram,Yerravaram,1,8,0,9,0,0,1,2,6,9,0,1,8,0,0,0,9,0,9,9,0,9,0,9,0,9,0,9,0
2024-25,Andhra Pradesh,Anakapalli,Achutapuram,Somavaram,5,33,5,39,0,4,8,0,35,43,0,5,34,4,0,0,43,0,43,43,0,42,1,43,0,43,0,41,2
2024-25,Andhra Pradesh,Anakapalli,Achutapuram,Haripalem,5,21,5,28,2,1,2,2,27,31,0,5,21,5,0,0,31,0,31,27,4,31,0,31,0,31,0,28,3
2024-25,Andhra Pradesh,Anakapalli,Achutapuram,Cheemalapalle,5,14,6,20,1,4,2,0,23,25,0,4,14,7,0,0,25,0,25,25,0,25,0,25,0,25,0,25,0
2024-25,Andhra Pradesh,Anakapalli,Achutapuram,Maduthuru,2,30,13,41,2,2,7,3,35,45,0,4,29,12,0,0,45,0,45,45,0,45,0,45,0,45,0,45,0
2024-25,Andhra Pradesh,Anakapalli,Achutapuram,Duppituru,4,15,7,26,0,0,1,1,24,26,0,4,15,7,1,1,24,0,26,26,0,26,0,26,0,26,0,26,0
2024-25,Andhra Pradesh,Anakapalli,Achutapuram,Kondakarla,1,6,2,8,0,1,1,1,7,9,0,1,6,2,0,0,9,0,9,8,1,8,1,9,0,9,0,8,1
2024-25,Andhra Pradesh,Anakapalli,Achutapuram,Pedapadu,0,34,12,43,1,2,7,4,35,46,0,0,33,13,0,0,46,0,46,44,2,45,1,46,0,46,0,46,0
2024-25,Andhra Pradesh,Anakapalli,Achutapuram,Chodapalle,1,14,4,16,0,3,2,1,16,19,0,1,14,4,0,0,19,0,19,19,0,19,0,19,0,18,1,19,0
2024-25,Andhra Pradesh,Anakapalli,Achutapuram,Uppavaram,2,27,0,25,1,3,4,1,24,29,0,2,27,0,0,0,29,0,29,29,0,29,0,29,0,29,0,27,2
2024-25,Andhra Pradesh,Anakapalli,Achutapuram,Veduruvada,6,17,2,24,0,1,7,1,17,25,0,6,17,2,0,0,25,0,25,25,0,25,0,25,0,25,0,25,0
2024-25,Andhra Pradesh,Anakapalli,Anakapalle,Anakapalle North,6,46,21,56,2,15,46,8,19,68,5,8,43,22,0,0,73,0,73,66,7,72,1,70,3,72,1,61,12
2024-25,Andhra Pradesh,Anakapalli,Anakapalle,Bowluvada (Ct),8,34,10,43,2,7,30,10,12,50,2,8,34,10,0,1,51,0,52,52,0,51,1,52,0,49,3,52,0
2024-25,Andhra Pradesh,Anakapalli,Anakapalle,Golagam,5,25,8,36,0,2,37,0,1,38,0,5,24,9,0,0,38,0,38,36,2,37,1,37,1,38,0,38,0
2024-25,Andhra Pradesh,Anakapalli,Anakapalle,Maredupudi,8,29,10,43,0,4,36,6,5,45,2,8,29,10,0,0,47,0,47,43,4,35,12,47,0,47,0,40,7
2024-25,Andhra Pradesh,Anakapalli,Anakapalle,Koduru,0,10,4,14,0,0,7,3,4,14,0,0,11,3,0,0,14,0,14,14,0,14,0,12,2,14,0,14,0
2024-25,Andhra Pradesh,Anakapalli,Anakapalle,Rebaka,8,30,11,47,0,2,36,1,12,49,0,8,30,11,0,0,49,0,49,45,1,46,0,46,0,49,0,46,0
2024-25,Andhra Pradesh,Anakapalli,Anakapalle,Venkupalem,10,34,10,40,4,10,32,9,13,53,1,10,34,10,0,0,54,0,54,51,2,53,0,53,0,54,0,48,5
2024-25,Andhra Pradesh,Anakapalli,Anakapalle,Kundram,11,23,16,42,2,6,27,1,22,48,2,11,23,16,0,0,50,0,50,46,4,23,27,47,3,46,4,49,1
2024-25,Andhra Pradesh,Anakapalli,Anakapalle,Papayya Santha Palem,1,12,1,14,0,0,13,1,0,14,0,1,12,1,0,0,14,0,14,13,1,6,8,13,1,14,0,14,0
2024-25,Andhra Pradesh,Anakapalli,Anakapalle,Tagarampudi,0,4,2,6,0,0,6,0,0,6,0,0,4,2,0,0,6,0,6,6,0,6,0,6,0,6,0,6,0
2024-25,Andhra Pradesh,Anakapalli,Anakapalle,Anakapalli South - 2,1,32,11,19,8,17,41,2,1,43,1,2,31,11,0,0,44,0,44,43,1,44,0,43,1,44,0,44,0
2024-25,Andhra Pradesh,Anakapalli,Anakapalle,Sankaram,2,22,6,29,1,0,19,5,6,29,1,3,22,5,0,0,30,0,30,29,1,30,0,28,2,30,0,30,0
2024-25,Andhra Pradesh,Anakapalli,Anakapalle,Bhatlapudi,3,14,3,18,2,0,14,3,3,19,1,4,13,3,0,0,20,0,20,19,0,20,0,20,0,20,0,20,0
2024-25,Andhra Pradesh,Anakapalli,Anakapalle,Thummapala,32,47,17,93,2,1,39,20,37,96,0,33,46,17,0,0,94,3,92,59,35,56,38,49,45,96,0,73,18
2024-25,Andhra Pradesh,Anakapalli,Anakapalle,Pisinikada,6,22,17,43,0,2,22,12,11,44,1,6,21,18,0,0,45,0,45,45,0,45,0,45,0,44,1,45,0
2024-25,Andhra Pradesh,Anakapalli,Anakapalle,Kunchangi,12,20,16,45,1,2,24,6,18,45,3,12,19,16,0,1,46,0,47,36,12,32,16,46,2,46,2,45,3
2024-25,Andhra Pradesh,Anakapalli,Anakapalle,Marturu,20,17,5,37,3,2,25,8,9,41,1,20,17,5,0,0,42,4,38,24,18,15,27,1,41,41,1,29,12
2024-25,Andhra Pradesh,Anakapalli,Anakapalle,Makavaram,2,1,1,3,0,1,4,0,0,4,0,3,1,0,0,0,4,0,4,1,3,1,2,0,4,4,0,1,2
2024-25,Andhra Pradesh,Anakapalli,Anakapalle,Chintanippula Agraharam,6,16,6,27,0,1,17,7,4,27,1,6,15,7,0,0,27,0,28,28,0,25,2,27,0,27,1,28,0
2024-25,Andhra Pradesh,Anakapalli,Anakapalle,Kondupalem,0,1,0,1,0,0,1,0,0,1,0,0,1,0,0,0,1,0,1,1,0,1,0,1,0,1,0,1,0
2024-25,Andhra Pradesh,Anakapalli,Anakapalle,Papayya Palem,13,16,6,34,1,0,32,2,1,34,1,14,16,5,0,0,35,0,35,31,4,22,13,35,0,35,0,35,0
2024-25,Andhra Pradesh,Anakapalli,Anakapalle,Mamidipalem,5,29,15,43,2,4,45,2,3,49,1,5,29,15,0,0,49,2,47,47,1,48,0,48,0,48,2,47,1
2024-25,Andhra Pradesh,Anakapalli,Anakapalle,Vooderu,14,25,10,49,0,1,45,3,2,50,0,14,25,10,1,2,45,1,48,50,0,46,4,49,1,49,1,49,1
2024-25,Andhra Pradesh,Anakapalli,Anakapalle,Anakapalle South,2,9,8,16,0,3,11,2,6,19,0,2,10,7,1,0,18,0,19,16,3,13,6,18,1,19,0,18,1
2024-25,Andhra Pradesh,Anakapalli,Butchayyapeta,Gantikorlam,13,28,13,45,2,7,18,12,23,35,19,13,27,14,0,1,53,0,54,51,2,53,0,50,3,52,2,53,0
2024-25,Andhra Pradesh,Anakapalli,Butchayyapeta,R. Sivarampuram,9,29,11,48,0,1,19,8,22,34,15,9,29,11,1,0,48,0,49,45,4,33,16,49,0,46,3,49,0
2024-25,Andhra Pradesh,Anakapalli,Butchayyapeta,Rajam,17,57,16,56,10,24,0,4,86,84,6,18,59,13,0,0,90,0,90,90,0,1,89,87,1,89,1,90,0
2024-25,Andhra Pradesh,Anakapalli,Butchayyapeta,Karaka,1,0,0,1,0,0,1,0,0,0,1,1,0,0,0,0,1,0,1,1,0,1,0,1,0,1,0,1,0
2024-25,Andhra Pradesh,Anakapalli,Butchayyapeta,Pedapudi Agraharam,1,12,3,16,0,0,10,2,4,7,9,2,12,2,0,0,16,0,16,14,2,16,0,16,0,16,0,16,0
2024-25,Andhra Pradesh,Anakapalli,Butchayyapeta,Komallapudi,1,2,2,1,3,1,3,0,2,3,2,1,2,2,0,0,5,0,5,5,0,5,0,5,0,4,1,5,0
2024-25,Andhra Pradesh,Anakapalli,Butchayyapeta,Mangalapuram,5,11,3,15,0,4,3,1,15,8,11,6,9,4,0,0,19,1,18,19,0,16,3,19,0,15,4,17,2
2024-25,Andhra Pradesh,Anakapalli,Butchayyapeta,Pottidorapalem,6,23,9,30,3,5,7,4,27,30,8,7,22,9,1,0,37,0,38,34,4,16,22,38,0,36,2,37,1
2024-25,Andhra Pradesh,Anakapalli,Butchayyapeta,Polepalle,21,2,1,2,22,0,0,23,1,1,23,23,0,1,0,0,21,0,24,19,5,16,8,24,0,24,0,21,3
2024-25,Andhra Pradesh,Anakapalli,Butchayyapeta,P. Bheemavaram,11,34,17,51,4,7,15,7,40,48,14,11,34,17,0,0,62,0,62,58,1,51,8,58,1,57,3,58,1
2024-25,Andhra Pradesh,Anakapalli,Butchayyapeta,Dibbidi,15,50,18,65,3,15,15,11,57,65,18,16,49,18,0,8,75,0,83,74,9,48,35,82,1,80,3,80,3
2024-25,Andhra Pradesh,Anakapalli,Butchayyapeta,R. Bheemavaram,0,7,0,7,0,0,2,1,4,4,3,0,7,0,0,0,7,0,7,5,2,5,2,7,0,7,0,7,0
2024-25,Andhra Pradesh,Anakapalli,Butchayyapeta,Laluru,1,0,0,0,1,0,0,1,0,0,1,1,0,0,0,0,1,0,1,0,0,0,0,0,0,1,0,0,0
2024-25,Andhra Pradesh,Anakapalli,Butchayyapeta,Typuram,7,18,7,16,7,9,1,7,24,26,6,7,18,7,0,1,31,0,32,32,0,9,22,32,0,31,1,31,1
2024-25,Andhra Pradesh,Anakapalli,Butchayyapeta,Peda Madina,11,14,7,25,4,3,12,5,15,21,11,11,14,7,0,0,32,0,32,27,5,27,5,32,0,29,3,32,0
2024-25,Andhra Pradesh,Anakapalli,Butchayyapeta,Mallam,5,20,5,24,3,3,10,6,14,23,7,4,20,6,0,1,29,0,30,30,0,27,3,30,0,30,0,30,0
2024-25,Andhra Pradesh,Anakapalli,Butchayyapeta,L.Singavaram,0,0,1,1,0,0,0,1,0,1,0,0,1,0,0,0,1,0,1,0,0,0,0,0,0,1,0,0,0
2024-25,Andhra Pradesh,Anakapalli,Butchayyapeta,Lopudi,15,44,16,62,2,11,42,15,18,60,15,17,43,15,0,0,75,0,75,73,2,62,13,73,1,73,2,73,2
2024-25,Andhra Pradesh,Anakapalli,Butchayyapeta,Neelakantapuram,0,0,0,0,0,0,0,0,0,0,0,0,0,0,0,0,0,0,0,1,0,0,1,1,0,0,0,1,0
2024-25,Andhra Pradesh,Anakapalli,Butchayyapeta,Chinappannapalem,0,1,0,1,0,0,0,0,1,1,0,0,1,0,0,0,1,0,1,1,0,1,0,1,0,0,1,1,0
2024-25,Andhra Pradesh,Anakapalli,Butchayyapeta,Vaddadi,26,61,32,110,5,4,49,13,57,93,26,26,64,29,0,0,119,0,119,111,7,115,3,118,0,114,5,117,1
2024-25,Andhra Pradesh,Anakapalli,Butchayyapeta,Mallam Bhupathipalem,0,0,1,1,0,0,0,0,1,1,0,0,0,1,0,0,1,0,1,1,0,1,0,1,0,1,0,1,0
2024-25,Andhra Pradesh,Anakapalli,Butchayyapeta,Vijayaramarajupeta,17,53,21,74,5,12,3,7,81,69,22,17,52,22,0,7,83,0,91,88,2,41,49,90,0,88,3,84,6
2024-25,Andhra Pradesh,Anakapalli,Butchayyapeta,Butchayyapeta,15,55,19,50,14,25,24,6,59,81,8,14,54,21,0,0,89,0,89,82,7,60,29,89,0,85,4,89,0
2024-25,Andhra Pradesh,Anakapalli,Butchayyapeta,Pedapudi,4,13,3,19,1,0,9,2,9,12,8,4,13,3,0,0,20,0,20,17,2,11,8,19,0,20,0,15,4
2024-25,Andhra Pradesh,Anakapalli,Butchayyapeta,Turakalapudi,12,36,11,44,3,12,9,16,34,42,17,10,37,12,0,0,59,0,59,58,1,48,11,59,0,56,3,58,1
2024-25,Andhra Pradesh,Anakapalli,Butchayyapeta,Kondempudi,0,1,0,1,0,0,0,0,1,1,0,0,1,0,0,0,1,0,1,1,0,1,0,1,0,1,0,1,0
2024-25,Andhra Pradesh,Anakapalli,Butchayyapeta,Aithampudi,3,3,0,3,2,1,3,2,1,3,3,3,3,0,0,0,6,0,6,5,1,5,1,6,0,5,1,6,0
2024-25,Andhra Pradesh,Anakapalli,Butchayyapeta,Bhatlova,1,1,0,2,0,0,1,1,0,2,0,1,1,0,0,0,2,0,2,2,0,2,0,2,0,2,0,2,0
2024-25,Andhra Pradesh,Anakapalli,Butchayyapeta,Kondapalem Agraharam,3,6,3,12,0,0,5,3,4,6,6,4,6,2,0,0,12,0,12,8,4,2,10,12,0,12,0,12,0
2024-25,Andhra Pradesh,Anakapalli,Butchayyapeta,Nimmalova,2,0,1,1,2,0,0,2,1,1,2,2,0,1,0,0,3,0,3,2,1,2,1,3,0,3,0,3,0
2024-25,Andhra Pradesh,Anakapalli,Butchayyapeta,Gunnempudi,21,23,13,51,3,3,14,12,31,39,18,23,22,12,0,0,57,0,57,50,7,42,15,55,2,53,4,49,8
2024-25,Andhra Pradesh,Anakapalli,Butchayyapeta,Kondapalem,5,11,3,19,0,0,10,1,8,10,9,4,12,3,0,0,19,0,19,13,6,17,2,19,0,19,0,19,0
2024-25,Andhra Pradesh,Anakapalli,Butchayyapeta,Kandipudi,20,16,13,38,9,2,10,19,21,27,23,20,16,13,0,0,49,0,49,46,4,46,4,36,8,49,1,50,0
2024-25,Andhra Pradesh,Anakapalli,Butchayyapeta,Chintapaka,4,14,9,23,1,3,9,4,14,23,4,4,14,9,0,2,25,0,27,27,0,27,0,26,1,27,0,26,1
2024-25,Andhra Pradesh,Anakapalli,Cheedikada,Arjunagiri Agraharam,3,75,8,14,0,72,0,53,33,84,2,3,74,8,0,0,86,0,86,66,20,81,5,86,0,86,0,83,3
2024-25,Andhra Pradesh,Anakapalli,Cheedikada,Turuvolu,5,64,6,36,0,39,2,1,72,73,2,5,64,6,0,0,75,0,75,56,5,41,20,61,0,75,0,53,8
2024-25,Andhra Pradesh,Anakapalli,Cheedikada,Tangudubilli,0,1,0,0,0,1,0,0,1,1,0,0,1,0,0,0,1,0,1,1,0,0,1,1,0,1,0,1,0
2024-25,Andhra Pradesh,Anakapalli,Cheedikada,Bylapudi,3,43,8,23,0,31,1,11,42,54,0,4,43,7,0,0,54,0,54,53,1,46,8,53,1,53,1,50,4
2024-25,Andhra Pradesh,Anakapalli,Cheedikada,Sirijam,17,75,16,46,0,62,0,62,46,108,0,16,76,16,2,0,106,3,105,94,1,18,65,83,4,108,0,11,85
2024-25,Andhra Pradesh,Anakapalli,Cheedikada,Appalarajupuram,8,72,8,80,0,8,0,26,62,88,0,8,72,8,2,0,86,0,88,88,0,85,3,88,0,88,0,86,2
2024-25,Andhra Pradesh,Anakapalli,Cheedikada,Khandivara Agraharam,5,65,14,47,0,37,0,10,74,79,5,6,64,14,3,0,81,0,84,81,2,63,20,82,1,83,0,75,8
2024-25,Andhra Pradesh,Anakapalli,Cheedikada,Lingabhupala Patnam,0,2,0,2,0,0,0,2,0,2,0,0,2,0,0,0,2,0,2,2,0,2,0,2,0,2,0,2,0
2024-25,Andhra Pradesh,Anakapalli,Cheedikada,Neelampeta,0,1,0,0,0,1,0,1,0,1,0,0,1,0,0,0,1,0,1,1,0,1,0,1,0,1,0,1,0
2024-25,Andhra Pradesh,Anakapalli,Cheedikada,Manchala,0,5,0,3,0,2,1,0,4,5,0,0,5,0,0,0,5,0,5,5,0,4,1,5,0,5,0,5,0
2024-25,Andhra Pradesh,Anakapalli,Cheedikada,J.B.Puram,7,68,8,37,0,46,2,71,10,83,0,7,68,8,0,1,82,1,82,77,6,78,5,83,0,83,0,77,6
2024-25,Andhra Pradesh,Anakapalli,Cheedikada,Cheedikada,8,64,9,68,1,12,1,9,71,81,0,8,64,9,1,0,80,0,81,80,0,47,33,78,2,81,0,75,5
2024-25,Andhra Pradesh,Anakapalli,Cheedikada,Chukkapalle,5,60,12,30,0,47,2,15,60,77,0,5,60,12,0,0,77,0,77,75,2,51,26,77,0,77,0,75,2
2024-25,Andhra Pradesh,Anakapalli,Cheedikada,Pedagogada Agraharam,3,21,1,9,0,16,0,9,16,25,0,3,21,1,0,0,25,0,25,25,0,21,4,25,0,25,0,24,1
2024-25,Andhra Pradesh,Anakapalli,Cheedikada,Chinagogada,1,9,0,8,0,2,0,0,10,10,0,1,9,0,0,0,10,0,10,10,0,8,1,10,0,10,0,8,2
2024-25,Andhra Pradesh,Anakapalli,Cheedikada,Cheedipalle Agraharam,0,1,1,0,0,2,0,2,0,2,0,0,1,1,0,0,2,0,2,2,0,2,0,1,1,2,0,2,0
2024-25,Andhra Pradesh,Anakapalli,Cheedikada,Dibbapalem,7,50,7,62,0,2,0,7,57,64,0,6,50,8,0,0,64,0,64,61,3,61,3,64,0,64,0,59,5
2024-25,Andhra Pradesh,Anakapalli,Cheedikada,Jaithavaram,4,65,11,36,0,44,2,14,64,80,0,4,66,10,0,0,79,0,80,78,2,73,7,80,0,80,0,76,4
2024-25,Andhra Pradesh,Anakapalli,Cheedikada,G.Kothapalle,1,31,10,28,0,14,1,7,34,42,0,0,32,10,0,0,42,0,42,42,0,41,1,41,1,42,0,39,3
2024-25,Andhra Pradesh,Anakapalli,Cheedikada,Veerapurajupeta,0,4,0,2,0,2,0,0,4,4,0,0,4,0,0,0,4,0,4,3,1,2,2,4,0,4,0,4,0
2024-25,Andhra Pradesh,Anakapalli,Cheedikada,Konam,6,65,5,73,2,1,9,48,19,74,2,8,63,5,0,4,72,1,75,73,3,57,19,76,0,76,0,70,6
2024-25,Andhra Pradesh,Anakapalli,Chodavaram,Ankupalem,37,19,14,65,1,4,59,0,11,69,1,37,17,16,0,0,70,20,50,58,11,69,1,70,0,70,0,68,2
2024-25,Andhra Pradesh,Anakapalli,Chodavaram,Sreerampatnam,0,2,0,2,0,0,0,2,0,2,0,0,2,0,0,0,2,0,2,2,0,2,0,2,0,2,0,2,0
2024-25,Andhra Pradesh,Anakapalli,Chodavaram,Gandhavaram,9,31,21,51,0,10,43,9,9,61,0,10,30,21,0,0,61,0,61,53,8,61,0,61,0,61,0,60,1
2024-25,Andhra Pradesh,Anakapalli,Chodavaram,Khandipalle,39,29,22,88,0,2,36,25,29,89,1,40,26,24,0,0,90,0,90,87,3,85,5,86,4,86,4,87,3
2024-25,Andhra Pradesh,Anakapalli,Chodavaram,Chodavaram (Ct),78,76,64,207,0,11,136,38,44,218,0,82,75,61,7,0,211,31,187,207,8,179,39,218,0,217,1,209,9
2024-25,Andhra Pradesh,Anakapalli,Chodavaram,Bhogapuram,3,34,5,40,1,1,24,14,4,40,2,3,34,5,0,0,42,0,42,37,5,22,20,42,0,42,0,38,4
2024-25,Andhra Pradesh,Anakapalli,Chodavaram,Chakipalle,25,22,13,55,0,5,45,2,13,60,0,25,19,16,0,0,60,2,58,43,15,58,2,60,0,60,0,46,14
2024-25,Andhra Pradesh,Anakapalli,Chodavaram,Thimmannapalem,2,0,1,2,1,0,3,0,0,3,0,2,0,1,0,0,3,2,1,3,0,3,0,3,0,3,0,3,0
2024-25,Andhra Pradesh,Anakapalli,Chodavaram,Laxmipuram,24,35,23,78,3,1,36,20,26,81,1,24,33,25,2,0,80,0,82,75,7,63,19,78,4,82,0,74,8
2024-25,Andhra Pradesh,Anakapalli,Chodavaram,Narasayyapeta,3,48,16,59,0,8,30,21,16,67,0,4,48,15,0,0,67,0,67,66,1,65,2,67,0,67,0,49,18
2024-25,Andhra Pradesh,Anakapalli,Chodavaram,Duddupalem,14,26,26,60,1,5,35,21,10,66,0,14,26,26,0,0,66,0,66,62,3,64,1,65,0,66,0,63,2
2024-25,Andhra Pradesh,Anakapalli,Chodavaram,Rayapurajupeta,4,20,13,36,0,1,14,7,16,36,1,4,20,13,0,0,37,0,37,37,0,33,4,37,0,37,0,37,0
2024-25,Andhra Pradesh,Anakapalli,Chodavaram,Venkannapalem,7,12,12,28,0,3,16,3,12,31,0,7,11,13,0,0,31,0,31,30,1,20,11,31,0,31,0,31,0
2024-25,Andhra Pradesh,Anakapalli,Chodavaram,Seemunapalle,2,3,2,7,0,0,3,2,2,5,2,2,3,2,0,0,7,0,7,7,0,5,2,7,0,7,0,7,0
2024-25,Andhra Pradesh,Anakapalli,Chodavaram,Lakkavaram,30,20,32,76,0,6,56,15,11,82,0,30,20,32,5,1,76,0,82,60,22,66,16,73,9,82,0,80,2
2024-25,Andhra Pradesh,Anakapalli,Chodavaram,Gavaravaram,31,34,24,82,0,7,43,37,9,89,0,34,33,22,22,2,65,6,83,88,1,81,8,86,3,88,1,85,4
2024-25,Andhra Pradesh,Anakapalli,Chodavaram,Adduru,3,18,8,29,0,0,21,3,5,27,2,3,17,9,1,0,28,0,29,29,0,24,5,29,0,29,0,29,0
2024-25,Andhra Pradesh,Anakapalli,Chodavaram,Juttada,29,24,16,66,0,3,35,20,14,66,3,30,24,15,0,0,69,0,68,68,1,67,2,69,0,69,0,68,1
2024-25,Andhra Pradesh,Anakapalli,Chodavaram,Amberupuram,6,11,6,21,0,2,9,9,5,23,0,6,11,6,0,0,23,0,23,23,0,4,19,23,0,22,1,23,0
2024-25,Andhra Pradesh,Anakapalli,Chodavaram,Jannavaram,26,21,12,35,4,20,51,1,7,59,0,26,21,12,0,0,59,33,26,48,11,58,1,59,0,59,0,57,2
2024-25,Andhra Pradesh,Anakapalli,Chodavaram,Muddurthi,6,43,12,58,0,3,35,15,11,61,0,6,42,13,0,0,61,6,55,58,3,50,11,60,1,61,0,35,26
2024-25,Andhra Pradesh,Anakapalli,Chodavaram,Govada,22,19,16,55,0,2,28,18,11,57,0,23,17,17,0,0,57,20,37,56,1,55,2,57,0,55,2,55,2
2024-25,Andhra Pradesh,Anakapalli,Chodavaram,Gajapathinagaram,5,10,11,26,0,0,10,13,3,26,0,6,10,10,0,0,26,0,26,26,0,25,1,26,0,26,0,23,3
2024-25,Andhra Pradesh,Anakapalli,Chodavaram,Gowripatnam,23,35,20,76,0,2,41,23,14,78,0,23,35,20,0,0,78,0,78,42,36,73,5,71,7,73,5,74,4
2024-25,Andhra Pradesh,Anakapalli,Devarapalle,Boilakintada,3,31,26,58,0,2,32,17,11,59,1,3,29,28,0,0,60,0,60,15,44,60,0,60,0,60,0,16,41
2024-25,Andhra Pradesh,Anakapalli,Devarapalle,Kothapenta,13,66,7,80,1,5,58,8,20,85,1,14,61,11,0,1,84,0,86,79,7,60,26,86,0,86,0,85,1
2024-25,Andhra Pradesh,Anakapalli,Devarapalle,Thimiram,0,1,0,1,0,0,1,0,0,1,0,0,1,0,0,0,1,0,1,1,0,1,0,1,0,1,0,1,0
2024-25,Andhra Pradesh,Anakapalli,Devarapalle,Kaligotla,15,54,14,62,3,18,66,5,12,83,0,15,52,16,0,0,83,0,83,82,1,83,0,83,0,83,0,7,76
2024-25,Andhra Pradesh,Anakapalli,Devarapalle,Tenugupudi,10,11,17,17,10,11,25,3,10,37,1,10,11,17,1,0,37,0,38,34,4,36,2,38,0,38,0,38,0
2024-25,Andhra Pradesh,Anakapalli,Devarapalle,Vechalam,24,52,21,77,7,13,42,27,28,96,1,24,47,26,2,0,95,0,97,94,3,94,3,97,0,97,0,90,7
2024-25,Andhra Pradesh,Anakapalli,Devarapalle,Nagayyapeta,12,15,11,34,0,4,28,2,8,38,0,12,14,12,1,0,37,0,38,37,1,24,14,38,0,38,0,37,1
2024-25,Andhra Pradesh,Anakapalli,Devarapalle,Pedanandipalle Agraharam,10,12,13,34,0,1,31,1,3,34,1,10,11,14,0,0,35,0,35,35,0,29,6,35,0,35,0,33,2
2024-25,Andhra Pradesh,Anakapalli,Devarapalle,Alamandakothapalle,10,30,16,53,0,3,28,14,14,55,1,10,29,17,0,0,56,0,56,12,44,55,1,16,40,56,0,1,55
2024-25,Andhra Pradesh,Anakapalli,Devarapalle,Mushidipalle,26,34,15,63,2,10,50,5,20,75,0,26,34,15,1,0,74,0,75,73,2,75,0,75,0,75,0,55,20
2024-25,Andhra Pradesh,Anakapalli,Devarapalle,Alamanda,10,81,16,104,0,3,96,1,10,107,0,9,77,21,0,2,105,0,107,103,3,74,33,107,0,107,0,99,8
2024-25,Andhra Pradesh,Anakapalli,Devarapalle,Mamidipalle,3,39,5,45,1,1,37,2,8,47,0,3,38,6,0,2,45,2,45,42,5,46,1,47,0,47,0,44,3
2024-25,Andhra Pradesh,Anakapalli,Devarapalle,Vakapalle,15,30,12,23,11,23,42,3,12,57,0,15,30,12,1,0,56,0,57,57,0,56,1,57,0,57,0,55,2
2024-25,Andhra Pradesh,Anakapalli,Devarapalle,Taruva,19,27,26,56,10,6,39,16,17,72,0,20,27,25,15,0,57,0,72,70,2,72,0,72,0,72,0,72,0
2024-25,Andhra Pradesh,Anakapalli,Devarapalle,Marepalle,9,23,4,35,0,1,33,0,3,36,0,9,21,6,0,0,36,0,36,34,2,36,0,35,0,36,0,33,2
2024-25,Andhra Pradesh,Anakapalli,Devarapalle,Garisingi,14,37,6,43,7,7,41,2,14,55,2,15,35,7,0,0,57,0,57,56,1,51,6,56,1,57,0,37,20
2024-25,Andhra Pradesh,Anakapalli,Devarapalle,Chinanandipalle,1,0,0,0,0,1,0,0,1,1,0,1,0,0,0,0,1,0,1,1,0,1,0,1,0,1,0,1,0
2024-25,Andhra Pradesh,Anakapalli,Devarapalle,Kasipuram,2,22,4,22,0,6,27,0,1,28,0,2,23,3,0,0,28,0,28,25,3,28,0,28,0,28,0,16,12
2024-25,Andhra Pradesh,Anakapalli,Devarapalle,Chintalapudi,0,6,6,10,0,2,9,1,2,12,0,0,6,6,0,0,12,0,12,11,1,12,0,11,1,12,0,11,1
2024-25,Andhra Pradesh,Anakapalli,Devarapalle,Raiwada,18,15,9,41,0,1,35,1,6,42,0,18,14,10,1,0,41,0,42,39,3,38,4,42,0,42,0,39,3
2024-25,Andhra Pradesh,Anakapalli,Devarapalle,Devarapalle,19,53,27,81,3,15,65,10,24,98,1,19,49,31,0,11,88,0,99,91,8,92,6,97,2,99,0,87,12
2024-25,Andhra Pradesh,Anakapalli,Golugonda,Komira,4,19,5,27,0,1,8,2,18,28,0,4,19,5,0,0,28,0,28,28,0,28,0,27,1,28,0,27,1
2024-25,Andhra Pradesh,Anakapalli,Golugonda,Jammadevipeta,0,7,5,10,0,2,1,0,11,12,0,0,7,5,0,0,12,0,12,6,6,12,0,11,1,12,0,11,1
2024-25,Andhra Pradesh,Anakapalli,Golugonda,Gadampalem,0,1,0,1,0,0,0,0,1,1,0,0,1,0,0,0,1,0,1,1,0,1,0,1,0,1,0,1,0
2024-25,Andhra Pradesh,Anakapalli,Golugonda,Krishnadevipeta,0,21,1,19,1,2,9,0,13,22,0,0,21,1,0,0,22,0,22,22,0,22,0,18,4,22,0,22,0
2024-25,Andhra Pradesh,Anakapalli,Golugonda,Kotha Yellavaram,3,14,3,20,0,0,3,1,16,19,1,3,14,3,0,0,20,0,20,20,0,20,0,18,2,20,0,20,0
2024-25,Andhra Pradesh,Anakapalli,Golugonda,Cheedigummala,1,2,5,7,1,0,4,0,4,8,0,1,2,5,0,0,8,0,8,8,0,8,0,8,0,8,0,8,0
2024-25,Andhra Pradesh,Anakapalli,Golugonda,Mungerlapalem,2,25,10,33,0,4,15,0,22,37,0,2,25,10,1,0,36,0,37,36,1,37,0,34,3,37,0,37,0
2024-25,Andhra Pradesh,Anakapalli,Golugonda,Kumarapuram,0,1,0,0,1,0,0,0,1,1,0,0,1,0,0,0,1,0,1,1,0,1,0,1,0,1,0,1,0
2024-25,Andhra Pradesh,Anakapalli,Golugonda,Pakalapadu,4,14,4,22,0,0,4,0,18,22,0,4,14,4,0,0,22,0,22,22,0,22,0,20,2,22,0,22,0
2024-25,Andhra Pradesh,Anakapalli,Golugonda,Polavaram,0,0,1,1,0,0,1,0,0,1,0,0,0,1,0,0,1,0,1,1,0,1,0,1,0,1,0,1,0
2024-25,Andhra Pradesh,Anakapalli,Golugonda,Ammapeta,0,3,0,2,0,1,0,0,3,3,0,0,3,0,0,0,3,0,3,3,0,3,0,3,0,3,0,3,0
2024-25,Andhra Pradesh,Anakapalli,Golugonda,Yarakampeta,1,7,2,9,0,1,3,0,7,10,0,1,8,1,0,0,10,0,10,8,2,10,0,5,5,10,0,10,0
2024-25,Andhra Pradesh,Anakapalli,Golugonda,Gundupala,2,10,5,17,0,0,3,1,13,16,1,2,9,6,0,0,17,0,17,17,0,17,0,17,0,17,0,17,0
2024-25,Andhra Pradesh,Anakapalli,Golugonda,Pappusettipalem,1,5,4,9,1,0,2,0,8,10,0,1,5,4,0,0,10,0,10,10,0,10,0,8,2,10,0,10,0
2024-25,Andhra Pradesh,Anakapalli,Golugonda,Yarravaram,0,2,0,2,0,0,0,0,2,2,0,0,2,0,0,0,2,0,2,2,0,2,0,1,1,2,0,2,0
2024-25,Andhra Pradesh,Anakapalli,Golugonda,Agency Laxmipuram,1,6,0,6,0,1,1,0,6,7,0,1,6,0,0,0,7,0,7,7,0,7,0,7,0,7,0,7,0
2024-25,Andhra Pradesh,Anakapalli,Golugonda,Pathamallempeta,6,15,10,29,0,2,6,1,24,31,0,6,16,9,0,0,31,0,31,25,6,31,0,28,3,31,0,31,0
2024-25,Andhra Pradesh,Anakapalli,Golugonda,Nagannadorapalem,0,5,2,6,1,0,3,0,4,7,0,0,4,3,0,0,7,0,7,6,1,7,0,5,2,7,0,7,0
2024-25,Andhra Pradesh,Anakapalli,Golugonda,Golugonda,7,41,4,48,0,4,17,1,34,52,0,6,41,5,0,0,52,0,52,51,1,52,0,48,4,52,0,52,0
2024-25,Andhra Pradesh,Anakapalli,Golugonda,Chodyam,1,19,0,16,0,4,9,0,11,20,0,1,18,1,0,0,20,0,20,20,0,20,0,20,0,20,0,20,0
2024-25,Andhra Pradesh,Anakapalli,Golugonda,Lingamdora Palem,1,17,3,20,0,1,9,1,11,21,0,2,17,2,0,0,21,0,21,21,0,21,0,19,2,21,0,21,0
2024-25,Andhra Pradesh,Anakapalli,Golugonda,Kasimi,1,1,0,2,0,0,0,0,2,2,0,1,1,0,0,0,2,0,2,2,0,2,0,2,0,2,0,2,0
2024-25,Andhra Pradesh,Anakapalli,Golugonda,Kothamallempeta,2,9,6,17,0,0,4,0,13,17,0,1,11,5,3,0,14,0,17,17,0,17,0,17,0,17,0,17,0
2024-25,Andhra Pradesh,Anakapalli,K.Kotapadu,Gavarapalem,10,13,19,35,3,4,19,6,17,40,2,11,13,18,0,5,37,0,41,42,0,18,24,42,0,41,1,41,1
2024-25,Andhra Pradesh,Anakapalli,K.Kotapadu,Santhapalem,17,22,24,59,1,3,21,6,36,60,3,16,23,24,0,0,63,0,63,62,1,24,39,63,0,63,0,62,1
2024-25,Andhra Pradesh,Anakapalli,K.Kotapadu,Gullepalle,8,23,8,35,0,4,11,6,22,36,3,7,26,6,0,0,39,0,39,38,1,5,34,39,0,36,3,39,0
2024-25,Andhra Pradesh,Anakapalli,K.Kotapadu,Gondupalem,12,15,14,37,1,3,19,4,18,39,2,12,16,13,1,4,36,0,41,41,0,10,31,41,0,39,2,41,0
2024-25,Andhra Pradesh,Anakapalli,K.Kotapadu,Kintada,8,23,9,30,0,10,10,3,27,40,0,8,23,9,0,0,40,0,40,39,1,1,39,40,0,39,1,40,0
2024-25,Andhra Pradesh,Anakapalli,K.Kotapadu,Medicherla,3,16,26,41,0,4,21,4,20,45,0,2,15,28,0,0,45,0,45,44,0,24,20,44,0,45,0,44,0
2024-25,Andhra Pradesh,Anakapalli,K.Kotapadu,Kintadakotapadu,29,7,4,23,0,17,15,2,23,39,1,30,7,3,0,0,40,0,40,40,0,27,13,40,0,40,0,34,6
2024-25,Andhra Pradesh,Anakapalli,K.Kotapadu,Arle,15,24,2,29,3,9,15,3,23,19,22,15,25,1,0,3,38,0,41,4,37,3,38,40,1,41,0,9,32
2024-25,Andhra Pradesh,Anakapalli,K.Kotapadu,Garugubilli,4,4,1,4,4,1,2,3,4,6,3,4,4,1,0,0,9,0,9,9,0,2,7,9,0,9,0,9,0
2024-25,Andhra Pradesh,Anakapalli,K.Kotapadu,Chowduvada,23,41,9,18,14,41,19,8,46,65,8,23,45,5,0,3,70,0,73,43,30,19,54,73,0,71,2,48,25
2024-25,Andhra Pradesh,Anakapalli,K.Kotapadu,Rongalinaidupalle,11,17,12,38,0,2,12,3,25,40,0,13,17,10,0,0,40,0,40,29,11,18,21,39,1,40,0,40,0
2024-25,Andhra Pradesh,Anakapalli,K.Kotapadu,Dalivalasa,13,22,6,11,1,29,22,4,15,41,0,13,24,4,0,2,39,0,41,41,0,30,11,41,0,41,0,41,0
2024-25,Andhra Pradesh,Anakapalli,K.Kotapadu,Singannadorapalem,10,15,15,33,3,4,15,6,19,40,0,10,15,15,0,0,40,0,40,40,0,26,14,40,0,40,0,39,1
2024-25,Andhra Pradesh,Anakapalli,K.Kotapadu,Koruvada Jagannadhapuram,4,15,9,16,0,12,11,1,16,28,0,4,16,8,0,0,28,0,28,26,0,2,23,26,0,28,0,26,0
2024-25,Andhra Pradesh,Anakapalli,K.Kotapadu,Sudivalasa,13,18,11,40,0,2,17,2,23,40,2,13,18,11,0,0,42,0,42,39,3,28,14,42,0,40,2,42,0
2024-25,Andhra Pradesh,Anakapalli,K.Kotapadu,Marrivalasa,10,15,14,33,0,6,14,4,21,38,1,10,14,15,0,0,39,0,39,38,1,30,9,39,0,38,1,39,0
2024-25,Andhra Pradesh,Anakapalli,K.Kotapadu,Pindrangi,4,8,8,19,1,0,10,2,8,19,1,4,8,8,0,0,20,0,20,20,0,10,10,20,0,20,0,20,0
2024-25,Andhra Pradesh,Anakapalli,K.Kotapadu,Koruvada,32,6,5,41,0,2,15,4,24,42,1,33,6,4,0,0,43,0,43,33,10,40,3,43,0,42,1,43,0
2024-25,Andhra Pradesh,Anakapalli,K.Kotapadu,Pothanavalasa Agraharam,0,5,3,8,0,1,4,1,4,9,0,0,6,3,0,0,9,0,9,9,0,1,8,9,0,9,0,9,0
2024-25,Andhra Pradesh,Anakapalli,K.Kotapadu,Ramayogi Agraharam,4,20,7,31,0,0,10,2,19,31,0,5,21,5,0,0,30,1,29,30,1,9,22,31,0,31,0,30,1
2024-25,Andhra Pradesh,Anakapalli,K.Kotapadu,Varada,10,28,24,54,2,6,21,7,34,61,1,13,28,21,0,2,60,0,62,60,2,20,42,62,0,61,1,58,4
2024-25,Andhra Pradesh,Anakapalli,K.Kotapadu,Alamanda Bheemavaram,0,1,1,2,0,0,0,0,2,2,0,0,1,1,0,0,2,0,2,2,0,0,2,2,0,2,0,2,0
2024-25,Andhra Pradesh,Anakapalli,K.Kotapadu,Alamandakoduru,13,22,5,17,7,16,19,2,19,16,24,13,23,4,0,1,39,0,40,0,40,7,32,26,14,37,3,6,32
2024-25,Andhra Pradesh,Anakapalli,Kasimkota,Zattapureddituni,15,22,11,48,0,0,47,0,1,48,0,15,22,11,0,0,48,0,48,48,0,48,0,48,0,48,0,46,2
2024-25,Andhra Pradesh,Anakapalli,Kasimkota,Eswarapalle Chowduvada,0,1,2,2,0,1,3,0,0,3,0,0,1,2,0,0,3,0,3,3,0,3,0,3,0,2,1,3,0
2024-25,Andhra Pradesh,Anakapalli,Kasimkota,Tallapalem,5,34,13,50,0,2,49,0,3,52,0,5,36,11,0,0,52,0,52,50,2,30,22,50,2,52,0,49,3
2024-25,Andhra Pradesh,Anakapalli,Kasimkota,Gobburu,0,1,0,1,0,0,0,1,0,1,0,0,1,0,0,0,1,0,1,1,0,1,0,1,0,1,0,0,1
2024-25,Andhra Pradesh,Anakapalli,Kasimkota,Kothapalle,6,34,11,48,1,2,48,1,2,51,0,6,34,11,0,0,51,0,51,51,0,49,2,51,0,51,0,51,0
2024-25,Andhra Pradesh,Anakapalli,Kasimkota,Tegada,1,2,0,3,0,0,2,0,1,3,0,1,2,0,0,0,3,0,3,3,0,3,0,3,0,3,0,3,0
2024-25,Andhra Pradesh,Anakapalli,Kasimkota,Veduruparthi,8,26,18,40,1,11,50,1,1,51,1,10,24,18,0,0,52,1,51,52,0,52,0,43,0,49,3,52,0
2024-25,Andhra Pradesh,Anakapalli,Kasimkota,Bayyavaram,9,69,25,94,1,8,100,1,2,103,0,10,68,25,4,0,99,0,103,101,2,103,0,102,0,103,0,103,0
2024-25,Andhra Pradesh,Anakapalli,Kasimkota,Charakam,1,4,0,3,2,0,4,1,0,4,1,2,3,0,0,0,5,0,5,5,0,4,1,5,0,4,1,5,0
2024-25,Andhra Pradesh,Anakapalli,Kasimkota,Yenugutuni,1,0,0,1,0,0,1,0,0,1,0,1,0,0,0,0,1,0,1,1,0,1,0,1,0,1,0,1,0
2024-25,Andhra Pradesh,Anakapalli,Kasimkota,Somavaram,0,5,1,6,0,0,1,2,3,6,0,0,4,2,0,0,6,0,6,6,0,6,0,6,0,6,0,6,0
2024-25,Andhra Pradesh,Anakapalli,Kasimkota,Chintalapalem,2,8,9,18,0,1,19,0,0,19,0,2,8,9,0,0,19,0,19,19,0,19,0,19,0,19,0,19,0
2024-25,Andhra Pradesh,Anakapalli,Kasimkota,Nutulaguntla Palem,5,16,10,31,0,0,30,0,1,30,1,5,16,10,0,0,31,0,31,31,0,31,0,31,0,30,1,31,0
2024-25,Andhra Pradesh,Anakapalli,Kasimkota,Narasingibilly,1,1,1,3,0,0,3,0,0,3,0,1,1,1,0,0,3,0,3,3,0,1,2,3,0,3,0,3,0
2024-25,Andhra Pradesh,Anakapalli,Kasimkota,Gurugu Bheemavaram,16,29,7,50,0,2,50,0,2,52,0,18,28,6,0,0,52,0,52,52,0,49,3,52,0,52,0,50,2
2024-25,Andhra Pradesh,Anakapalli,Kasimkota,Gobburupalem,0,1,0,0,0,1,0,0,1,1,0,0,1,0,0,0,1,0,1,1,0,1,0,1,0,1,0,1,0
2024-25,Andhra Pradesh,Anakapalli,Kasimkota,Ammeensahabpeta,5,31,5,40,0,1,5,22,14,41,0,1,29,11,0,0,41,0,41,41,0,39,2,41,0,41,0,40,1
2024-25,Andhra Pradesh,Anakapalli,Kasimkota,Narasapuram,0,1,1,2,0,0,0,1,1,2,0,1,1,0,0,0,2,0,2,2,0,2,0,2,0,2,0,2,0
2024-25,Andhra Pradesh,Anakapalli,Kasimkota,Kasimkota,14,66,28,92,3,13,28,55,25,107,1,14,64,30,0,0,108,0,108,101,7,81,27,108,0,108,0,102,6
2024-25,Andhra Pradesh,Anakapalli,Kasimkota,Ugginapalem,13,29,10,52,0,0,46,1,5,52,0,14,27,11,2,1,49,0,52,50,2,52,0,52,0,52,0,52,0
2024-25,Andhra Pradesh,Anakapalli,Kasimkota,Theeda,3,22,17,32,3,7,37,2,3,41,1,3,22,17,0,0,42,1,41,42,0,41,1,41,0,41,1,42,0
2024-25,Andhra Pradesh,Anakapalli,Kasimkota,Atcherla,11,25,17,48,1,4,44,1,8,52,1,10,25,18,1,0,52,1,52,52,1,51,2,53,0,52,1,53,0
2024-25,Andhra Pradesh,Anakapalli,Kotauratla,Rajupeta,10,1,9,18,0,2,16,0,4,20,0,10,1,9,0,0,20,2,18,19,0,19,0,19,0,20,0,0,19
2024-25,Andhra Pradesh,Anakapalli,Kotauratla,Kotauratla,12,6,17,28,2,5,30,0,5,33,2,14,6,15,0,0,35,0,35,32,0,32,0,32,0,30,5,0,32
2024-25,Andhra Pradesh,Anakapalli,Kotauratla,Lingapuram,13,4,8,18,4,3,11,1,13,25,0,14,4,7,0,0,25,0,25,19,6,25,0,25,0,24,1,6,19
2024-25,Andhra Pradesh,Anakapalli,Kotauratla,Pippalla Kothapalle,0,6,4,5,3,2,7,0,3,10,0,0,6,4,0,1,9,0,10,8,2,6,4,10,0,10,0,0,10
2024-25,Andhra Pradesh,Anakapalli,Kotauratla,Pamulavaka,14,1,14,21,5,3,21,0,8,28,1,15,0,14,0,0,29,1,28,29,0,29,0,29,0,28,1,2,27
2024-25,Andhra Pradesh,Anakapalli,Kotauratla,Sunkapuru,3,1,5,4,1,4,5,0,4,9,0,4,2,3,0,0,9,0,9,9,0,9,0,9,0,9,0,0,9
2024-25,Andhra Pradesh,Anakapalli,Kotauratla,Ramannapalem,3,0,2,5,0,0,5,0,0,5,0,3,0,2,0,0,5,0,5,5,0,5,0,5,0,5,0,0,5
2024-25,Andhra Pradesh,Anakapalli,Kotauratla,Yendapalle,12,7,2,15,3,3,16,1,4,21,0,13,6,2,0,0,21,0,21,22,0,22,0,22,0,20,1,0,22
2024-25,Andhra Pradesh,Anakapalli,Kotauratla,Bapiraju Kothapalle,11,9,11,24,1,6,28,1,2,27,4,13,8,10,0,1,30,13,18,29,0,10,18,27,2,24,7,12,17
2024-25,Andhra Pradesh,Anakapalli,Kotauratla,Panduru,2,0,9,7,1,3,9,0,2,11,0,2,0,9,0,0,11,0,11,6,4,4,6,10,0,11,0,0,10
2024-25,Andhra Pradesh,Anakapalli,Kotauratla,Chinaboddepalle,14,2,10,16,3,7,26,0,0,20,6,13,2,11,0,0,25,10,15,25,0,0,23,24,1,26,0,25,0
2024-25,Andhra Pradesh,Anakapalli,Kotauratla,Chowduvada,12,7,16,28,2,5,32,1,2,33,2,12,7,16,0,0,35,21,14,28,6,19,15,34,0,35,0,5,29
2024-25,Andhra Pradesh,Anakapalli,Kotauratla,Kodavatipudi,27,20,7,29,16,9,35,5,14,46,8,41,10,3,0,0,54,34,20,53,0,53,0,53,0,53,1,0,53
2024-25,Andhra Pradesh,Anakapalli,Kotauratla,Kailasapatnam,8,1,16,23,0,2,23,1,1,20,5,9,1,15,0,0,25,10,15,25,0,25,0,25,0,25,0,0,25
2024-25,Andhra Pradesh,Anakapalli,Kotauratla,Thangedu,2,7,16,8,7,10,25,0,0,25,0,2,7,16,0,0,25,0,25,25,0,25,0,25,0,25,0,1,24
2024-25,Andhra Pradesh,Anakapalli,Kotauratla,Jalluru,7,0,2,3,3,3,5,0,4,9,0,5,2,2,0,0,9,0,9,8,1,9,0,9,0,9,0,0,9
2024-25,Andhra Pradesh,Anakapalli,Kotauratla,Bodapalem,13,3,9,20,1,4,20,0,5,19,6,13,3,9,0,0,25,20,5,25,0,0,25,24,0,22,3,17,8
2024-25,Andhra Pradesh,Anakapalli,Kotauratla,Annavaram,11,3,11,25,0,0,23,1,1,17,8,14,3,8,0,0,25,14,11,19,6,0,25,24,1,25,0,11,14
2024-25,Andhra Pradesh,Anakapalli,Madugula,P.Sivaram Puram,3,9,4,15,0,1,8,1,7,15,1,4,8,4,0,0,16,0,16,9,7,16,0,16,0,16,0,16,0
2024-25,Andhra Pradesh,Anakapalli,Madugula,Avuruvada,4,9,8,15,0,6,10,0,11,20,1,4,9,8,0,0,21,0,21,12,9,21,0,21,0,21,0,21,0
2024-25,Andhra Pradesh,Anakapalli,Madugula,Madugula,17,95,54,124,6,36,62,5,99,164,2,18,91,57,0,0,165,0,166,158,5,155,8,161,2,166,0,159,3
2024-25,Andhra Pradesh,Anakapalli,Madugula,Sankaram,6,50,7,41,5,17,29,0,34,61,2,6,50,7,0,0,63,0,63,51,12,61,2,63,0,63,0,61,2
2024-25,Andhra Pradesh,Anakapalli,Madugula,M.K.Vallapuram,0,0,1,0,0,1,0,0,1,1,0,0,0,1,0,0,1,0,1,1,0,1,0,1,0,1,0,1,0
2024-25,Andhra Pradesh,Anakapalli,Madugula,Satyavaram,5,32,23,56,1,3,16,0,44,60,0,5,32,23,0,0,60,0,60,60,0,48,11,60,0,60,0,56,4
2024-25,Andhra Pradesh,Anakapalli,Madugula,Lakshmipuram,0,2,1,1,0,2,1,0,2,3,0,0,2,1,0,0,3,0,3,3,0,3,0,3,0,3,0,3,0
2024-25,Andhra Pradesh,Anakapalli,Madugula,Pothanapudi Araharam,11,18,31,54,0,6,16,0,44,59,1,11,18,31,0,0,60,0,60,57,3,45,15,60,0,60,0,59,1
2024-25,Andhra Pradesh,Anakapalli,Madugula,Vommali,3,24,33,51,2,7,24,0,36,59,1,5,23,32,0,0,60,0,60,54,6,60,0,60,0,60,0,60,0
2024-25,Andhra Pradesh,Anakapalli,Madugula,Jammadevipeta,23,16,23,59,0,3,17,4,41,62,0,24,16,22,0,1,61,0,62,58,1,39,20,57,2,62,0,57,2
2024-25,Andhra Pradesh,Anakapalli,Madugula,Tiruvada,1,1,3,4,0,1,2,0,3,5,0,1,0,4,0,0,5,0,5,4,1,5,0,5,0,5,0,5,0
2024-25,Andhra Pradesh,Anakapalli,Madugula,Sagaram,8,47,9,55,1,8,26,1,37,63,1,8,47,9,9,0,55,0,64,63,0,16,45,63,0,64,0,63,0
2024-25,Andhra Pradesh,Anakapalli,Madugula,Anukuru,0,0,4,4,0,0,2,0,2,4,0,0,0,4,0,0,4,0,4,4,0,4,0,4,0,4,0,4,0
2024-25,Andhra Pradesh,Anakapalli,Madugula,Lovagavara Varam,1,0,0,0,0,1,0,0,1,1,0,1,0,0,0,0,1,0,1,1,0,1,0,1,0,1,0,1,0
2024-25,Andhra Pradesh,Anakapalli,Madugula,Lova Krishnapuram,1,4,1,5,0,1,0,2,4,6,0,1,4,1,0,0,6,0,6,6,0,6,0,6,0,6,0,6,0
2024-25,Andhra Pradesh,Anakapalli,Madugula,Mukundapuram,37,13,14,55,1,8,28,1,35,63,1,34,16,14,0,0,64,0,64,64,0,64,0,64,0,64,0,64,0
2024-25,Andhra Pradesh,Anakapalli,Madugula,Chintaluru,0,4,0,3,0,1,1,1,2,4,0,0,4,0,0,0,4,0,4,3,1,4,0,4,0,4,0,4,0
2024-25,Andhra Pradesh,Anakapalli,Madugula,Kaspa Jagannadhapuram,26,53,31,61,22,27,37,1,72,109,1,28,50,32,0,0,110,5,105,108,2,107,3,110,0,110,0,104,6
2024-25,Andhra Pradesh,Anakapalli,Madugula,Veeravilli,15,23,19,54,0,3,31,1,25,56,1,15,24,18,0,0,57,0,57,56,0,56,0,56,0,57,0,56,0
2024-25,Andhra Pradesh,Anakapalli,Madugula,Tatiparthi,13,16,33,57,0,5,28,0,34,62,0,13,17,32,0,1,61,1,61,59,3,57,5,62,0,62,0,60,2
2024-25,Andhra Pradesh,Anakapalli,Madugula,Madugula Koduru,14,20,30,59,3,2,18,0,46,63,1,14,20,30,0,0,64,0,64,63,1,61,3,62,2,64,0,63,1
2024-25,Andhra Pradesh,Anakapalli,Madugula,Madugulakotapadu,15,13,35,56,2,5,21,1,41,63,0,15,13,35,0,1,62,0,63,63,0,25,36,62,1,63,0,63,0
2024-25,Andhra Pradesh,Anakapalli,Madugula,Pongalipaka,5,1,17,19,0,4,7,0,16,23,0,5,1,17,0,0,23,0,23,8,15,23,0,23,0,23,0,23,0
2024-25,Andhra Pradesh,Anakapalli,Madugula,Peda Sarada,0,1,1,2,0,0,1,0,1,2,0,0,1,1,0,0,2,0,2,0,2,2,0,2,0,2,0,2,0
2024-25,Andhra Pradesh,Anakapalli,Madugula,Kinthali,4,7,9,17,0,3,9,0,11,20,0,4,9,7,0,0,20,0,20,15,5,20,0,20,0,20,0,20,0
2024-25,Andhra Pradesh,Anakapalli,Madugula,Sanghyam,1,0,0,1,0,0,1,0,0,1,0,1,0,0,0,0,1,0,1,1,0,1,0,1,0,1,0,1,0
2024-25,Andhra Pradesh,Anakapalli,Madugula,Lova Ponnavolu,12,22,17,44,1,6,9,19,23,51,0,11,22,18,0,0,51,0,51,48,2,49,1,50,0,51,0,50,0
2024-25,Andhra Pradesh,Anakapalli,Madugula,Veeranarayanam,20,20,23,51,4,8,36,0,27,62,1,20,20,23,0,0,63,5,58,44,18,62,0,61,1,63,0,61,1
2024-25,Andhra Pradesh,Anakapalli,Madugula,Vommali Jagannadhapuram,1,0,2,3,0,0,3,0,0,3,0,1,0,2,0,0,3,0,3,3,0,3,0,3,0,3,0,3,0
2024-25,Andhra Pradesh,Anakapalli,Madugula,Gadirai,0,2,0,1,1,0,1,0,1,2,0,0,1,1,0,0,2,0,2,2,0,2,0,2,0,2,0,2,0
2024-25,Andhra Pradesh,Anakapalli,Madugula,Gotivada Agraharam,13,30,18,54,2,5,16,1,44,61,0,13,30,18,0,1,60,0,61,60,1,60,1,61,0,61,0,61,0
2024-25,Andhra Pradesh,Anakapalli,Madugula,Kurmanadhapuram,0,3,2,5,0,0,1,0,4,5,0,0,3,2,0,0,5,0,5,5,0,5,0,5,0,5,0,5,0
2024-25,Andhra Pradesh,Anakapalli,Madugula,Jalampalle,1,39,26,57,0,9,35,1,30,66,0,1,39,26,0,0,66,0,66,65,1,66,0,66,0,66,0,66,0
2024-25,Andhra Pradesh,Anakapalli,Madugula,Kinthali Vallapuram,9,35,18,52,1,9,17,3,42,61,1,8,37,17,1,0,61,0,62,46,16,59,3,62,0,62,0,62,0
2024-25,Andhra Pradesh,Anakapalli,Madugula,Yerukuvada,1,2,2,5,0,0,4,0,1,5,0,1,2,2,0,0,5,0,5,5,0,5,0,5,0,5,0,5,0
2024-25,Andhra Pradesh,Anakapalli,Makavarapalem,Koduru,4,28,11,42,1,0,0,13,30,36,7,4,28,11,0,0,43,0,43,36,7,35,8,38,5,38,5,22,21
2024-25,Andhra Pradesh,Anakapalli,Makavarapalem,Vajragada,5,15,2,20,1,1,0,7,15,18,4,5,15,2,0,0,22,1,21,3,19,9,13,5,17,22,0,15,6
2024-25,Andhra Pradesh,Anakapalli,Makavarapalem,Giduthuru,2,9,2,12,0,1,1,1,11,13,0,2,9,2,0,0,13,0,13,11,2,10,3,13,0,12,1,6,7
2024-25,Andhra Pradesh,Anakapalli,Makavarapalem,Tamaram,3,15,5,19,1,3,12,4,7,23,0,3,14,6,0,0,23,0,23,23,0,23,0,21,2,22,1,20,3
2024-25,Andhra Pradesh,Anakapalli,Makavarapalem,Settipalem,3,17,4,21,1,2,0,2,22,21,3,3,16,5,1,2,21,0,24,18,6,21,3,22,2,23,1,23,1
2024-25,Andhra Pradesh,Anakapalli,Makavarapalem,Makavarapalem,4,14,5,22,1,0,0,3,20,23,0,5,14,4,0,0,23,0,23,9,14,8,15,2,21,23,0,15,8
2024-25,Andhra Pradesh,Anakapalli,Makavarapalem,Bayyavaram,3,1,1,5,0,0,5,0,0,4,1,3,1,1,0,0,5,5,0,3,2,5,0,5,0,5,0,3,2
2024-25,Andhra Pradesh,Anakapalli,Makavarapalem,Burugupalem,8,22,7,34,0,3,0,14,23,29,8,8,22,7,4,0,32,0,37,35,2,37,0,37,0,37,0,5,32
2024-25,Andhra Pradesh,Anakapalli,Makavarapalem,Kondala Agraharam,2,15,6,21,0,2,2,5,16,23,0,2,16,5,1,1,21,0,23,23,0,21,2,23,0,21,2,16,7
2024-25,Andhra Pradesh,Anakapalli,Makavarapalem,Pydipala,4,26,7,35,2,0,0,13,24,29,8,5,25,7,0,0,37,1,36,29,8,18,19,16,21,36,0,17,20
2024-25,Andhra Pradesh,Anakapalli,Makavarapalem,Tadapala,0,6,3,9,0,0,0,6,3,6,3,0,6,3,0,0,9,0,9,9,0,9,0,9,0,9,0,0,9
2024-25,Andhra Pradesh,Anakapalli,Makavarapalem,Jangalapalle,0,0,0,0,0,0,0,0,0,0,0,0,0,0,0,0,0,0,0,1,0,1,0,0,1,0,0,1,0
2024-25,Andhra Pradesh,Anakapalli,Makavarapalem,Rachapalle,3,12,3,17,0,1,0,4,14,18,0,3,13,2,1,0,17,0,18,18,0,16,2,18,0,18,0,10,8
2024-25,Andhra Pradesh,Anakapalli,Makavarapalem,Pochinapeddi Agraharam,3,13,6,20,1,1,0,0,22,17,5,4,13,5,0,0,22,0,22,18,4,9,13,1,21,22,0,17,5
2024-25,Andhra Pradesh,Anakapalli,Makavarapalem,Peddipalem,0,5,2,7,0,0,0,0,7,6,1,0,5,2,0,0,7,0,7,7,0,7,0,7,0,7,0,1,6
2024-25,Andhra Pradesh,Anakapalli,Makavarapalem,Tootipala,2,11,4,16,0,1,0,1,16,13,4,2,11,4,0,0,17,0,17,17,0,17,0,15,2,13,3,10,7
2024-25,Andhra Pradesh,Anakapalli,Munagapaka,Kakarapalle,0,14,1,13,0,2,7,4,4,15,0,0,14,1,0,0,15,0,15,5,10,9,6,14,1,15,0,14,1
2024-25,Andhra Pradesh,Anakapalli,Munagapaka,Vadrapalle,1,12,31,38,2,4,31,4,9,44,0,3,12,29,0,0,44,0,44,44,0,44,0,43,1,41,3,44,0
2024-25,Andhra Pradesh,Anakapalli,Munagapaka,Vompolu,4,27,3,33,0,1,22,6,6,34,0,4,25,5,0,0,34,0,34,30,4,0,34,34,0,34,0,26,8
2024-25,Andhra Pradesh,Anakapalli,Munagapaka,Arabupalem,2,30,1,28,0,5,25,4,4,33,0,2,30,1,0,0,33,0,33,32,1,29,4,33,0,33,0,33,0
2024-25,Andhra Pradesh,Anakapalli,Munagapaka,Pallapu Anandapuram,13,13,6,31,1,0,19,2,11,31,1,13,12,7,0,0,32,0,32,32,0,32,0,32,0,31,1,32,0
2024-25,Andhra Pradesh,Anakapalli,Munagapaka,Narendrapuram,1,0,0,1,0,0,1,0,0,1,0,1,0,0,0,0,1,0,1,1,0,1,0,0,1,1,0,1,0
2024-25,Andhra Pradesh,Anakapalli,Munagapaka,Madakapalem,0,0,1,0,0,1,1,0,0,0,1,0,0,1,0,0,1,0,1,1,0,1,0,1,0,1,0,1,0
2024-25,Andhra Pradesh,Anakapalli,Munagapaka,Ganaparthi,11,11,16,30,4,4,30,1,7,37,1,11,11,16,0,0,38,0,38,37,1,5,33,37,1,38,0,38,0
2024-25,Andhra Pradesh,Anakapalli,Munagapaka,Chuchikonda,6,12,7,17,2,6,20,0,5,25,0,6,12,7,0,0,25,0,25,22,3,0,25,22,3,25,0,25,0
2024-25,Andhra Pradesh,Anakapalli,Munagapaka,Rajupeta Agraharam,1,20,7,26,0,2,6,18,4,26,2,2,20,6,0,0,28,0,28,15,13,22,6,28,0,28,0,28,0
2024-25,Andhra Pradesh,Anakapalli,Munagapaka,Thimmarajupeta,3,13,14,26,2,2,20,0,10,30,0,4,13,13,0,0,30,0,30,30,0,29,1,30,0,30,0,27,3
2024-25,Andhra Pradesh,Anakapalli,Munagapaka,Munagapaka,8,50,15,67,3,3,55,11,7,73,0,8,47,18,0,0,73,0,73,73,0,55,18,73,0,73,0,60,13
2024-25,Andhra Pradesh,Anakapalli,Munagapaka,Venkatapuram,4,7,4,14,0,1,7,3,5,15,0,4,6,5,0,0,15,0,15,3,12,9,6,15,0,15,0,1,14
2024-25,Andhra Pradesh,Anakapalli,Munagapaka,T.Sirasapalle,4,12,4,15,0,5,10,1,9,20,0,4,11,5,0,0,20,0,20,20,0,18,2,20,0,20,0,19,1
2024-25,Andhra Pradesh,Anakapalli,Munagapaka,Jaggayyapeta Agraharam,0,1,0,1,0,0,0,1,0,1,0,0,1,0,0,0,1,0,1,1,0,0,1,1,0,1,0,0,1
2024-25,Andhra Pradesh,Anakapalli,Munagapaka,Ummalada,8,21,4,27,2,4,24,2,7,33,0,8,20,5,0,0,33,0,33,33,0,33,0,33,0,33,0,32,1
2024-25,Andhra Pradesh,Anakapalli,Munagapaka,Nagulapalle,7,34,14,51,0,4,41,4,10,55,0,8,33,14,0,0,55,1,54,4,51,23,32,54,1,55,0,10,44
2024-25,Andhra Pradesh,Anakapalli,Munagapaka,Nelupaka,19,5,9,31,0,2,23,5,5,32,1,19,5,9,0,0,33,0,33,33,0,33,0,33,0,33,0,33,0
2024-25,Andhra Pradesh,Anakapalli,Munagapaka,Gantavanipalem,9,15,6,23,2,5,13,7,10,30,0,9,14,7,0,0,30,0,30,29,1,30,0,30,0,30,0,30,0
2024-25,Andhra Pradesh,Anakapalli,Munagapaka,Cherlopalem,5,16,9,28,0,2,3,17,10,28,2,5,14,11,0,0,30,0,30,30,0,30,0,20,10,30,0,30,0
2024-25,Andhra Pradesh,Anakapalli,Munagapaka,Thotada,3,26,4,30,0,3,22,5,6,33,0,3,26,4,0,0,33,0,33,33,0,33,0,29,4,33,0,33,0
2024-25,Andhra Pradesh,Anakapalli,Munagapaka,Nagavaram,2,19,12,32,0,1,9,14,10,32,1,4,17,12,0,0,33,0,33,7,26,26,6,23,10,33,0,12,20
2024-25,Andhra Pradesh,Anakapalli,Munagapaka,Patipalle,5,19,7,23,2,6,4,21,6,31,0,5,18,8,0,0,31,0,31,31,0,31,0,27,4,31,0,31,0
2024-25,Andhra Pradesh,Anakapalli,Nakkapalle,Donkada,1,8,4,11,0,2,11,0,2,13,0,1,8,4,0,0,13,0,13,13,0,13,0,13,0,13,0,13,0
2024-25,Andhra Pradesh,Anakapalli,Nakkapalle,Chinadoddigallu,8,33,14,33,11,11,54,0,1,37,18,8,33,14,5,0,50,0,55,28,27,6,49,55,0,50,5,55,0
2024-25,Andhra Pradesh,Anakapalli,Nakkapalle,Devavaram,3,12,2,7,2,8,17,0,0,7,10,3,12,2,1,0,16,0,17,7,10,2,15,15,2,17,0,15,2
2024-25,Andhra Pradesh,Anakapalli,Nakkapalle,Uddandapuram,7,13,6,23,0,3,25,0,1,13,13,7,13,6,0,0,26,0,26,21,5,6,20,25,1,24,2,26,0
2024-25,Andhra Pradesh,Anakapalli,Nakkapalle,Mukundarajupeta,1,6,3,8,0,2,10,0,0,8,2,1,6,3,0,0,10,0,10,10,0,10,0,10,0,8,2,10,0
2024-25,Andhra Pradesh,Anakapalli,Nakkapalle,Pedadoddigallu,6,11,9,26,0,0,26,0,0,23,3,6,11,9,0,0,26,0,26,21,5,17,9,24,2,25,1,24,2
2024-25,Andhra Pradesh,Anakapalli,Nakkapalle,Kagitha,7,12,6,24,0,1,24,1,0,25,0,7,12,6,0,0,25,0,25,25,0,22,3,25,0,24,1,25,0
2024-25,Andhra Pradesh,Anakapalli,Nakkapalle,Chinarambhadrapuram,1,0,0,0,0,1,1,0,0,1,0,0,1,0,0,0,1,0,1,0,1,0,1,1,0,1,0,1,0
2024-25,Andhra Pradesh,Anakapalli,Nakkapalle,Godicherla,6,23,9,18,4,16,36,0,2,29,9,6,23,9,2,0,36,1,37,18,20,4,34,36,2,37,1,26,12
2024-25,Andhra Pradesh,Anakapalli,Nakkapalle,Nellipudi,0,0,1,0,0,1,1,0,0,0,1,0,0,1,0,0,1,0,1,1,0,0,1,1,0,1,0,1,0
2024-25,Andhra Pradesh,Anakapalli,Nakkapalle,Chukalavari Lakshmipuram,6,11,8,14,1,10,23,0,2,18,7,5,11,9,2,0,23,1,24,23,2,23,2,25,0,22,3,25,0
2024-25,Andhra Pradesh,Anakapalli,Nakkapalle,Upmaka Agraharam,5,12,8,20,1,4,24,0,1,18,7,4,12,9,0,0,25,0,25,25,0,25,0,25,0,25,0,25,0
2024-25,Andhra Pradesh,Anakapalli,Nakkapalle,Chandanada,0,7,1,8,0,0,6,0,2,1,7,0,7,1,3,0,5,0,8,8,0,8,0,8,0,7,1,8,0
2024-25,Andhra Pradesh,Anakapalli,Nakkapalle,Dosalapadu,1,7,2,7,0,3,10,0,0,8,2,2,6,2,0,0,10,0,10,10,0,10,0,10,0,8,2,10,0
2024-25,Andhra Pradesh,Anakapalli,Nakkapalle,Cheedika,3,1,1,5,0,0,5,0,0,2,3,3,1,1,0,0,5,0,5,5,0,5,0,5,0,5,0,5,0
2024-25,Andhra Pradesh,Anakapalli,Nakkapalle,G.Jagannadhapuram,5,3,4,10,0,2,10,0,2,12,0,5,3,4,0,0,12,0,12,12,0,12,0,12,0,12,0,12,0
2024-25,Andhra Pradesh,Anakapalli,Nakkapalle,Gunupudi,3,14,8,10,5,10,17,1,7,18,7,4,12,9,0,0,25,0,25,20,5,5,20,24,1,22,3,24,1
2024-25,Andhra Pradesh,Anakapalli,Nakkapalle,N.Narasapuram,0,5,9,9,2,3,14,0,0,9,5,0,6,8,5,0,9,0,14,14,0,14,0,14,0,11,3,14,0
2024-25,Andhra Pradesh,Anakapalli,Nakkapalle,Gullipadu,6,13,6,20,2,3,25,0,0,25,0,6,13,6,0,0,25,0,25,25,0,23,2,25,0,25,0,25,0
2024-25,Andhra Pradesh,Anakapalli,Nakkapalle,Nakkapalle (Ct),3,17,5,17,3,5,20,0,5,11,14,3,17,5,0,0,25,0,24,25,0,25,0,25,0,22,3,25,0
2024-25,Andhra Pradesh,Anakapalli,Nakkapalle,Vempadu,6,10,7,20,2,1,22,1,0,11,12,7,10,6,1,0,22,0,23,23,0,23,0,23,0,21,2,23,0
2024-25,Andhra Pradesh,Anakapalli,Narsipatnam,Veerabhupala Patnam,0,1,1,1,0,1,0,1,1,2,0,0,1,1,0,0,2,0,2,2,0,2,0,1,1,2,0,2,0
2024-25,Andhra Pradesh,Anakapalli,Narsipatnam,Amalapuram,6,69,11,64,3,19,1,82,3,70,16,6,68,12,0,1,85,0,86,80,4,41,27,84,0,85,1,8,76
2024-25,Andhra Pradesh,Anakapalli,Narsipatnam,Vemulapudi,4,75,12,83,2,6,15,27,49,66,25,4,75,12,0,0,91,0,91,61,30,86,5,88,3,91,0,84,7
2024-25,Andhra Pradesh,Anakapalli,Narsipatnam,Duggada,0,3,1,4,0,0,2,0,2,4,0,0,3,1,0,0,4,0,4,3,1,3,1,4,0,4,0,4,0
2024-25,Andhra Pradesh,Anakapalli,Narsipatnam,Dharmasagaram,7,62,11,74,1,5,49,4,27,58,22,8,61,11,0,0,80,0,80,71,9,73,7,76,4,80,0,79,1
2024-25,Andhra Pradesh,Anakapalli,Narsipatnam,Guramdorapalem,6,63,12,81,0,0,54,1,26,61,20,5,64,12,0,0,81,0,81,69,12,80,1,80,1,81,0,76,5
2024-25,Andhra Pradesh,Anakapalli,Narsipatnam,Gabbada,9,65,6,80,0,0,48,1,31,62,18,8,66,6,0,0,80,0,80,76,3,78,1,77,2,79,1,75,4
2024-25,Andhra Pradesh,Anakapalli,Narsipatnam,Neelampeta,0,2,0,1,0,1,1,0,1,1,1,0,2,0,0,0,2,0,2,2,0,2,0,2,0,2,0,2,0
2024-25,Andhra Pradesh,Anakapalli,Narsipatnam,Yerakannapalem,8,66,10,79,5,0,17,28,39,67,17,6,69,9,0,1,83,0,84,76,6,82,0,82,0,84,0,80,2
2024-25,Andhra Pradesh,Anakapalli,Narsipatnam,Chettupalle,13,103,14,91,18,21,0,95,35,102,28,12,104,14,0,8,122,0,130,128,2,130,0,130,0,128,2,129,1
2024-25,Andhra Pradesh,Anakapalli,Narsipatnam,Narsipatnam (Ct),7,67,9,70,4,9,17,4,62,61,22,7,67,9,0,1,82,0,83,68,15,78,5,83,0,83,0,77,6
2024-25,Andhra Pradesh,Anakapalli,Narsipatnam,Peda Boddepalle (Ct),1,4,1,6,0,0,1,0,5,4,2,1,4,1,0,0,6,0,6,5,1,5,1,6,0,6,0,6,0
2024-25,Andhra Pradesh,Anakapalli,Narsipatnam,Balighattam,8,62,11,60,2,19,1,74,6,69,12,8,62,11,0,2,79,0,81,73,8,81,0,80,1,81,0,58,23
2024-25,Andhra Pradesh,Anakapalli,Nathavaram,Golugondapeta,13,81,40,124,5,5,58,19,57,126,8,13,77,44,0,0,133,0,134,121,12,129,4,133,0,134,0,129,4
2024-25,Andhra Pradesh,Anakapalli,Nathavaram,Sarugudu,15,25,33,69,1,3,24,8,41,72,1,23,24,26,0,0,72,1,72,70,3,23,50,73,0,73,0,72,1
2024-25,Andhra Pradesh,Anakapalli,Nathavaram,Chollangipalem,0,1,0,1,0,0,0,0,1,1,0,0,1,0,0,0,1,0,1,0,1,1,0,1,0,1,0,1,0
2024-25,Andhra Pradesh,Anakapalli,Nathavaram,Gummidigonda,20,51,31,83,3,16,42,10,50,98,4,20,52,30,0,0,102,0,102,98,4,51,51,101,1,98,4,99,3
2024-25,Andhra Pradesh,Anakapalli,Nathavaram,Pichchiganti Kothagudam,11,39,25,65,2,8,28,5,42,72,3,11,36,28,0,0,75,0,75,65,10,75,0,75,0,74,1,73,2
2024-25,Andhra Pradesh,Anakapalli,Nathavaram,Veerabhupati Agraharam,0,1,0,1,0,0,0,0,1,1,0,0,1,0,0,0,1,0,1,1,0,1,0,1,0,1,0,1,0
2024-25,Andhra Pradesh,Anakapalli,Nathavaram,Yerakabhoopati Agraharam,2,7,3,8,1,3,7,0,5,12,0,2,7,3,0,0,12,0,12,11,1,11,1,12,0,12,0,12,0
2024-25,Andhra Pradesh,Anakapalli,Nathavaram,Pedabhairavabhoopati Agraharam,0,1,0,1,0,0,0,0,1,1,0,0,1,0,0,0,1,0,1,1,0,1,0,1,0,1,0,1,0
2024-25,Andhra Pradesh,Anakapalli,Nathavaram,Manyapuratla,18,68,28,95,7,12,42,10,62,110,4,20,61,33,0,1,111,0,114,104,10,106,8,114,0,109,5,111,3
2024-25,Andhra Pradesh,Anakapalli,Nathavaram,Srungavaram,12,26,7,42,1,2,19,4,22,44,1,14,26,5,0,0,45,0,45,45,0,3,42,45,0,45,0,45,0
2024-25,Andhra Pradesh,Anakapalli,Nathavaram,Yellavaram Dondapeta,6,10,8,23,1,0,10,1,13,23,1,6,9,9,0,1,23,0,24,24,0,16,8,24,0,23,0,24,0
2024-25,Andhra Pradesh,Anakapalli,Nathavaram,Cherlopalem,30,31,26,79,1,7,44,6,37,79,7,34,29,24,0,1,86,0,87,84,2,3,83,86,0,85,2,86,0
2024-25,Andhra Pradesh,Anakapalli,Nathavaram,Zilledipudi,8,14,13,25,3,7,18,8,9,34,1,7,15,13,0,0,35,0,35,34,1,29,6,35,0,34,1,35,0
2024-25,Andhra Pradesh,Anakapalli,Nathavaram,Nathavaram,17,51,19,81,1,5,34,13,40,82,5,21,46,19,0,6,80,0,86,85,2,52,35,87,0,86,1,86,1
2024-25,Andhra Pradesh,Anakapalli,Nathavaram,Valasampeta,11,29,9,47,0,2,18,2,29,44,5,11,26,12,0,0,49,0,49,47,2,47,2,49,0,47,2,48,1
2024-25,Andhra Pradesh,Anakapalli,Nathavaram,Donkada Agraharam,1,4,5,9,0,1,3,0,7,9,1,3,4,3,0,0,10,0,10,9,1,10,0,10,0,10,0,10,0
2024-25,Andhra Pradesh,Anakapalli,Nathavaram,Mulagapudi Bennavaram,2,7,5,14,0,0,3,0,11,14,0,2,6,6,0,0,14,0,14,13,1,1,13,14,0,14,0,14,0
2024-25,Andhra Pradesh,Anakapalli,Nathavaram,Gannavaram,15,42,42,84,4,11,41,8,50,98,1,19,37,43,0,0,98,0,99,75,24,57,42,99,0,99,0,96,3
2024-25,Andhra Pradesh,Anakapalli,Nathavaram,Adivikamayya Agraharam,2,1,1,4,0,0,0,1,3,4,0,2,0,2,0,0,4,0,4,4,0,2,2,4,0,4,0,4,0
2024-25,Andhra Pradesh,Anakapalli,Nathavaram,China Jaggampeta,3,5,0,7,1,0,5,0,3,8,0,3,5,0,0,0,8,0,8,8,0,0,8,7,0,8,0,8,0
2024-25,Andhra Pradesh,Anakapalli,Nathavaram,Mallubhupala Patnam,10,50,27,76,1,10,25,9,53,87,0,10,50,27,0,0,87,0,87,87,0,74,13,87,0,86,1,85,2
2024-25,Andhra Pradesh,Anakapalli,Nathavaram,Gunupudi,11,55,49,105,2,8,40,10,65,112,3,13,49,53,0,0,115,1,114,109,5,112,2,113,1,110,5,111,3
2024-25,Andhra Pradesh,Anakapalli,Nathavaram,Chammachinta,2,13,20,31,1,3,11,7,17,33,2,4,10,21,1,0,34,0,35,35,0,33,2,35,0,34,1,34,1
2024-25,Andhra Pradesh,Anakapalli,Nathavaram,Anantha Padmanabhapuram,18,40,15,66,4,3,44,6,23,69,4,23,35,15,0,0,73,0,73,67,4,3,68,71,0,71,2,70,1
2024-25,Andhra Pradesh,Anakapalli,Nathavaram,Pedajaggampeta,3,8,7,15,1,2,5,2,11,16,2,3,7,8,0,0,18,0,18,15,3,17,1,18,0,15,3,18,0
2024-25,Andhra Pradesh,Anakapalli,Paravada,Marripalem,2,7,2,10,1,0,11,0,0,11,0,2,6,3,0,0,11,0,11,9,2,10,1,11,0,10,1,9,2
2024-25,Andhra Pradesh,Anakapalli,Paravada,Cheepurupalle (East ),14,20,19,41,2,10,52,0,1,53,0,13,20,20,0,0,53,0,53,38,15,42,11,51,2,50,3,50,3
2024-25,Andhra Pradesh,Anakapalli,Paravada,Cheepurupalle (West),7,20,17,35,0,9,39,2,3,43,1,7,20,17,1,0,43,0,44,33,11,44,0,44,0,43,1,44,0
2024-25,Andhra Pradesh,Anakapalli,Paravada,Kalapaka,3,5,2,9,0,1,10,0,0,10,0,3,5,2,0,0,10,0,10,9,1,10,0,10,0,10,0,10,0
2024-25,Andhra Pradesh,Anakapalli,Paravada,Ravada,6,17,9,28,1,3,30,0,2,32,0,7,17,8,0,1,31,1,31,15,13,14,18,32,0,30,2,30,2
2024-25,Andhra Pradesh,Anakapalli,Paravada,Bharinikam,2,19,5,24,0,2,14,0,12,25,1,2,19,5,0,0,25,0,26,10,16,8,18,25,1,26,0,15,11
2024-25,Andhra Pradesh,Anakapalli,Paravada,Edulapaka Bonangi,3,7,6,13,0,3,15,0,1,16,0,3,7,6,0,0,16,1,15,16,0,14,2,16,0,16,0,16,0
2024-25,Andhra Pradesh,Anakapalli,Paravada,Kannuru,4,7,4,10,2,3,15,0,0,15,0,4,7,4,1,0,14,0,15,15,0,15,0,11,4,15,0,15,0
2024-25,Andhra Pradesh,Anakapalli,Paravada,Mantripalem,1,5,2,7,0,1,8,0,0,8,0,1,5,2,1,0,7,0,8,8,0,8,0,8,0,8,0,8,0
2024-25,Andhra Pradesh,Anakapalli,Paravada,P Sivarampuram,1,0,0,1,0,0,1,0,0,1,0,1,0,0,0,0,1,0,1,0,1,1,0,1,0,1,0,1,0
2024-25,Andhra Pradesh,Anakapalli,Paravada,Matripalem,0,1,0,1,0,0,1,0,0,0,1,0,1,0,0,0,1,0,1,1,0,1,0,1,0,1,0,1,0
2024-25,Andhra Pradesh,Anakapalli,Paravada,Swayambuvaram,2,7,6,14,0,1,13,1,1,15,0,2,7,6,0,0,15,0,15,15,0,14,1,15,0,15,0,15,0
2024-25,Andhra Pradesh,Anakapalli,Paravada,Paravada,3,16,7,19,2,5,23,1,2,25,1,3,16,7,0,0,26,0,26,22,3,16,9,26,0,26,0,25,1
2024-25,Andhra Pradesh,Anakapalli,Paravada,Payakarao Bonangi,1,3,4,7,0,1,8,0,0,8,0,1,3,4,0,0,8,0,8,7,1,8,0,7,0,8,0,8,0
2024-25,Andhra Pradesh,Anakapalli,Paravada,Pentaseema Bonangi,0,1,0,1,0,0,1,0,0,1,0,0,1,0,0,0,1,0,1,1,0,1,0,1,0,1,0,1,0
2024-25,Andhra Pradesh,Anakapalli,Paravada,Thanam,4,16,10,28,2,0,28,0,2,30,0,4,16,10,0,0,30,0,30,30,0,6,24,30,0,30,0,30,0
2024-25,Andhra Pradesh,Anakapalli,Paravada,Pedamusidivada,5,11,6,18,1,3,20,0,2,22,0,5,11,6,2,0,20,0,22,22,0,22,0,21,1,22,0,22,0
2024-25,Andhra Pradesh,Anakapalli,Payakaraopeta,Gopalapatnam,7,38,33,57,2,19,28,5,45,69,9,7,36,35,0,0,78,0,78,71,7,44,34,78,0,78,0,72,6
2024-25,Andhra Pradesh,Anakapalli,Payakaraopeta,Kumarapuram,3,12,10,22,1,2,17,2,6,24,1,4,11,10,0,0,25,0,25,23,1,19,5,23,1,25,0,23,1
2024-25,Andhra Pradesh,Anakapalli,Payakaraopeta,Pedaramabhadrapuram,17,30,30,64,2,11,30,7,40,74,3,20,31,26,0,0,77,0,77,75,1,5,71,67,9,77,0,76,0
2024-25,Andhra Pradesh,Anakapalli,Payakaraopeta,Palteru,15,28,51,71,6,17,52,6,36,93,1,19,28,46,0,0,94,0,94,92,1,34,59,93,0,94,0,88,5
2024-25,Andhra Pradesh,Anakapalli,Payakaraopeta,Aratla Kota,6,23,21,44,1,5,28,5,17,47,3,7,21,22,0,0,50,0,50,35,15,8,42,21,29,50,0,27,17
2024-25,Andhra Pradesh,Anakapalli,Payakaraopeta,Edatam,4,46,35,67,5,13,38,9,38,80,5,4,43,38,0,1,83,0,85,40,44,7,77,54,30,85,0,64,17
2024-25,Andhra Pradesh,Anakapalli,Payakaraopeta,Satyavaram,21,30,21,66,0,6,36,3,33,68,4,21,28,23,0,0,72,0,72,72,0,48,24,72,0,71,1,71,1
2024-25,Andhra Pradesh,Anakapalli,Payakaraopeta,Namavaram,7,15,26,44,1,3,22,3,23,45,3,9,16,23,0,0,48,0,48,35,13,5,43,45,3,48,0,41,7
2024-25,Andhra Pradesh,Anakapalli,Payakaraopeta,Payakaraopeta (Ct),16,24,12,41,8,3,20,12,20,45,7,16,24,12,0,0,52,0,52,48,2,25,25,47,3,51,1,43,7
2024-25,Andhra Pradesh,Anakapalli,Payakaraopeta,Masahebpeta,7,17,14,31,3,4,22,1,15,34,4,8,17,13,0,0,38,0,38,37,1,16,22,38,0,38,0,38,0
2024-25,Andhra Pradesh,Anakapalli,Payakaraopeta,Mangavaram,9,19,6,28,0,6,21,1,12,31,3,10,19,5,0,0,34,1,33,31,3,12,22,31,3,34,0,32,2
2024-25,Andhra Pradesh,Anakapalli,Payakaraopeta,Guntapalle,1,22,21,38,4,2,18,2,24,41,3,1,22,21,0,0,44,0,44,41,3,13,31,43,1,44,0,43,1
2024-25,Andhra Pradesh,Anakapalli,Payakaraopeta,Padalavani Laxmipuram,7,17,6,25,2,3,17,2,11,30,0,8,16,6,0,0,30,0,30,26,4,10,20,29,1,30,0,30,0
2024-25,Andhra Pradesh,Anakapalli,Payakaraopeta,Pentakota,8,33,18,54,2,3,31,9,19,58,1,12,33,14,0,0,59,0,59,52,6,18,39,58,0,59,0,57,1
2024-25,Andhra Pradesh,Anakapalli,Payakaraopeta,Kesavaram,2,2,5,7,1,1,4,2,3,8,1,2,2,5,0,0,9,0,9,4,5,3,6,8,1,9,0,9,0
2024-25,Andhra Pradesh,Anakapalli,Payakaraopeta,S.Narasapuram,6,7,6,14,4,1,10,1,8,18,1,6,7,6,0,0,19,0,19,19,0,13,6,19,0,19,0,19,0
2024-25,Andhra Pradesh,Anakapalli,Payakaraopeta,Srirampuram,16,32,19,53,3,11,31,1,35,65,2,16,29,22,0,1,66,0,67,66,1,49,18,67,0,67,0,67,0
2024-25,Andhra Pradesh,Anakapalli,Payakaraopeta,Rajavaram,6,4,10,17,0,3,6,3,11,20,0,6,4,10,0,0,20,0,20,19,1,10,10,20,0,20,0,19,1
2024-25,Andhra Pradesh,Anakapalli,Rambilli,Kattabolu,54,58,17,125,4,0,34,47,48,111,18,54,57,18,0,0,129,0,129,123,1,63,61,117,7,126,3,92,32
2024-25,Andhra Pradesh,Anakapalli,Rambilli,Rajala Agraharam,2,6,4,12,0,0,9,3,0,8,4,2,6,4,0,0,12,0,12,9,3,12,0,12,0,12,0,7,5
2024-25,Andhra Pradesh,Anakapalli,Rambilli,Haripuram,1,0,0,0,1,0,0,1,0,0,1,1,0,0,0,0,1,0,1,0,0,0,0,0,0,1,0,0,0
2024-25,Andhra Pradesh,Anakapalli,Rambilli,Kumarapalle,7,7,2,15,1,0,2,7,7,11,5,7,7,2,0,0,16,0,16,16,0,14,2,16,0,16,0,15,1
2024-25,Andhra Pradesh,Anakapalli,Rambilli,Kothuru,0,1,0,1,0,0,0,1,0,1,0,0,1,0,0,0,1,0,1,1,0,1,0,1,0,1,0,1,0
2024-25,Andhra Pradesh,Anakapalli,Rambilli,Marripalem,12,61,10,74,4,5,13,37,33,81,2,12,60,11,0,0,83,0,83,81,3,66,18,84,0,81,2,84,0
2024-25,Andhra Pradesh,Anakapalli,Rambilli,Velchuru,12,28,5,41,3,1,11,15,19,31,14,12,26,7,0,0,45,0,45,24,21,23,17,42,1,39,5,19,25
2024-25,Andhra Pradesh,Anakapalli,Rambilli,Panchadarla,26,42,15,82,0,1,26,28,29,83,0,26,40,16,0,0,83,0,83,76,4,37,43,79,1,81,2,80,0
2024-25,Andhra Pradesh,Anakapalli,Rambilli,Peda Kalavalapalli,19,27,8,52,1,1,5,13,36,49,5,19,26,9,0,0,54,0,54,53,1,20,34,54,0,54,0,48,6
2024-25,Andhra Pradesh,Anakapalli,Rambilli,Murakada,3,52,4,52,2,5,14,27,18,54,5,3,50,6,0,0,59,0,59,57,0,24,32,57,0,59,0,57,0
2024-25,Andhra Pradesh,Anakapalli,Rambilli,Dimili,13,85,9,90,3,14,26,50,31,100,7,13,81,13,0,0,107,0,107,101,4,5,100,105,0,101,6,102,3
2024-25,Andhra Pradesh,Anakapalli,Rambilli,Rajakoduru,1,48,1,45,0,5,9,27,14,50,0,0,48,2,0,0,50,0,50,49,0,6,43,49,0,50,0,49,0
2024-25,Andhra Pradesh,Anakapalli,Rambilli,Rajala,3,4,3,10,0,0,3,1,6,8,2,3,4,3,0,0,10,0,10,10,0,6,4,10,0,7,3,9,1
2024-25,Andhra Pradesh,Anakapalli,Rambilli,Koppingondapalem,14,13,6,33,0,0,18,7,8,30,3,14,13,6,0,0,33,0,33,23,10,33,0,33,0,33,0,15,18
2024-25,Andhra Pradesh,Anakapalli,Rambilli,Rambilli,1,0,0,0,1,0,0,1,0,0,1,1,0,0,0,0,1,0,1,0,0,0,0,0,0,1,0,0,0
2024-25,Andhra Pradesh,Anakapalli,Rambilli,Gokivada,17,21,4,35,0,7,17,11,14,42,0,17,21,4,0,0,42,0,42,42,0,0,41,42,0,40,2,42,0
2024-25,Andhra Pradesh,Anakapalli,Rambilli,Mamidivada,13,49,40,98,2,2,18,44,40,93,9,14,45,43,0,0,102,0,102,92,10,89,13,97,5,96,6,99,3
2024-25,Andhra Pradesh,Anakapalli,Ravikamatham,Z.Bennavaram,21,29,3,46,1,8,27,2,26,55,0,13,39,3,0,0,55,0,55,55,0,46,9,54,1,55,0,50,5
2024-25,Andhra Pradesh,Anakapalli,Ravikamatham,Badanapadu,1,1,1,3,0,0,0,0,3,3,0,1,1,1,0,0,3,0,3,3,0,3,0,3,0,3,0,3,0
2024-25,Andhra Pradesh,Anakapalli,Ravikamatham,Tattabanda,2,7,45,52,0,2,10,1,43,48,6,43,8,3,0,0,54,2,52,53,1,47,7,53,1,54,0,54,0
2024-25,Andhra Pradesh,Anakapalli,Ravikamatham,Kanada,19,35,3,45,4,8,1,15,41,55,2,19,34,4,0,0,57,32,25,55,2,56,1,56,1,57,0,55,2
2024-25,Andhra Pradesh,Anakapalli,Ravikamatham,Guddipa,17,28,8,37,2,15,28,1,25,54,0,21,25,8,0,0,54,1,53,52,1,53,0,52,1,54,0,53,0
2024-25,Andhra Pradesh,Anakapalli,Ravikamatham,Kothakota,14,81,11,79,4,25,40,11,57,108,0,13,84,11,0,0,108,10,98,101,6,82,25,106,1,108,0,101,6
2024-25,Andhra Pradesh,Anakapalli,Ravikamatham,Dondapudi,0,42,13,23,7,25,14,1,40,55,0,0,42,13,0,0,55,1,54,55,0,1,54,55,0,55,0,48,6
2024-25,Andhra Pradesh,Anakapalli,Ravikamatham,Krishnabhupala Puram Agraharam,2,10,1,13,0,0,4,0,9,13,0,2,8,3,0,0,13,0,13,13,0,13,0,13,0,13,0,13,0
2024-25,Andhra Pradesh,Anakapalli,Ravikamatham,Marupaka,5,19,1,10,3,12,4,2,19,25,0,4,19,2,0,0,25,0,25,25,0,20,5,22,3,25,0,25,0
2024-25,Andhra Pradesh,Anakapalli,Ravikamatham,Medivada,3,30,4,37,0,0,2,4,31,34,3,5,30,2,0,0,37,0,37,37,0,33,3,36,1,37,0,37,0
2024-25,Andhra Pradesh,Anakapalli,Ravikamatham,Cheemalapadu,2,43,7,50,1,1,10,0,42,49,3,5,43,4,0,0,52,2,50,52,0,51,1,52,0,52,0,52,0
2024-25,Andhra Pradesh,Anakapalli,Ravikamatham,Buddibanda,0,1,0,0,0,1,0,0,1,1,0,0,1,0,0,0,1,0,1,1,0,1,0,1,0,1,0,1,0
2024-25,Andhra Pradesh,Anakapalli,Ravikamatham,T.Arjapuram,10,44,0,43,0,12,3,12,40,53,2,10,45,0,0,0,55,12,43,54,0,46,8,53,1,55,0,53,1
2024-25,Andhra Pradesh,Anakapalli,Ravikamatham,Matsyapuram,25,25,4,52,0,3,16,8,31,55,0,1,50,4,0,0,55,0,55,46,7,50,3,53,0,55,0,52,1
2024-25,Andhra Pradesh,Anakapalli,Ravikamatham,Komira,3,14,1,15,1,2,0,0,18,18,0,3,14,1,0,0,18,0,18,17,1,18,0,17,1,18,0,18,0
2024-25,Andhra Pradesh,Anakapalli,Ravikamatham,Ravikamatham,21,31,2,38,2,14,24,3,27,51,3,23,29,2,0,2,52,0,54,50,2,1,52,42,11,53,0,53,0
2024-25,Andhra Pradesh,Anakapalli,Ravikamatham,Gudiwada,25,32,0,50,0,8,23,1,34,56,2,25,33,0,0,0,58,0,58,58,0,14,44,52,6,57,1,51,6
2024-25,Andhra Pradesh,Anakapalli,Ravikamatham,Kavagunta,0,3,0,0,2,1,0,0,3,3,0,0,3,0,0,0,3,1,2,3,0,3,0,3,0,3,0,3,0
2024-25,Andhra Pradesh,Anakapalli,Ravikamatham,Diddi,2,11,1,13,1,0,0,2,12,14,0,3,11,0,0,0,14,0,14,14,0,11,3,13,1,14,0,14,0
2024-25,Andhra Pradesh,Anakapalli,Ravikamatham,Totakurapalem,13,39,9,36,2,24,34,1,27,62,0,15,37,10,0,0,62,0,62,59,0,55,4,55,4,62,0,59,0
2024-25,Andhra Pradesh,Anakapalli,Ravikamatham,Pulakandam Ponavolu,2,38,13,16,9,28,5,1,47,53,0,4,35,14,0,0,53,3,50,53,0,34,19,49,4,53,0,53,0
2024-25,Andhra Pradesh,Anakapalli,Ravikamatham,Gompa,4,24,4,17,3,12,5,2,25,31,1,5,24,3,0,0,32,0,32,32,0,26,6,27,5,32,0,32,0
2024-25,Andhra Pradesh,Anakapalli,Rolugunta,Konthalam,3,18,11,1,4,27,31,0,1,27,5,30,1,1,0,0,31,0,31,31,1,31,1,32,0,29,3,28,4
2024-25,Andhra Pradesh,Anakapalli,Rolugunta,Kanchugummala,7,26,1,30,0,4,26,1,7,25,9,7,26,1,13,0,21,0,34,14,18,28,4,14,18,29,5,14,18
2024-25,Andhra Pradesh,Anakapalli,Rolugunta,Sarabavaram,7,42,1,33,0,17,42,0,8,47,3,6,43,1,1,0,49,0,50,4,44,14,34,46,2,50,0,11,36
2024-25,Andhra Pradesh,Anakapalli,Rolugunta,Bottavanigaviram Peta,0,3,0,1,0,2,2,0,1,2,1,0,2,1,1,0,2,0,3,0,3,1,1,2,1,3,0,1,2
2024-25,Andhra Pradesh,Anakapalli,Rolugunta,Benna Bhupala Patnam,1,0,0,0,0,1,0,0,1,1,0,1,0,0,0,0,1,0,1,1,0,0,1,0,1,1,0,1,0
2024-25,Andhra Pradesh,Anakapalli,Rolugunta,Kovvuru,12,38,4,23,2,29,48,1,5,44,10,25,28,1,2,0,52,4,50,38,17,49,6,55,0,53,1,50,5
2024-25,Andhra Pradesh,Anakapalli,Rolugunta,Komaravolu,2,14,25,21,12,8,38,0,3,33,8,21,16,4,4,0,35,0,41,33,7,3,33,33,1,41,0,25,15
2024-25,Andhra Pradesh,Anakapalli,Rolugunta,Ratnampeta,5,14,14,17,1,15,25,0,8,24,9,6,13,14,14,3,16,0,33,18,15,18,12,26,7,32,1,18,14
2024-25,Andhra Pradesh,Anakapalli,Rolugunta,Kusarlapudi,0,18,1,8,0,11,16,1,2,13,6,0,18,1,1,1,17,0,19,18,0,7,8,12,3,19,0,6,13
2024-25,Andhra Pradesh,Anakapalli,Rolugunta,Janakirampuram Agraharam,0,10,4,13,0,1,11,1,2,11,3,4,9,1,1,0,13,0,14,13,0,13,0,9,4,14,0,13,0
2024-25,Andhra Pradesh,Anakapalli,Rolugunta,Butchampeta,5,22,2,28,0,1,20,0,9,27,2,5,22,2,11,0,18,0,29,21,7,28,1,14,15,28,1,16,13
2024-25,Andhra Pradesh,Anakapalli,Rolugunta,Kondapalem,3,1,18,1,5,16,20,0,2,17,5,21,1,0,0,1,21,0,22,22,0,17,5,21,1,20,2,21,1
2024-25,Andhra Pradesh,Anakapalli,Rolugunta,Mokhasa Kothapatnam,15,12,2,8,4,17,27,0,2,19,10,15,12,2,5,1,23,0,29,18,11,16,13,14,15,29,0,29,0
2024-25,Andhra Pradesh,Anakapalli,Rolugunta,Addasaram,2,6,0,7,0,1,8,0,0,5,3,2,6,0,4,0,4,0,8,3,2,5,3,6,2,8,0,6,2
2024-25,Andhra Pradesh,Anakapalli,Rolugunta,Jaggampeta,4,28,5,23,3,11,30,2,5,28,9,6,28,3,35,0,2,0,37,36,1,36,0,37,0,37,0,37,0
2024-25,Andhra Pradesh,Anakapalli,Rolugunta,Rolugunta,3,28,1,27,0,5,23,1,8,31,1,4,28,0,0,0,32,0,32,10,22,23,9,31,1,32,0,12,20
2024-25,Andhra Pradesh,Anakapalli,Rolugunta,Vaddippa,2,20,1,18,0,5,21,0,2,22,1,2,21,0,2,4,17,1,22,6,17,22,1,16,7,23,0,8,15
2024-25,Andhra Pradesh,Anakapalli,Rolugunta,Nindugonda,3,19,3,2,4,19,21,1,3,22,4,2,21,2,16,0,9,0,25,14,12,21,5,17,8,26,0,20,5
2024-25,Andhra Pradesh,Anakapalli,Rolugunta,Gangavaram,0,1,0,0,0,1,1,0,0,0,1,0,1,0,0,0,1,0,1,1,0,1,0,1,0,1,0,0,1
2024-25,Andhra Pradesh,Anakapalli,Rolugunta,Gundubadu,7,36,2,37,0,8,31,1,13,38,7,8,33,4,0,0,45,0,45,42,3,20,25,19,15,44,1,29,16
2024-25,Andhra Pradesh,Anakapalli,S.Rayavaram,Gudivada,4,53,2,45,4,10,9,4,46,59,0,6,46,7,0,0,59,0,59,59,0,59,0,59,0,59,0,59,0
2024-25,Andhra Pradesh,Anakapalli,S.Rayavaram,Thimmapuram,2,47,7,32,0,24,7,1,48,56,0,6,36,14,0,0,56,0,56,55,0,45,10,55,0,56,0,55,0
2024-25,Andhra Pradesh,Anakapalli,S.Rayavaram,Vakapadu,1,27,7,35,0,0,3,1,31,35,0,2,26,7,0,0,35,0,35,32,2,31,3,33,1,35,0,33,1
2024-25,Andhra Pradesh,Anakapalli,S.Rayavaram,Janguluruvelampalem,9,38,10,55,0,2,3,0,54,57,0,9,38,11,0,0,58,0,58,56,2,57,1,58,0,57,0,58,0
2024-25,Andhra Pradesh,Anakapalli,S.Rayavaram,Dharmavaram Agraharam,3,28,6,33,0,4,5,0,32,37,0,3,28,6,0,0,37,0,37,3,34,4,33,37,0,37,0,25,12
2024-25,Andhra Pradesh,Anakapalli,S.Rayavaram,Penugollu,0,10,3,8,0,5,3,0,10,13,0,1,7,5,0,0,13,0,13,13,0,13,0,13,0,13,0,13,0
2024-25,Andhra Pradesh,Anakapalli,S.Rayavaram,Peda Uppalam,7,48,4,39,1,19,17,2,40,58,1,7,43,9,0,1,58,0,59,59,0,59,0,59,0,59,0,59,0
2024-25,Andhra Pradesh,Anakapalli,S.Rayavaram,Koruprolu,5,70,10,64,0,21,17,7,61,85,0,7,59,19,0,0,85,0,85,81,4,85,0,85,0,84,0,85,0
2024-25,Andhra Pradesh,Anakapalli,S.Rayavaram,Pedagummuluru,6,35,6,32,0,15,9,2,36,47,0,6,30,11,0,0,47,0,47,46,1,46,1,47,0,47,0,46,1
2024-25,Andhra Pradesh,Anakapalli,S.Rayavaram,Vommavaram,1,41,4,38,0,8,11,3,32,45,1,4,36,6,0,0,46,0,46,45,1,46,0,46,0,46,0,46,0
2024-25,Andhra Pradesh,Anakapalli,S.Rayavaram,Lingarajupalem,3,23,2,27,0,1,10,2,16,28,0,3,23,2,0,0,28,0,28,27,1,28,0,27,1,28,0,28,0
2024-25,Andhra Pradesh,Anakapalli,S.Rayavaram,Karrivanipalem,0,1,0,1,0,0,0,0,1,1,0,0,1,0,0,0,1,0,1,1,0,1,0,1,0,1,0,1,0
2024-25,Andhra Pradesh,Anakapalli,S.Rayavaram,Upparapalle,4,25,4,28,4,1,2,4,27,30,3,6,22,5,0,0,33,2,31,31,2,30,3,29,4,31,2,33,0
2024-25,Andhra Pradesh,Anakapalli,S.Rayavaram,Sarvasiddi,3,22,6,30,0,1,0,0,31,31,0,3,21,7,0,0,31,0,31,2,29,2,29,31,0,31,0,22,9
2024-25,Andhra Pradesh,Anakapalli,S.Rayavaram,Petasudipuram,7,37,13,56,0,1,7,2,48,56,1,7,36,14,0,0,57,0,57,49,8,45,12,56,1,57,0,57,0
2024-25,Andhra Pradesh,Anakapalli,S.Rayavaram,S.Rayavaram,8,62,11,61,3,17,15,7,59,81,0,8,58,14,0,0,80,0,80,44,27,45,27,71,1,81,0,42,30
2024-25,Andhra Pradesh,Anakapalli,S.Rayavaram,Bheemavaram,0,2,2,4,0,0,1,0,3,4,0,0,2,2,0,0,4,0,4,4,0,4,0,4,0,4,0,4,0
2024-25,Andhra Pradesh,Anakapalli,S.Rayavaram,Darlapudi,2,33,10,23,0,22,11,3,31,44,1,3,30,12,0,0,45,1,44,44,1,43,2,45,0,45,0,44,1
2024-25,Andhra Pradesh,Anakapalli,S.Rayavaram,Chinagummuluru,2,26,2,18,0,12,3,4,23,30,0,2,22,6,0,0,30,0,30,28,2,30,0,30,0,30,0,30,0
2024-25,Andhra Pradesh,Anakapalli,S.Rayavaram,Pettugollapalle,3,39,1,27,1,15,3,4,36,43,0,3,31,9,0,0,43,0,43,42,1,42,1,43,0,43,0,42,1
2024-25,Andhra Pradesh,Anakapalli,Sabbavaram,Gollalapalem,1,3,5,8,0,1,6,1,2,8,1,1,3,5,0,0,9,0,9,2,7,9,0,7,2,9,0,9,0
2024-25,Andhra Pradesh,Anakapalli,Sabbavaram,Yerukunaidupalem,1,4,1,6,0,0,6,0,0,5,1,1,4,1,0,0,6,0,6,6,0,6,0,1,5,6,0,6,0
2024-25,Andhra Pradesh,Anakapalli,Sabbavaram,Pydivada Agraharam,5,16,9,29,0,1,26,2,2,30,0,5,17,8,0,0,30,0,30,30,0,30,0,30,0,30,0,30,0
2024-25,Andhra Pradesh,Anakapalli,Sabbavaram,Mogalipuram,7,13,12,31,1,0,21,5,6,31,1,8,15,9,0,0,32,1,31,26,6,30,2,30,2,32,0,32,0
2024-25,Andhra Pradesh,Anakapalli,Sabbavaram,Boduvalasa,5,13,10,25,0,3,23,3,2,28,0,5,13,10,0,0,28,0,28,27,1,27,1,28,0,28,0,28,0
2024-25,Andhra Pradesh,Anakapalli,Sabbavaram,Antakapalle,2,17,14,28,0,5,15,0,18,33,0,6,17,10,0,0,33,0,33,33,0,24,9,33,0,33,0,33,0
2024-25,Andhra Pradesh,Anakapalli,Sabbavaram,Vangali,9,15,9,33,0,0,19,3,11,32,1,10,15,8,0,0,33,0,33,34,0,34,0,34,0,33,0,34,0
2024-25,Andhra Pradesh,Anakapalli,Sabbavaram,Bangarammapalem,2,8,2,12,0,0,11,1,0,12,0,2,8,2,0,0,12,0,12,10,2,11,1,11,1,12,0,9,3
2024-25,Andhra Pradesh,Anakapalli,Sabbavaram,Vippakaagraharam,0,3,0,3,0,0,0,1,2,3,0,0,3,0,0,0,3,0,3,0,3,3,0,3,0,3,0,3,0
2024-25,Andhra Pradesh,Anakapalli,Sabbavaram,Asakapalle,3,8,3,12,0,2,9,1,4,14,0,3,8,3,0,0,14,0,14,6,8,14,0,6,8,14,0,13,1
2024-25,Andhra Pradesh,Anakapalli,Sabbavaram,Pydivada,1,2,1,4,0,0,4,0,0,4,0,1,2,1,0,0,4,0,4,4,0,4,0,4,0,4,0,4,0
2024-25,Andhra Pradesh,Anakapalli,Sabbavaram,Batajangalapalem,1,7,2,5,1,4,1,3,6,9,1,2,6,2,0,0,10,0,10,10,0,10,0,10,0,10,0,10,0
2024-25,Andhra Pradesh,Anakapalli,Sabbavaram,Narapadu,4,13,5,19,0,3,13,2,7,22,0,5,12,5,0,0,22,1,21,22,0,22,0,22,0,22,0,22,0
2024-25,Andhra Pradesh,Anakapalli,Sabbavaram,Aripaka,3,15,5,23,0,0,10,10,3,22,1,3,15,5,0,0,23,0,23,13,10,23,0,13,10,23,0,23,0
2024-25,Andhra Pradesh,Anakapalli,Sabbavaram,Gotivada,5,19,8,29,1,2,20,3,9,29,3,6,17,9,0,0,32,2,30,32,0,30,2,32,0,32,0,32,0
2024-25,Andhra Pradesh,Anakapalli,Sabbavaram,Sabbavaram,0,9,7,16,0,0,16,0,0,16,0,0,9,7,0,0,16,0,16,16,0,16,0,16,0,16,0,16,0
2024-25,Andhra Pradesh,Anakapalli,Sabbavaram,Gullipalle,4,17,11,31,0,1,24,2,6,32,0,4,18,10,0,1,31,0,32,11,22,27,6,33,0,32,0,29,4
2024-25,Andhra Pradesh,Anakapalli,Sabbavaram,Ayyannapalem,0,6,2,7,0,1,5,0,3,8,0,2,4,2,2,0,6,2,6,8,0,8,0,8,0,8,0,8,0
2024-25,Andhra Pradesh,Anakapalli,Sabbavaram,Amrutapuram,10,32,9,48,0,3,21,12,18,51,0,9,32,10,0,0,51,0,51,38,13,49,2,46,5,50,1,50,1
2024-25,Andhra Pradesh,Visakhapatanam,Visakhapatnam(Rural),Adavivaram,0,34,17,31,9,11,0,26,25,42,9,4,2,45,0,0,51,0,51,48,3,51,0,51,0,3,48,51,0
2024-25,Andhra Pradesh,Visakhapatanam,Visakhapatnam(Rural),Allipuram,0,2,2,3,0,1,0,0,4,4,0,0,0,4,0,0,4,0,4,4,0,4,0,4,0,0,4,4,0
2024-25,Andhra Pradesh,Anakapalli,Yelamanchili,Regupalem,26,64,34,119,1,4,74,18,32,123,1,29,62,33,22,0,102,0,124,117,7,103,21,115,9,122,2,110,14
2024-25,Andhra Pradesh,Anakapalli,Yelamanchili,Bayyavaram,9,5,2,15,0,1,11,2,3,16,0,9,5,2,15,0,1,0,16,16,0,6,10,16,0,16,0,16,0
2024-25,Andhra Pradesh,Anakapalli,Yelamanchili,Eti Koppaka,9,28,19,56,0,0,38,13,5,53,3,9,28,19,37,1,18,0,56,55,0,55,1,56,0,56,0,53,3
2024-25,Andhra Pradesh,Anakapalli,Yelamanchili,Padmanabharaju Peta,4,5,1,9,1,0,9,1,0,10,0,4,5,1,10,0,0,0,10,10,0,5,5,8,2,10,0,10,0
2024-25,Andhra Pradesh,Anakapalli,Yelamanchili,Yerravaram,13,26,9,38,4,6,29,12,7,48,0,14,25,9,19,0,29,0,48,46,2,47,1,48,0,47,1,35,13
2024-25,Andhra Pradesh,Anakapalli,Yelamanchili,Thurangalapalem,3,24,8,31,2,2,22,4,9,34,1,5,22,8,0,0,35,2,33,31,4,34,1,32,3,35,0,26,9
2024-25,Andhra Pradesh,Anakapalli,Yelamanchili,Pedapalli,1,0,1,1,0,1,1,1,0,1,1,1,0,1,1,0,1,0,2,1,1,2,0,1,1,2,0,1,1
2024-25,Andhra Pradesh,Anakapalli,Yelamanchili,Kokkirapalle,3,24,12,37,0,2,30,1,8,39,0,3,24,12,0,0,39,0,39,37,2,39,0,39,0,39,0,29,10
2024-25,Andhra Pradesh,Anakapalli,Yelamanchili,Jampapalem,1,15,4,19,0,1,11,3,6,20,0,2,14,4,0,0,20,0,20,13,7,20,0,20,0,20,0,17,3
2024-25,Andhra Pradesh,Anakapalli,Yelamanchili,Pulaparthi,31,39,23,84,4,5,44,26,23,91,2,30,39,24,92,0,1,0,93,86,7,50,43,83,10,92,1,75,18
2024-25,Andhra Pradesh,Anakapalli,Yelamanchili,Krishnapuram,18,25,25,65,0,3,35,13,20,66,2,20,24,24,61,0,7,0,68,67,1,26,42,68,0,65,3,65,3
2024-25,Andhra Pradesh,Anakapalli,Yelamanchili,Yelamanchili (Ct),7,69,24,95,0,5,53,22,25,100,0,8,69,23,0,0,99,0,99,100,0,54,46,97,3,100,0,86,14
2024-25,Andhra Pradesh,Anakapalli,Yelamanchili,Kattupalem,20,16,10,35,4,7,26,12,8,45,1,21,15,10,42,0,4,0,46,45,1,46,0,46,0,46,0,6,40
2024-25,Andhra Pradesh,Anakapalli,Yelamanchili,Somilingapalem,19,25,13,52,0,5,17,22,18,57,0,20,24,13,0,0,57,0,57,57,0,27,30,57,0,57,0,57,0
2024-25,Andhra Pradesh,Anakapalli,Yelamanchili,Teruvupalle,6,15,11,31,0,1,23,4,5,31,1,7,15,10,0,0,32,0,32,11,21,32,0,32,0,32,0,32,0
2024-25,Andhra Pradesh,Anantapur,Kudair,Mavinamardhanahalli,0,42,0,35,1,6,35,0,7,42,0,0,40,2,0,0,42,0,42,37,5,32,10,42,0,35,7,42,0
2024-25,Andhra Pradesh,Anantapur,Kudair,Udiripikonda,0,41,0,34,0,7,17,2,22,41,0,0,38,3,0,0,41,1,40,36,5,26,15,41,0,36,5,41,0
2024-25,Andhra Pradesh,Anantapur,Kudair,Kudair,0,45,0,44,0,1,38,0,7,44,1,0,43,2,0,0,45,0,45,35,10,38,7,45,0,31,14,44,1
2024-25,Andhra Pradesh,Anantapur,Kudair,Ipperu,0,75,4,61,2,16,55,1,23,76,3,1,73,5,2,0,77,1,78,70,9,58,21,79,0,45,34,79,0
2024-25,Andhra Pradesh,Anantapur,Kudair,Kalagalla,0,42,0,31,1,10,34,1,7,42,0,0,41,1,0,0,42,0,42,36,6,29,13,42,0,37,5,41,1
2024-25,Andhra Pradesh,Anantapur,Kudair,Cholasamudram,0,41,0,32,4,5,37,0,4,40,1,0,38,3,0,0,41,0,41,34,7,25,16,41,0,29,12,41,0
2024-25,Andhra Pradesh,Anantapur,Kudair,Thimmapuram,0,42,0,36,0,6,39,0,3,41,1,0,38,4,0,0,42,1,41,33,9,30,12,42,0,34,8,42,0
2024-25,Andhra Pradesh,Anantapur,Kudair,Kamuru,0,44,1,41,0,4,45,0,0,45,0,0,44,1,0,0,45,1,44,40,5,28,17,45,0,34,11,45,0
2024-25,Andhra Pradesh,Anantapur,Kudair,Gotukur,0,41,0,40,1,0,36,0,5,41,0,0,40,1,0,0,41,0,41,36,5,30,11,41,0,32,9,41,0
2024-25,Andhra Pradesh,Anantapur,Kudair,Marutla,0,40,0,40,0,0,30,1,9,40,0,0,38,2,0,0,40,0,40,35,5,30,10,40,0,28,12,39,1
2024-25,Andhra Pradesh,Anantapur,Kudair,Korrakodu,0,42,0,36,1,5,24,5,13,40,2,0,40,2,0,3,39,0,42,35,7,30,12,42,0,33,9,41,1
2024-25,Andhra Pradesh,Anantapur,Anantapur,Mannila,0,39,1,39,1,0,36,0,4,40,0,0,37,3,0,0,40,0,40,34,6,25,15,40,0,31,9,40,0
2024-25,Andhra Pradesh,Anantapur,Anantapur,Narayanapuram (Ct),0,9,1,6,0,4,10,0,0,8,2,0,10,0,0,0,10,0,10,10,0,9,1,9,1,7,3,10,0
2024-25,Andhra Pradesh,Anantapur,Anantapur,Kakkalapalle (Ct),0,41,0,40,1,0,41,0,0,40,1,0,36,5,1,0,40,0,41,36,5,27,14,40,1,33,8,41,0
2024-25,Andhra Pradesh,Anantapur,Anantapur,Chiyyedu,0,74,4,60,4,14,72,1,5,77,1,0,74,4,0,0,78,1,77,69,9,55,23,77,1,56,22,77,1
2024-25,Andhra Pradesh,Anantapur,Anantapur,Kandakur,0,42,0,40,1,1,37,1,4,41,1,0,37,5,0,0,42,0,42,30,12,32,10,42,0,35,7,42,0
2024-25,Andhra Pradesh,Anantapur,Anantapur,Gollapalle,0,15,0,13,1,1,15,0,0,14,1,0,15,0,0,0,15,0,15,15,0,14,1,15,0,15,0,15,0
2024-25,Andhra Pradesh,Anantapur,Anantapur,Rachanapalle,0,39,1,22,0,18,39,0,1,39,1,1,36,3,1,0,39,0,40,34,6,25,15,40,0,31,9,40,0
2024-25,Andhra Pradesh,Anantapur,Anantapur,Thaticherla,0,40,1,40,1,0,27,0,14,40,1,0,39,2,0,0,41,0,41,39,2,33,8,40,1,26,15,41,0
2024-25,Andhra Pradesh,Anantapur,Anantapur,Kurugunta,0,41,0,41,0,0,27,0,14,41,0,0,40,1,0,0,41,0,41,37,4,27,14,40,1,35,6,41,0
2024-25,Andhra Pradesh,Anantapur,Anantapur,Upparapalle,0,44,1,43,1,1,26,0,19,45,0,0,45,0,0,0,45,0,45,41,4,36,9,45,0,35,10,45,0
2024-25,Andhra Pradesh,Anantapur,Anantapur,Kamarupalle,0,27,0,27,0,0,27,0,0,27,0,0,24,3,0,0,27,0,27,22,5,19,8,27,0,23,4,27,0
2024-25,Andhra Pradesh,Anantapur,Anantapur,Alamuru,0,40,1,13,0,28,40,1,0,39,2,1,37,3,0,0,41,0,41,39,2,27,14,40,1,30,11,39,2
2024-25,Andhra Pradesh,Anantapur,Anantapur,Katiganikalva,0,41,0,40,1,0,34,0,7,40,1,0,40,1,0,0,41,0,41,34,7,29,12,41,0,34,7,41,0
2024-25,Andhra Pradesh,Anantapur,Anantapur,Somanadoddi,0,38,2,25,1,14,33,0,7,39,1,0,37,3,0,0,40,0,40,35,5,33,7,40,0,26,14,40,0
2024-25,Andhra Pradesh,Anantapur,Anantapur,Kodimi,0,34,6,33,1,6,30,0,10,38,2,0,36,4,0,0,40,0,40,33,7,27,13,38,2,33,7,40,0
2024-25,Andhra Pradesh,Anantapur,Anantapur,Anantapur (Ct),0,39,4,17,0,26,42,0,1,43,0,0,42,1,0,0,43,0,43,42,1,31,12,43,0,23,20,42,1
2024-25,Andhra Pradesh,Anantapur,Anantapur,Itikalapalle,0,72,4,72,1,3,73,0,3,75,1,1,70,5,0,0,76,0,76,63,13,57,19,75,1,63,13,73,3
2024-25,Andhra Pradesh,Anantapur,Atmakur,Talupuru,0,40,0,38,0,2,39,0,1,40,0,0,40,0,0,0,40,0,40,36,4,26,14,40,0,35,5,39,1
2024-25,Andhra Pradesh,Anantapur,Atmakur,Goridindla,0,71,8,60,2,17,66,2,11,78,1,0,58,21,0,0,79,0,79,58,21,56,23,79,0,43,36,72,7
2024-25,Andhra Pradesh,Anantapur,Atmakur,Brahmana Yaleru,0,39,1,40,0,0,38,0,2,39,1,0,35,5,0,0,40,0,40,32,8,34,6,40,0,30,10,39,1
2024-25,Andhra Pradesh,Anantapur,Atmakur,Atmakur,0,70,17,68,2,17,76,4,7,85,2,1,73,13,0,0,87,0,87,64,23,62,25,86,1,56,31,77,10
2024-25,Andhra Pradesh,Anantapur,Atmakur,Sanapa,0,37,3,37,0,3,40,0,0,36,4,0,39,1,0,0,40,0,40,37,3,29,11,40,0,34,6,39,1
2024-25,Andhra Pradesh,Anantapur,Atmakur,Madigubba,0,35,5,31,0,9,35,0,5,38,2,1,32,7,0,0,40,0,40,29,11,28,12,40,0,28,12,39,1
2024-25,Andhra Pradesh,Anantapur,Atmakur,Thopudurthi,0,40,2,35,0,7,32,0,10,42,0,0,32,10,0,0,42,0,42,38,4,29,13,41,1,35,7,41,1
2024-25,Andhra Pradesh,Anantapur,Atmakur,Padamatiyaleru,0,41,1,30,2,10,27,0,15,42,0,0,37,5,0,0,42,0,42,39,3,31,11,42,0,32,10,42,0
2024-25,Andhra Pradesh,Anantapur,Beluguppa,Yerragudi,0,29,0,23,0,6,18,0,11,27,2,0,29,0,0,0,29,0,29,23,6,24,5,29,0,15,14,29,0
2024-25,Andhra Pradesh,Anantapur,Beluguppa,Sreerangapuram,0,41,1,38,0,4,40,1,1,39,3,0,37,5,0,0,42,0,42,11,31,32,10,42,0,37,5,42,0
2024-25,Andhra Pradesh,Anantapur,Beluguppa,Duddekunta,0,39,2,29,0,12,31,0,10,41,0,0,37,4,2,0,39,0,41,30,11,27,14,41,0,33,8,41,0
2024-25,Andhra Pradesh,Anantapur,Beluguppa,Ankampalle,0,39,2,37,1,3,36,1,4,41,0,1,38,2,0,0,41,1,40,35,6,39,2,40,1,26,15,41,0
2024-25,Andhra Pradesh,Anantapur,Beluguppa,Thagguparthy,0,40,1,36,0,5,21,0,20,37,4,0,40,1,0,0,41,0,41,16,25,37,4,41,0,35,6,41,0
2024-25,Andhra Pradesh,Anantapur,Beluguppa,Avulenna,0,12,0,10,1,1,9,0,3,12,0,0,12,0,2,0,10,0,12,12,0,10,2,12,0,7,5,12,0
2024-25,Andhra Pradesh,Anantapur,Beluguppa,Seerpi,0,41,0,36,1,4,36,1,4,36,5,0,41,0,0,0,41,0,41,19,22,29,12,41,0,37,4,41,0
2024-25,Andhra Pradesh,Anantapur,Beluguppa,Narinjagundlapalle,0,42,0,34,2,6,35,0,7,38,4,0,42,0,0,0,42,0,42,23,19,24,18,42,0,30,12,42,0
2024-25,Andhra Pradesh,Anantapur,Beluguppa,Beluguppa,0,78,2,67,2,13,77,2,3,82,0,0,75,5,10,0,72,0,82,49,33,71,11,77,5,56,26,80,2
2024-25,Andhra Pradesh,Anantapur,Beluguppa,Konampalle,0,40,2,27,6,9,19,2,21,42,0,0,37,5,0,0,42,0,42,28,14,19,23,42,0,31,11,42,0
2024-25,Andhra Pradesh,Anantapur,Beluguppa,Narasapuram,0,39,3,36,0,6,26,0,16,36,6,2,39,1,0,0,42,0,42,14,28,24,18,42,0,24,18,42,0
2024-25,Andhra Pradesh,Anantapur,Beluguppa,Budigumma,0,41,0,30,1,10,39,1,1,41,0,0,37,4,0,0,41,0,41,18,23,34,7,41,0,25,16,37,4
2024-25,Andhra Pradesh,Anantapur,Beluguppa,Gangavaram,0,41,1,38,0,3,9,1,32,42,0,0,39,3,0,0,42,0,42,21,21,24,18,42,0,27,15,42,0
2024-25,Andhra Pradesh,Anantapur,Beluguppa,Kalvapalle,0,41,1,32,0,10,26,1,15,42,0,0,40,2,0,0,42,0,42,31,11,29,13,42,0,29,13,42,0
2024-25,Andhra Pradesh,Anantapur,Bommanahal,Kuruvalli,0,21,0,21,0,0,16,0,5,21,0,0,19,2,0,0,21,0,21,18,3,14,7,21,0,15,6,21,0
2024-25,Andhra Pradesh,Anantapur,Bommanahal,Uddehal,0,38,1,35,1,3,16,0,23,39,0,0,36,3,0,0,39,0,39,31,8,25,14,39,0,29,10,39,0
2024-25,Andhra Pradesh,Anantapur,Bommanahal,Bollanaguddam,0,40,1,35,1,5,24,0,17,41,0,0,38,3,0,0,41,0,41,32,9,22,19,40,1,24,17,41,0
2024-25,Andhra Pradesh,Anantapur,Bommanahal,Elanji,0,40,1,35,0,6,24,0,17,38,3,0,39,2,0,0,41,0,41,33,8,27,14,41,0,17,24,40,1
2024-25,Andhra Pradesh,Anantapur,Bommanahal,Nemakallu,0,39,2,38,0,3,23,0,18,39,2,0,39,2,0,0,41,0,41,37,4,28,13,41,0,22,19,40,1
2024-25,Andhra Pradesh,Anantapur,Bommanahal,Sreedharaghattu,0,39,4,34,0,8,24,0,19,43,0,0,40,3,0,0,43,0,43,36,7,31,12,43,0,24,19,42,1
2024-25,Andhra Pradesh,Anantapur,Bommanahal,Govindawada,0,39,1,33,4,3,6,0,34,40,0,0,37,3,0,0,40,0,40,36,4,26,14,39,1,19,21,39,1
2024-25,Andhra Pradesh,Anantapur,Bommanahal,Singanahalli,0,38,0,34,0,4,28,0,10,38,0,0,37,1,0,0,38,0,38,29,9,24,14,37,1,25,13,38,0
2024-25,Andhra Pradesh,Anantapur,Bommanahal,Kolaganahalli,0,40,1,32,0,9,24,0,17,40,1,0,40,1,0,0,41,0,41,37,4,22,19,41,0,29,12,41,0
2024-25,Andhra Pradesh,Anantapur,Bommanahal,Kalludevanahalli,0,40,2,41,0,1,12,0,30,42,0,1,38,3,0,0,42,0,42,34,8,27,15,40,2,24,18,42,0
2024-25,Andhra Pradesh,Anantapur,Bommanahal,Bommanahal,0,49,2,42,2,7,19,0,32,47,4,0,48,3,0,0,51,0,51,39,12,34,17,51,0,38,13,51,0
2024-25,Andhra Pradesh,Anantapur,Bommanahal,Siddarampuram,0,22,0,20,0,2,7,0,15,21,1,0,22,0,0,0,22,0,22,19,3,11,11,22,0,11,11,21,1
2024-25,Andhra Pradesh,Anantapur,Bommanahal,Bandur,0,39,2,33,2,6,23,0,18,40,1,0,38,3,0,0,41,0,41,33,8,21,20,41,0,21,20,39,2
2024-25,Andhra Pradesh,Anantapur,Bommanahal,Untakal,0,35,2,29,3,5,22,0,15,37,0,0,35,2,0,0,37,0,37,33,4,23,14,36,1,27,10,37,0
2024-25,Andhra Pradesh,Anantapur,Bommanahal,D.Honnur,0,79,3,64,3,15,51,0,31,82,0,0,73,9,0,0,82,0,82,66,16,54,28,82,0,38,44,82,0
2024-25,Andhra Pradesh,Anantapur,Brahmasamudram,Pillalapalle,0,91,1,72,3,17,55,4,33,85,7,0,87,5,0,0,92,0,92,80,12,68,24,92,0,69,23,91,1
2024-25,Andhra Pradesh,Anantapur,Brahmasamudram,Gundiganihalli,0,38,1,29,0,10,22,0,17,36,3,6,30,3,0,0,39,0,39,21,18,28,11,39,0,24,15,38,1
2024-25,Andhra Pradesh,Anantapur,Brahmasamudram,Theetakal,0,29,1,28,0,2,18,0,12,29,1,0,28,2,0,0,30,0,30,27,3,20,10,29,1,14,16,29,1
2024-25,Andhra Pradesh,Anantapur,Brahmasamudram,Eradikera,0,40,0,34,0,6,36,0,4,38,2,0,39,1,0,0,40,0,40,33,7,24,16,40,0,40,0,40,0
2024-25,Andhra Pradesh,Anantapur,Brahmasamudram,Bhyravanithippa,0,41,0,35,1,5,34,0,7,36,5,0,41,0,1,0,40,0,41,39,2,33,8,41,0,41,0,41,0
2024-25,Andhra Pradesh,Anantapur,Brahmasamudram,Kannepalle,0,35,3,35,0,3,30,0,8,37,1,0,32,6,0,0,38,0,38,27,11,22,16,38,0,24,14,38,0
2024-25,Andhra Pradesh,Anantapur,Brahmasamudram,Vepalaparthy,0,37,3,29,1,10,14,2,24,37,3,0,38,2,0,0,40,0,40,37,3,33,7,40,0,19,21,40,0
2024-25,Andhra Pradesh,Anantapur,Brahmasamudram,West Kodipalle,0,37,3,29,0,11,24,1,15,38,2,1,35,4,0,0,40,0,40,33,7,28,12,40,0,20,20,40,0
2024-25,Andhra Pradesh,Anantapur,Brahmasamudram,Chelimenahalli,0,43,0,34,1,8,19,1,23,40,3,1,40,2,0,0,43,0,43,36,7,33,10,43,0,38,5,43,0
2024-25,Andhra Pradesh,Anantapur,Brahmasamudram,Bhairasamudram,0,39,1,34,0,6,35,0,5,35,5,0,37,3,0,0,40,0,40,27,13,27,13,40,0,40,0,40,0
2024-25,Andhra Pradesh,Anantapur,Brahmasamudram,Santhekondapuram,0,42,2,41,1,2,16,2,26,40,4,0,36,8,0,0,44,0,43,39,5,32,12,44,0,7,37,43,1
2024-25,Andhra Pradesh,Anantapur,Brahmasamudram,Brahmasamudram,0,51,0,48,0,3,18,0,33,47,4,0,51,0,0,0,51,0,51,45,6,39,12,51,0,39,12,50,1
2024-25,Andhra Pradesh,Anantapur,Brahmasamudram,Yerrakondapuram,0,41,1,37,0,5,25,0,17,39,3,0,41,1,0,0,42,0,42,38,4,27,15,42,0,26,16,41,1
2024-25,Andhra Pradesh,Anantapur,Bukkarayasamudram,Danduvaripalle,0,38,0,22,0,16,30,0,8,37,1,0,36,2,0,0,38,0,38,30,8,36,2,38,0,28,10,38,0
2024-25,Andhra Pradesh,Anantapur,Bukkarayasamudram,Siddampeta,0,3,0,1,0,2,3,0,0,3,0,0,3,0,0,0,3,0,3,3,0,3,0,3,0,1,2,3,0
2024-25,Andhra Pradesh,Anantapur,Bukkarayasamudram,Reddipalle,0,72,8,61,0,19,69,0,11,77,3,0,77,3,0,0,80,0,80,75,5,55,25,80,0,64,16,80,0
2024-25,Andhra Pradesh,Anantapur,Bukkarayasamudram,Siddarampuram,0,40,6,31,0,15,42,0,4,43,3,0,44,2,0,0,46,0,46,40,6,31,15,46,0,36,10,46,0
2024-25,Andhra Pradesh,Anantapur,Bukkarayasamudram,Govindapalle,0,34,0,19,0,15,34,0,0,33,1,0,28,6,3,0,31,0,34,30,4,23,11,34,0,32,2,34,0
2024-25,Andhra Pradesh,Anantapur,Bukkarayasamudram,Bukkarayasamudram,0,39,1,20,0,20,34,0,6,40,0,0,37,3,0,0,40,0,40,36,4,23,17,40,0,34,6,40,0
2024-25,Andhra Pradesh,Anantapur,Bukkarayasamudram,Bodiganidoddi,0,40,1,21,1,19,40,0,1,40,1,0,37,4,5,0,36,0,41,35,6,32,9,41,0,39,2,41,0
2024-25,Andhra Pradesh,Anantapur,Bukkarayasamudram,Chennarayunipalle,0,8,0,4,0,4,4,0,4,8,0,0,8,0,1,0,7,0,8,8,0,5,3,8,0,7,1,8,0
2024-25,Andhra Pradesh,Anantapur,Bukkarayasamudram,Kondakinda Agraharam,0,77,4,49,3,29,69,2,10,73,8,0,79,2,0,0,81,0,80,73,8,60,21,81,0,63,18,81,0
2024-25,Andhra Pradesh,Anantapur,Bukkarayasamudram,Chedulla,0,34,6,21,1,18,34,1,5,37,3,0,37,3,0,0,40,0,40,38,2,27,13,40,0,34,6,40,0
2024-25,Andhra Pradesh,Anantapur,Bukkarayasamudram,Chennampalle,0,68,2,43,2,25,47,0,23,64,6,0,66,4,4,0,66,1,69,59,11,48,20,70,0,46,24,70,0
2024-25,Andhra Pradesh,Anantapur,Bukkarayasamudram,Janthulur,0,5,2,3,0,4,7,0,0,3,4,0,5,2,1,0,6,0,7,6,1,3,4,7,0,4,3,7,0
2024-25,Andhra Pradesh,Anantapur,Bukkarayasamudram,Korrapadu,0,51,0,26,0,25,43,0,8,48,3,0,50,1,1,0,50,0,51,38,13,29,22,51,0,38,13,51,0
2024-25,Andhra Pradesh,Anantapur,Bukkarayasamudram,Podaralla,0,40,1,22,1,18,35,0,6,40,1,0,40,1,0,0,41,0,41,34,7,27,14,41,0,34,7,41,0
2024-25,Andhra Pradesh,Anantapur,D.Hirehal,Hulikal,0,37,5,25,2,15,29,0,13,39,3,0,34,8,0,0,42,0,42,42,0,29,13,42,0,35,7,42,0
2024-25,Andhra Pradesh,Anantapur,D.Hirehal,Pulakurthi,0,43,0,36,0,7,34,0,9,40,3,1,35,7,0,0,43,0,43,34,9,1,42,43,0,33,10,43,0
2024-25,Andhra Pradesh,Anantapur,D.Hirehal,Hirdehal,0,25,1,19,1,6,18,0,8,25,1,0,26,0,0,0,26,0,26,24,2,1,25,26,0,18,8,26,0
2024-25,Andhra Pradesh,Anantapur,D.Hirehal,Obulapuram,0,42,0,31,1,10,32,0,10,37,5,2,33,7,0,0,42,0,42,39,3,0,42,42,0,37,5,42,0
2024-25,Andhra Pradesh,Anantapur,D.Hirehal,Dodagatta,0,38,3,30,0,11,31,0,10,37,4,0,32,9,0,0,41,0,41,41,0,39,2,41,0,36,5,41,0
2024-25,Andhra Pradesh,Anantapur,D.Hirehal,Jajarakal,0,15,0,11,0,4,9,0,6,15,0,0,15,0,0,0,15,0,15,12,3,1,14,15,0,9,6,15,0
2024-25,Andhra Pradesh,Anantapur,D.Hirehal,Nagalapuram,0,38,3,32,0,9,36,0,5,38,3,2,30,9,0,0,41,0,41,35,6,3,38,41,0,33,8,41,0
2024-25,Andhra Pradesh,Anantapur,D.Hirehal,Kadalur,0,34,6,33,0,7,31,0,9,36,4,0,37,3,0,0,40,0,40,17,23,19,21,40,0,32,8,40,0
2024-25,Andhra Pradesh,Anantapur,D.Hirehal,Muradi,2,74,3,63,0,16,61,0,18,70,9,0,69,10,0,0,79,0,79,72,7,61,18,79,0,62,17,78,1
2024-25,Andhra Pradesh,Anantapur,D.Hirehal,Malapanagudi,0,29,0,22,3,4,17,0,12,28,1,0,26,3,0,0,29,0,29,25,4,0,29,29,0,23,6,29,0
2024-25,Andhra Pradesh,Anantapur,D.Hirehal,H.Hossahalli,0,4,2,6,0,0,5,0,1,6,0,1,3,2,0,0,6,0,6,6,0,0,6,6,0,6,0,6,0
2024-25,Andhra Pradesh,Anantapur,D.Hirehal,D.Hirehal,0,29,7,31,1,4,26,0,10,35,1,1,31,4,0,0,36,0,36,31,5,0,36,36,0,25,11,36,0
2024-25,Andhra Pradesh,Anantapur,D.Hirehal,Somalapuram,0,37,0,21,2,14,27,0,10,34,3,0,32,5,0,0,37,0,37,37,0,36,1,37,0,31,6,37,0
2024-25,Andhra Pradesh,Anantapur,D.Hirehal,H.Siddapuram,0,14,2,12,0,4,8,0,8,15,1,0,13,3,0,0,16,0,16,14,2,0,16,16,0,11,5,16,0
2024-25,Andhra Pradesh,Anantapur,D.Hirehal,Kudulur,0,40,1,30,1,10,37,0,4,36,5,1,38,2,0,0,41,0,41,41,0,36,5,41,0,33,8,40,1
2024-25,Andhra Pradesh,Anantapur,Garladinne,Penakacherla,0,50,0,34,0,16,10,0,40,50,0,0,44,6,0,0,50,1,49,44,6,36,14,49,1,42,8,49,1
2024-25,Andhra Pradesh,Anantapur,Garladinne,Kalluru,0,36,4,31,0,9,35,0,5,40,0,0,34,6,15,0,25,0,40,34,6,32,8,40,0,35,5,40,0
2024-25,Andhra Pradesh,Anantapur,Garladinne,Kesavapuram,0,3,0,1,0,2,2,0,1,3,0,0,3,0,0,0,3,0,3,3,0,1,2,3,0,3,0,3,0
2024-25,Andhra Pradesh,Anantapur,Garladinne,Garladinne,0,49,2,35,3,13,46,1,4,48,3,0,47,4,0,0,51,1,50,46,5,36,15,51,0,42,9,50,1
2024-25,Andhra Pradesh,Anantapur,Garladinne,Koppalakonda,0,46,2,31,0,17,41,0,7,46,2,0,44,4,0,0,48,1,47,41,7,37,11,48,0,41,7,48,0
2024-25,Andhra Pradesh,Anantapur,Garladinne,Illuru,0,42,8,32,0,18,39,0,11,50,0,0,41,9,5,0,45,1,49,42,8,39,11,50,0,45,5,49,1
2024-25,Andhra Pradesh,Anantapur,Garladinne,Budedu,0,37,3,27,2,11,30,1,9,38,2,0,37,3,0,1,39,0,40,37,3,34,6,40,0,14,26,40,0
2024-25,Andhra Pradesh,Anantapur,Garladinne,Muntimadugu,0,14,1,10,0,5,8,0,7,15,0,0,13,2,0,1,14,0,15,12,3,8,7,15,0,10,5,15,0
2024-25,Andhra Pradesh,Anantapur,Garladinne,Kanampalle,0,41,0,36,1,4,36,1,4,41,0,0,39,2,0,0,41,0,41,30,11,32,9,41,0,37,4,41,0
2024-25,Andhra Pradesh,Anantapur,Garladinne,Kalluru Agraharam,0,40,3,33,0,10,25,0,18,42,1,0,38,5,0,0,43,7,36,37,6,32,11,43,0,11,32,43,0
2024-25,Andhra Pradesh,Anantapur,Garladinne,Krishnapuram,0,39,0,33,0,6,33,0,6,39,0,0,35,4,4,0,35,0,39,30,9,24,15,39,0,35,4,39,0
2024-25,Andhra Pradesh,Anantapur,Garladinne,Kotanka,0,38,5,34,1,8,34,0,9,43,0,0,39,4,0,1,42,0,43,36,7,27,16,43,0,40,3,42,1
2024-25,Andhra Pradesh,Anantapur,Garladinne,Sirivaram,0,34,3,25,1,11,24,3,10,35,2,1,29,7,0,0,37,0,37,31,6,34,3,37,0,30,7,37,0
2024-25,Andhra Pradesh,Anantapur,Garladinne,Yerraguntla,0,46,4,34,1,15,44,0,6,50,0,0,48,2,3,0,47,0,50,45,5,33,17,50,0,44,6,50,0
2024-25,Andhra Pradesh,Anantapur,Garladinne,Obulapuram,0,28,2,22,0,8,17,1,12,28,2,0,28,2,0,0,30,0,30,27,3,21,9,30,0,12,18,30,0
2024-25,Andhra Pradesh,Anantapur,Gooty,Ubicherla,0,38,1,36,3,0,33,0,6,39,0,0,38,1,0,0,39,0,39,36,3,29,10,38,1,25,14,38,1
2024-25,Andhra Pradesh,Anantapur,Gooty,Peddoddi,0,31,2,27,4,2,25,2,6,33,0,0,31,2,0,0,33,0,33,27,6,27,6,33,0,20,13,30,3
2024-25,Andhra Pradesh,Anantapur,Gooty,Erragudi,0,22,0,20,0,2,19,0,3,22,0,0,22,0,2,0,20,0,22,16,6,17,5,22,0,14,8,18,4
2024-25,Andhra Pradesh,Anantapur,Gooty,Abbedoddi,0,18,5,18,0,5,7,1,15,23,0,0,21,2,0,0,23,0,23,21,2,16,7,23,0,18,5,23,0
2024-25,Andhra Pradesh,Anantapur,Gooty,Kothapeta,0,35,1,34,0,2,32,0,4,36,0,0,35,1,0,0,36,0,36,27,9,31,5,36,0,26,10,36,0
2024-25,Andhra Pradesh,Anantapur,Gooty,Brahmanapalle,0,9,0,8,1,0,6,0,3,9,0,0,9,0,0,0,9,0,9,9,0,9,0,9,0,6,3,9,0
2024-25,Andhra Pradesh,Anantapur,Gooty,Mamadur,0,24,3,25,0,2,9,0,18,27,0,0,23,4,0,0,27,1,26,25,2,20,7,27,0,18,9,27,0
2024-25,Andhra Pradesh,Anantapur,Gooty,Karadikonda,0,39,2,37,2,2,23,2,16,41,0,0,35,6,0,0,41,0,41,33,8,29,12,41,0,24,17,39,2
2024-25,Andhra Pradesh,Anantapur,Gooty,Rajapuram,0,20,0,19,1,0,19,0,1,20,0,0,20,0,1,0,19,0,20,15,5,15,5,20,0,12,8,19,1
2024-25,Andhra Pradesh,Anantapur,Gooty,Jakkalacheruvu,0,35,4,32,3,4,26,1,12,39,0,0,34,5,0,0,39,0,39,35,4,29,10,39,0,29,10,39,0
2024-25,Andhra Pradesh,Anantapur,Gooty,Chetnepalli,0,32,3,28,3,4,27,0,8,35,0,0,32,3,0,0,35,0,35,31,4,23,12,35,0,27,8,34,1
2024-25,Andhra Pradesh,Anantapur,Gooty,Kojjepalle,0,43,1,43,0,1,35,4,5,43,1,0,43,1,0,0,44,0,44,28,16,33,11,44,0,33,11,43,1
2024-25,Andhra Pradesh,Anantapur,Gooty,Eswarapalle,0,10,0,9,0,1,6,2,2,10,0,0,10,0,0,0,10,0,10,6,4,9,1,10,0,4,6,10,0
2024-25,Andhra Pradesh,Anantapur,Gooty,Engilibanda,0,6,0,6,0,0,6,0,0,6,0,0,6,0,0,0,6,0,6,5,1,4,2,6,0,4,2,4,2
2024-25,Andhra Pradesh,Anantapur,Gooty,Thondapadu,0,40,1,34,3,4,32,0,9,41,0,0,37,4,0,0,41,0,41,36,5,28,13,41,0,35,6,41,0
2024-25,Andhra Pradesh,Anantapur,Gooty,Dharmapuram,0,39,2,39,1,1,31,2,8,39,2,0,38,3,0,0,41,0,41,30,11,33,8,41,0,29,12,39,2
2024-25,Andhra Pradesh,Anantapur,Gooty,Basinepalle,0,41,0,35,0,6,27,2,12,39,2,0,40,1,0,0,41,0,41,36,5,25,16,41,0,16,25,38,3
2024-25,Andhra Pradesh,Anantapur,Gooty,Marnepalle,0,4,0,3,1,0,2,0,2,4,0,0,4,0,0,0,4,0,4,3,1,2,2,4,0,1,3,3,1
2024-25,Andhra Pradesh,Anantapur,Gooty,Utakallu,0,4,0,4,0,0,4,0,0,4,0,0,4,0,0,0,4,0,4,4,0,3,1,4,0,3,1,4,0
2024-25,Andhra Pradesh,Anantapur,Gooty,Bethapalle,0,34,3,34,0,3,23,1,13,37,0,0,33,4,0,0,37,0,37,31,6,24,13,37,0,23,14,37,0
2024-25,Andhra Pradesh,Anantapur,Gooty,Turakapalle,0,19,1,17,1,2,11,1,8,19,1,0,19,1,0,0,20,0,20,17,3,17,3,20,0,13,7,18,2
2024-25,Andhra Pradesh,Anantapur,Gooty,Gooty (Ct),0,1,0,1,0,0,1,0,0,1,0,0,1,0,0,0,1,0,1,0,1,0,1,1,0,1,0,1,0
2024-25,Andhra Pradesh,Anantapur,Gooty,Gooty (Rural),0,38,3,39,1,1,30,1,10,41,0,0,38,3,0,0,41,0,41,35,6,26,15,41,0,32,9,41,0
2024-25,Andhra Pradesh,Anantapur,Gummagatta,Bhupasamudram,0,70,1,54,0,17,31,3,37,67,4,0,63,8,0,0,71,0,71,46,25,35,36,71,0,60,11,52,19
2024-25,Andhra Pradesh,Anantapur,Gummagatta,Gummagatta,0,75,9,60,0,24,55,2,27,84,0,0,80,4,0,0,84,0,84,47,37,60,24,74,10,67,17,82,2
2024-25,Andhra Pradesh,Anantapur,Gummagatta,Pulakunta,0,36,6,29,0,13,32,1,9,39,3,0,38,4,0,0,42,0,42,24,18,25,17,42,0,39,3,42,0
2024-25,Andhra Pradesh,Anantapur,Gummagatta,Kalugodu,0,69,12,57,0,24,61,0,20,79,2,0,72,9,0,0,81,0,81,45,36,71,10,70,11,79,2,76,5
2024-25,Andhra Pradesh,Anantapur,Gummagatta,Gollapalle,0,75,9,54,0,30,58,1,25,83,1,0,74,10,0,0,84,0,84,77,7,84,0,76,8,69,15,84,0
2024-25,Andhra Pradesh,Anantapur,Gummagatta,Tallakera,0,80,1,64,0,17,44,1,36,79,2,0,75,6,0,0,81,0,81,57,24,29,52,57,24,63,18,81,0
2024-25,Andhra Pradesh,Anantapur,Gummagatta,Veerapuram,0,41,0,31,0,10,23,0,18,40,1,0,38,3,0,0,41,0,41,24,17,14,27,41,0,40,1,18,23
2024-25,Andhra Pradesh,Anantapur,Gummagatta,Galagala,0,40,2,30,0,12,32,3,7,41,1,0,39,3,0,0,42,0,42,7,35,33,9,42,0,38,4,34,8
2024-25,Andhra Pradesh,Anantapur,Gummagatta,S.Hosahalli,0,9,1,10,0,0,2,0,8,9,1,0,8,2,0,0,10,0,10,3,7,5,5,10,0,10,0,10,0
2024-25,Andhra Pradesh,Anantapur,Gummagatta,Belodu,0,38,6,31,0,13,18,2,24,42,2,0,40,4,0,0,44,0,44,33,11,15,29,44,0,38,6,44,0
2024-25,Andhra Pradesh,Anantapur,Gummagatta,Rangasamudram,0,36,5,33,0,8,19,1,21,38,3,0,35,6,0,1,40,0,41,33,8,33,8,41,0,36,5,19,22
2024-25,Andhra Pradesh,Anantapur,Guntakal,Guntakal (R),0,17,1,10,1,7,8,0,10,17,1,1,15,2,0,0,18,0,18,16,2,14,4,18,0,11,7,18,0
2024-25,Andhra Pradesh,Anantapur,Guntakal,Sangala,0,9,5,9,0,5,9,0,5,14,0,0,13,1,0,0,14,0,14,9,5,10,4,14,0,9,5,14,0
2024-25,Andhra Pradesh,Anantapur,Guntakal,Gundala,0,6,2,8,0,0,5,0,3,8,0,0,7,1,0,0,8,0,8,6,2,6,2,8,0,5,3,8,0
2024-25,Andhra Pradesh,Anantapur,Guntakal,Ayyavaripalle,0,40,3,15,2,26,33,1,9,41,2,0,41,2,0,0,43,0,43,35,8,30,13,43,0,35,8,42,1
2024-25,Andhra Pradesh,Anantapur,Guntakal,Nelagonda,0,39,4,29,0,14,34,0,9,40,3,0,40,3,0,0,43,0,43,35,8,34,9,43,0,35,8,43,0
2024-25,Andhra Pradesh,Anantapur,Guntakal,Thimmapuram,0,40,3,21,3,19,28,0,15,42,1,0,40,3,0,0,43,0,43,34,9,31,12,43,0,36,7,43,0
2024-25,Andhra Pradesh,Anantapur,Guntakal,Donimukkala,0,39,4,26,0,17,32,1,10,42,1,0,40,3,0,0,43,0,43,36,7,32,11,43,0,33,10,43,0
2024-25,Andhra Pradesh,Anantapur,Guntakal,Dancherla,0,43,0,27,3,13,29,1,13,43,0,0,42,1,0,0,43,0,43,36,7,30,13,41,2,37,6,43,0
2024-25,Andhra Pradesh,Anantapur,Guntakal,Nagasamudram,0,84,2,43,1,42,64,2,20,79,7,0,80,6,1,0,85,0,86,70,16,62,24,86,0,64,22,86,0
2024-25,Andhra Pradesh,Anantapur,Guntakal,Patha Kothachervu,0,41,2,18,2,23,28,0,15,43,0,0,40,3,0,0,43,0,43,37,6,32,11,43,0,30,13,43,0
2024-25,Andhra Pradesh,Anantapur,Guntakal,Nakkanadoddi,0,40,3,17,2,24,28,0,15,43,0,0,39,4,0,0,43,0,43,36,7,30,13,43,0,33,10,43,0
2024-25,Andhra Pradesh,Anantapur,Guntakal,Dosaludiki,0,20,1,17,0,4,11,0,10,21,0,0,21,0,0,0,21,0,21,17,4,14,7,21,0,15,6,21,0
2024-25,Andhra Pradesh,Anantapur,Guntakal,Sankarabanda,0,40,3,28,1,14,28,1,14,42,1,0,40,3,0,0,43,0,43,38,5,34,9,42,1,30,13,42,1
2024-25,Andhra Pradesh,Anantapur,Guntakal,Kasapuram,0,42,1,35,0,8,24,0,19,42,1,0,42,1,0,0,43,0,43,34,9,30,13,42,1,30,13,42,1
2024-25,Andhra Pradesh,Anantapur,Guntakal,Yerrathimmarayachervu,0,41,2,31,0,12,29,1,13,43,0,0,42,1,0,0,43,0,43,38,5,33,10,43,0,34,9,43,0
2024-25,Andhra Pradesh,Anantapur,Guntakal,Konganapalle,0,39,4,30,0,13,29,1,13,43,0,0,39,4,0,0,43,0,43,36,7,33,10,43,0,28,15,42,1
2024-25,Andhra Pradesh,Anantapur,Kalyandrug,Garudapuram,0,73,2,44,2,29,51,1,23,72,3,0,70,5,0,0,75,0,75,65,10,54,21,75,0,48,27,75,0
2024-25,Andhra Pradesh,Anantapur,Kalyandrug,Duradakunta,0,11,2,12,1,0,10,1,2,12,1,0,10,3,0,0,13,0,13,10,3,9,4,13,0,8,5,12,1
2024-25,Andhra Pradesh,Anantapur,Kalyandrug,Golla,0,42,0,33,1,8,35,1,6,42,0,1,37,4,0,0,42,0,42,36,6,30,12,41,1,37,5,41,1
2024-25,Andhra Pradesh,Anantapur,Kalyandrug,Manirevu,0,16,0,8,0,8,8,1,7,13,3,0,15,1,0,0,16,0,16,12,4,8,8,16,0,14,2,16,0
2024-25,Andhra Pradesh,Anantapur,Kalyandrug,Thimmasamudram,0,50,1,35,3,13,30,1,20,45,6,0,47,4,0,0,51,0,51,43,8,33,18,51,0,40,11,51,0
2024-25,Andhra Pradesh,Anantapur,Kalyandrug,East Kodipalle,0,31,2,15,1,17,21,1,11,31,2,0,31,2,0,0,33,0,33,28,5,19,14,33,0,28,5,33,0
2024-25,Andhra Pradesh,Anantapur,Kalyandrug,Chapiri,0,31,9,34,1,5,28,1,11,39,1,0,33,7,0,0,40,0,40,34,6,30,10,40,0,29,11,40,0
2024-25,Andhra Pradesh,Anantapur,Kalyandrug,Hulikal,0,41,1,32,0,10,28,2,12,42,0,0,39,3,0,0,42,0,42,37,5,31,11,42,0,35,7,42,0
2024-25,Andhra Pradesh,Anantapur,Kalyandrug,Kurubarahalli,0,10,0,8,0,2,8,0,2,10,0,0,10,0,0,0,10,0,10,8,2,9,1,10,0,8,2,10,0
2024-25,Andhra Pradesh,Anantapur,Kalyandrug,Muddinayanapalle,0,37,2,34,0,5,30,0,9,38,1,0,32,7,0,0,39,0,39,34,5,27,12,38,1,30,9,38,1
2024-25,Andhra Pradesh,Anantapur,Kalyandrug,Bedrahalli,0,38,3,25,0,16,29,1,11,41,0,1,34,6,0,0,41,0,41,35,6,30,11,41,0,29,12,41,0
2024-25,Andhra Pradesh,Anantapur,Kalyandrug,Palavoy,0,78,3,62,2,17,43,2,36,79,2,0,77,4,0,0,81,0,81,73,8,54,27,81,0,69,12,79,2
2024-25,Andhra Pradesh,Anantapur,Kalyandrug,Mudigal,0,97,2,87,5,7,68,4,27,96,3,0,78,21,0,0,99,0,99,82,17,69,30,97,2,85,14,95,4
2024-25,Andhra Pradesh,Anantapur,Kalyandrug,Varli,0,27,0,22,1,4,17,0,10,24,3,0,22,5,0,0,27,0,27,22,5,18,9,27,0,21,6,26,1
2024-25,Andhra Pradesh,Anantapur,Kalyandrug,Kalyandurg (Rural),0,86,3,53,3,33,57,1,31,86,3,0,68,21,0,0,89,0,89,75,14,58,31,89,0,77,12,88,1
2024-25,Andhra Pradesh,Anantapur,Kalyandrug,Kalyandurg (Ct),0,41,1,36,2,4,28,3,11,42,0,0,40,2,0,0,42,0,42,34,8,33,9,41,1,35,7,41,1
2024-25,Andhra Pradesh,Anantapur,Kambadur,Kurakulapalle,0,40,1,35,1,5,28,1,12,40,1,0,36,5,0,0,41,0,41,38,3,33,8,41,0,31,10,39,2
2024-25,Andhra Pradesh,Anantapur,Kambadur,Pallur,0,71,5,54,2,20,46,0,30,74,2,1,72,3,0,0,76,0,76,67,9,58,18,75,1,56,20,75,1
2024-25,Andhra Pradesh,Anantapur,Kambadur,Karthanaparthi,0,33,0,21,4,8,23,1,9,31,2,0,30,3,0,0,33,0,33,28,5,21,12,33,0,26,7,33,0
2024-25,Andhra Pradesh,Anantapur,Kambadur,Mulakanur,0,119,5,93,4,27,92,4,28,118,6,0,113,11,0,0,124,0,124,110,14,90,34,123,1,95,29,120,4
2024-25,Andhra Pradesh,Anantapur,Kambadur,Thimmapuram,0,60,1,51,2,8,33,2,26,60,1,0,54,7,0,0,61,0,61,54,7,48,13,60,1,46,15,58,3
2024-25,Andhra Pradesh,Anantapur,Kambadur,Chennampalle,0,43,0,37,1,5,26,1,16,42,1,0,40,3,0,0,43,0,43,35,8,29,14,43,0,36,7,42,1
2024-25,Andhra Pradesh,Anantapur,Kambadur,Ralla Anantapuram,0,27,1,18,0,10,25,0,3,28,0,0,26,2,0,0,28,0,28,26,2,16,12,28,0,21,7,27,1
2024-25,Andhra Pradesh,Anantapur,Kambadur,Nuthimadugu,0,33,4,32,2,3,36,0,1,37,0,0,33,4,0,0,37,0,37,31,6,27,10,36,1,30,7,37,0
2024-25,Andhra Pradesh,Anantapur,Kambadur,Rallapalle,0,16,0,14,0,2,13,0,3,16,0,0,11,5,0,0,16,0,16,13,3,13,3,16,0,15,1,16,0
2024-25,Andhra Pradesh,Anantapur,Kambadur,Kambadur,0,143,10,121,1,31,107,7,39,148,5,0,142,11,0,0,153,0,153,138,15,111,42,153,0,124,29,153,0
2024-25,Andhra Pradesh,Anantapur,Kambadur,Ramapuram,0,41,0,33,1,7,30,1,10,41,0,0,38,3,0,0,41,0,41,37,4,27,14,41,0,29,12,37,4
2024-25,Andhra Pradesh,Anantapur,Kambadur,Gulyam,0,8,0,6,1,1,8,0,0,6,2,0,7,1,0,0,8,0,8,7,1,7,1,8,0,4,4,8,0
2024-25,Andhra Pradesh,Anantapur,Kanekal,Meenahalli,0,17,1,16,2,0,3,1,14,16,2,0,15,3,4,1,13,0,18,11,7,13,5,18,0,16,2,18,0
2024-25,Andhra Pradesh,Anantapur,Kanekal,Garudachedu,0,22,1,17,3,3,3,0,20,21,2,0,20,3,4,0,19,2,21,16,7,18,5,22,1,18,5,23,0
2024-25,Andhra Pradesh,Anantapur,Kanekal,Hulikera,0,81,1,65,1,16,5,5,72,80,2,0,79,3,0,0,82,0,82,61,21,60,22,76,6,75,7,81,1
2024-25,Andhra Pradesh,Anantapur,Kanekal,Kanekal,0,158,9,126,10,31,17,21,129,149,18,0,135,32,0,2,165,0,167,119,48,135,32,153,14,116,51,164,3
2024-25,Andhra Pradesh,Anantapur,Kanekal,Kalekurthi,0,37,3,33,0,7,3,3,34,39,1,0,39,1,0,1,39,0,40,24,16,32,8,35,5,21,19,39,1
2024-25,Andhra Pradesh,Anantapur,Kanekal,N.Hanumapuram,0,35,5,38,0,2,1,5,34,37,3,0,34,6,0,0,40,0,40,28,12,26,14,37,3,32,8,40,0
2024-25,Andhra Pradesh,Anantapur,Kanekal,Malyam,0,41,0,27,4,10,7,1,33,38,3,0,39,2,3,0,38,2,39,29,12,30,11,39,2,12,29,40,1
2024-25,Andhra Pradesh,Anantapur,Kanekal,Hanakanahal,0,39,2,31,1,9,2,4,35,40,1,0,39,2,0,0,41,0,41,27,14,29,12,33,8,39,2,41,0
2024-25,Andhra Pradesh,Anantapur,Kanekal,Ganigera,0,81,1,69,5,8,9,8,65,80,2,0,80,2,0,0,82,0,82,65,17,61,21,73,9,65,17,80,2
2024-25,Andhra Pradesh,Anantapur,Kanekal,Yerragunta,0,81,0,58,4,19,34,3,44,74,7,1,78,2,0,3,78,0,81,66,15,56,25,77,4,65,16,79,2
2024-25,Andhra Pradesh,Anantapur,Kanekal,Sollapuram,0,41,0,32,3,6,5,0,36,39,2,0,40,1,1,0,40,0,41,30,11,24,17,39,2,25,16,40,1
2024-25,Andhra Pradesh,Anantapur,Kanekal,Udegolam,0,37,4,32,2,7,9,2,30,41,0,0,40,1,3,0,38,0,41,28,13,35,6,41,0,27,14,40,1
2024-25,Andhra Pradesh,Anantapur,Kanekal,Brahmasamudram,0,41,0,38,1,2,20,1,20,39,2,0,40,1,0,0,41,14,27,29,12,27,14,38,3,34,7,40,1
2024-25,Andhra Pradesh,Anantapur,Kanekal,Thumbiganur,0,41,0,31,2,8,7,2,32,41,0,1,40,0,0,0,41,0,41,31,10,27,14,38,3,30,11,40,1
2024-25,Andhra Pradesh,Anantapur,Kanekal,Ratchumarri,0,38,2,31,2,7,2,2,36,39,1,0,39,1,0,0,40,0,40,33,7,30,10,36,4,37,3,40,0
2024-25,Andhra Pradesh,Anantapur,Kanekal,Bidurukontham,0,41,0,30,2,9,7,3,31,41,0,0,41,0,0,0,41,0,41,32,9,31,10,38,3,30,11,39,2
2024-25,Andhra Pradesh,Anantapur,Kundurpi,Kundurpi,0,105,19,91,0,33,62,10,52,118,6,5,90,29,0,0,124,0,124,112,12,91,33,123,1,107,17,121,3
2024-25,Andhra Pradesh,Anantapur,Kundurpi,Nijavalli,0,36,3,28,0,11,22,0,17,38,1,0,32,7,0,0,39,0,39,36,3,27,12,39,0,38,1,37,2
2024-25,Andhra Pradesh,Anantapur,Kundurpi,Bestharapalle,0,74,8,60,0,22,52,2,28,79,3,3,63,16,0,0,82,0,82,74,8,60,22,82,0,74,8,80,2
2024-25,Andhra Pradesh,Anantapur,Kundurpi,Appilepalle,0,39,1,28,0,12,24,2,14,37,3,1,32,7,0,0,40,0,40,37,3,31,9,40,0,33,7,39,1
2024-25,Andhra Pradesh,Anantapur,Kundurpi,Malayanur,0,70,7,62,1,14,32,0,45,75,2,2,58,17,0,0,77,0,77,65,12,62,15,77,0,65,12,77,0
2024-25,Andhra Pradesh,Anantapur,Kundurpi,Basapuram,0,75,7,57,1,24,55,2,25,78,4,2,58,22,0,0,82,0,82,74,8,60,22,77,5,70,12,81,1
2024-25,Andhra Pradesh,Anantapur,Kundurpi,Jambugumpala,0,53,6,34,1,24,32,6,21,57,2,1,45,13,0,0,59,0,59,52,7,43,16,59,0,55,4,59,0
2024-25,Andhra Pradesh,Anantapur,Kundurpi,Yenumaladoddi,1,66,3,41,0,29,39,0,31,68,2,0,56,14,0,0,70,0,70,60,10,52,18,69,1,57,13,67,3
2024-25,Andhra Pradesh,Anantapur,Kundurpi,S.Mallapuram,0,10,0,6,0,4,6,0,4,10,0,0,8,2,0,0,10,0,10,10,0,7,3,10,0,10,0,10,0
2024-25,Andhra Pradesh,Anantapur,Kundurpi,Kariganipalle,0,75,8,60,0,23,39,6,38,76,7,1,64,18,0,0,83,0,83,67,16,60,23,81,2,75,8,81,2
2024-25,Andhra Pradesh,Anantapur,Narpala,Venkatampalle,0,39,2,1,9,31,6,4,31,41,0,1,39,1,0,0,41,0,41,18,23,21,20,41,0,31,10,41,0
2024-25,Andhra Pradesh,Anantapur,Narpala,Duggumarri,0,39,0,39,0,0,35,4,0,37,2,0,38,1,0,0,39,1,38,32,7,25,14,38,1,22,17,39,0
2024-25,Andhra Pradesh,Anantapur,Narpala,Bondalawada,0,39,1,40,0,0,36,4,0,40,0,1,34,5,0,0,40,0,40,29,11,22,18,38,2,23,17,40,0
2024-25,Andhra Pradesh,Anantapur,Narpala,B.Pappuru,0,18,23,39,0,2,16,25,0,38,3,0,39,2,0,0,41,2,39,31,10,25,16,41,0,27,14,41,0
2024-25,Andhra Pradesh,Anantapur,Narpala,Haveli Sodanapalle,0,44,0,43,0,1,38,5,1,42,2,0,44,0,0,0,44,0,44,36,8,33,11,44,0,43,1,44,0
2024-25,Andhra Pradesh,Anantapur,Narpala,Bandlapalle,0,37,5,42,0,0,19,23,0,41,1,0,41,1,0,0,42,0,42,31,11,29,13,42,0,31,11,42,0
2024-25,Andhra Pradesh,Anantapur,Narpala,Chamaluru,0,74,3,77,0,0,70,7,0,75,2,0,74,3,5,0,72,0,77,60,17,51,26,77,0,70,7,76,1
2024-25,Andhra Pradesh,Anantapur,Narpala,Nadimidoddi,0,44,2,45,0,1,37,5,4,45,1,0,45,1,0,0,46,0,46,38,4,33,9,42,0,28,18,42,0
2024-25,Andhra Pradesh,Anantapur,Narpala,Narpala,0,159,7,79,23,64,33,14,119,165,1,1,155,10,0,0,166,0,166,120,46,112,54,166,0,139,27,165,1
2024-25,Andhra Pradesh,Anantapur,Narpala,Siddaracherla,0,40,0,0,14,26,5,1,34,39,1,0,39,1,0,0,40,0,40,28,12,28,12,40,0,21,19,39,1
2024-25,Andhra Pradesh,Anantapur,Narpala,Gugudu,0,84,0,84,0,0,76,8,0,83,1,0,82,2,0,0,84,0,84,64,20,61,23,82,2,73,11,84,0
2024-25,Andhra Pradesh,Anantapur,Pamidi,Gulimikondla @ G.Kottala,0,19,0,11,0,8,7,0,12,18,1,0,16,3,0,0,19,0,19,16,3,15,4,19,0,13,6,19,0
2024-25,Andhra Pradesh,Anantapur,Pamidi,Akkajampalle,0,15,0,10,1,4,12,1,2,15,0,0,15,0,1,0,14,0,15,14,1,9,6,15,0,13,2,15,0
2024-25,Andhra Pradesh,Anantapur,Pamidi,Edurur,0,20,0,13,0,7,16,0,4,20,0,0,15,5,0,0,20,0,20,17,3,15,5,20,0,15,5,20,0
2024-25,Andhra Pradesh,Anantapur,Pamidi,Khadarpeta,0,33,1,28,0,6,16,1,17,32,2,0,32,2,0,0,34,0,34,27,7,22,12,34,0,21,13,34,0
2024-25,Andhra Pradesh,Anantapur,Pamidi,Appajipeta,0,21,0,14,1,6,9,0,12,20,1,0,21,0,0,0,21,0,21,19,2,17,4,21,0,15,6,19,2
2024-25,Andhra Pradesh,Anantapur,Pamidi,Ramarajupalle,0,9,3,6,0,6,11,0,1,12,0,0,11,1,0,0,12,0,12,10,2,10,2,12,0,6,6,12,0
2024-25,Andhra Pradesh,Anantapur,Pamidi,Palyam,0,39,1,27,1,12,20,0,20,38,2,0,37,3,0,0,40,0,40,34,6,34,6,40,0,27,13,40,0
2024-25,Andhra Pradesh,Anantapur,Pamidi,Anumpalle,0,39,0,20,7,12,18,3,18,39,0,0,35,4,0,0,39,0,39,36,3,30,9,39,0,24,15,38,1
2024-25,Andhra Pradesh,Anantapur,Pamidi,Vankarajukalva,0,42,3,32,1,12,26,2,17,43,2,0,42,3,0,0,45,0,45,43,2,36,9,45,0,23,22,45,0
2024-25,Andhra Pradesh,Anantapur,Pamidi,Eddulapalle,0,45,0,30,0,15,22,0,23,44,1,0,37,8,3,0,42,0,45,35,10,32,13,44,1,42,3,45,0
2024-25,Andhra Pradesh,Anantapur,Pamidi,Kandlapalle,0,28,4,24,0,8,30,0,2,30,2,0,30,2,0,0,32,0,32,25,7,24,8,32,0,22,10,32,0
2024-25,Andhra Pradesh,Anantapur,Pamidi,Devarapalle,0,40,0,26,5,9,33,1,6,37,3,1,33,6,0,0,40,0,40,34,6,27,13,40,0,31,9,39,1
2024-25,Andhra Pradesh,Anantapur,Pamidi,Katrimala,0,16,3,14,1,4,9,0,10,19,0,0,18,1,0,0,19,0,19,9,10,18,1,19,0,14,5,19,0
2024-25,Andhra Pradesh,Anantapur,Pamidi,Gajarampalle,0,50,0,5,0,45,27,3,20,45,5,0,43,7,0,0,50,0,50,41,9,34,16,50,0,25,25,50,0
2024-25,Andhra Pradesh,Anantapur,Pamidi,Ramagiri,0,38,2,9,1,30,29,0,11,39,1,0,37,3,0,0,40,0,40,34,6,30,10,40,0,28,12,40,0
2024-25,Andhra Pradesh,Anantapur,Pamidi,Kalapuram,0,19,0,13,0,6,11,0,8,19,0,0,19,0,0,0,19,0,19,18,1,15,4,19,0,16,3,19,0
2024-25,Andhra Pradesh,Anantapur,Pamidi,Sorakayalapeta,0,6,2,5,0,3,6,0,2,8,0,0,6,2,0,0,8,0,8,6,2,5,3,8,0,6,2,8,0
2024-25,Andhra Pradesh,Anantapur,Pamidi,Pamidi,0,35,5,29,2,9,34,0,6,39,1,1,35,4,0,0,40,0,40,34,6,27,13,39,1,30,10,38,2
2024-25,Andhra Pradesh,Anantapur,Peddapappur,Devanuppalapadu,0,40,1,19,1,21,21,0,20,39,2,0,40,1,0,0,41,0,41,35,6,24,17,41,0,39,2,41,0
2024-25,Andhra Pradesh,Anantapur,Peddapappur,Garladinne,0,12,4,12,3,1,16,0,0,15,1,0,16,0,0,0,16,1,15,14,2,13,3,16,0,13,3,16,0
2024-25,Andhra Pradesh,Anantapur,Peddapappur,Pasalur,0,19,8,18,2,7,22,1,4,25,2,0,25,2,0,0,27,3,24,24,3,19,8,27,0,21,6,27,0
2024-25,Andhra Pradesh,Anantapur,Peddapappur,Pendekallu,0,31,0,21,0,10,25,0,6,30,1,0,29,2,0,0,31,0,31,27,4,23,8,31,0,26,5,31,0
2024-25,Andhra Pradesh,Anantapur,Peddapappur,Chinnayakkaluru,0,37,4,36,1,4,28,1,12,41,0,0,37,4,0,0,41,10,31,36,5,30,11,40,1,34,7,41,0
2024-25,Andhra Pradesh,Anantapur,Peddapappur,Peddapappur,0,43,0,15,0,28,26,3,14,43,0,0,43,0,0,0,43,6,37,38,5,29,14,42,1,36,7,42,1
2024-25,Andhra Pradesh,Anantapur,Peddapappur,Kummetha,0,9,0,8,0,1,9,0,0,9,0,0,9,0,0,0,9,0,9,8,1,6,3,9,0,7,2,9,0
2024-25,Andhra Pradesh,Anantapur,Peddapappur,Amalladinne,0,39,2,23,2,16,27,2,12,40,1,0,40,1,0,0,41,8,33,36,5,32,9,41,0,35,6,41,0
2024-25,Andhra Pradesh,Anantapur,Peddapappur,Dharmapuram,0,36,4,33,1,6,31,0,9,37,3,0,39,1,0,0,40,0,40,35,5,30,10,40,0,34,6,40,0
2024-25,Andhra Pradesh,Anantapur,Peddapappur,Jutur,0,39,2,23,1,17,39,2,0,40,1,0,40,1,0,0,41,5,36,37,4,32,9,40,1,34,7,40,1
2024-25,Andhra Pradesh,Anantapur,Peddapappur,Chagallu,0,40,3,30,2,11,32,4,7,42,1,0,43,0,2,0,41,3,40,37,6,31,12,43,0,33,10,42,1
2024-25,Andhra Pradesh,Anantapur,Peddapappur,Muchukota,0,38,3,28,0,13,31,0,10,38,3,0,39,2,0,0,41,4,37,37,4,30,11,41,0,34,7,41,0
2024-25,Andhra Pradesh,Anantapur,Peddapappur,Tabjula,0,40,2,27,4,11,38,1,3,40,2,0,40,2,0,0,42,2,40,37,5,30,12,42,0,36,6,41,1
2024-25,Andhra Pradesh,Anantapur,Peddapappur,Peddayakkaluru,0,39,0,25,0,14,25,1,13,39,0,0,38,1,1,0,38,15,24,35,4,29,10,38,1,34,5,38,1
2024-25,Andhra Pradesh,Anantapur,Peddapappur,Narasapuram,0,40,0,26,0,14,21,0,19,39,1,0,38,2,0,0,40,0,40,35,5,30,10,40,0,34,6,39,1
2024-25,Andhra Pradesh,Anantapur,Peddavadugur,Virupapuram,0,45,8,41,2,10,45,5,3,53,0,0,45,8,0,0,53,0,53,48,5,40,13,53,0,42,11,53,0
2024-25,Andhra Pradesh,Anantapur,Peddavadugur,Muppalagutti,0,49,1,33,2,15,30,0,20,49,1,0,44,6,0,0,50,0,50,44,6,37,13,50,0,44,6,50,0
2024-25,Andhra Pradesh,Anantapur,Peddavadugur,Medimakulapalle,0,44,4,39,0,9,32,0,16,46,2,0,43,5,0,0,48,0,48,46,2,40,8,48,0,41,7,48,0
2024-25,Andhra Pradesh,Anantapur,Peddavadugur,Dimmagudi,0,50,3,33,0,20,47,0,6,51,2,0,43,10,0,0,53,0,53,48,5,45,8,53,0,44,9,53,0
2024-25,Andhra Pradesh,Anantapur,Peddavadugur,Chitrachedu,0,40,12,36,1,15,35,0,17,51,1,0,43,9,0,0,52,0,52,46,6,40,12,52,0,41,11,52,0
2024-25,Andhra Pradesh,Anantapur,Peddavadugur,Gooty Ananta Puram,0,35,1,15,1,20,26,2,8,32,4,0,32,4,0,0,36,0,36,30,6,32,4,36,0,31,5,36,0
2024-25,Andhra Pradesh,Anantapur,Peddavadugur,Chitturu,0,44,8,35,1,16,37,2,13,51,1,1,42,9,0,0,52,0,52,45,7,43,9,52,0,44,8,52,0
2024-25,Andhra Pradesh,Anantapur,Peddavadugur,Chinnavadugur,0,45,7,36,0,16,38,1,13,52,0,0,41,11,0,0,52,4,48,42,10,39,13,52,0,41,11,50,2
2024-25,Andhra Pradesh,Anantapur,Peddavadugur,Ravuludiki,0,47,1,34,0,14,35,0,13,46,2,0,40,8,0,0,48,0,48,43,5,37,11,47,1,39,9,48,0
2024-25,Andhra Pradesh,Anantapur,Peddavadugur,Peddavadugur,0,38,13,51,0,0,50,0,1,50,1,0,43,8,0,0,51,0,51,47,4,42,9,51,0,44,7,51,0
2024-25,Andhra Pradesh,Anantapur,Peddavadugur,Konapuram,0,4,0,1,0,3,2,0,2,4,0,0,4,0,0,0,4,0,4,4,0,4,0,4,0,4,0,4,0
2024-25,Andhra Pradesh,Anantapur,Peddavadugur,Kristipadu,0,44,8,48,0,4,43,0,9,52,0,0,43,9,0,0,52,0,52,47,5,42,10,52,0,41,11,52,0
2024-25,Andhra Pradesh,Anantapur,Peddavadugur,Mallenipalle,0,49,3,44,2,6,37,2,13,52,0,0,43,9,0,0,52,0,52,39,13,36,16,50,2,39,13,51,1
2024-25,Andhra Pradesh,Anantapur,Peddavadugur,Miduthuru,0,13,4,15,0,2,8,0,9,15,2,0,14,3,0,0,17,0,17,13,4,12,5,17,0,14,3,17,0
2024-25,Andhra Pradesh,Anantapur,Putlur,Chinnamallepalle,0,43,0,37,0,6,43,0,0,41,2,0,43,0,0,0,43,0,43,38,5,31,12,43,0,37,6,43,0
2024-25,Andhra Pradesh,Anantapur,Putlur,Chintalapalle,0,1,1,1,0,1,2,0,0,2,0,0,1,1,0,0,2,0,2,2,0,2,0,2,0,2,0,2,0
2024-25,Andhra Pradesh,Anantapur,Putlur,Kummanamala,0,39,0,23,9,7,33,1,5,38,1,0,38,1,0,0,39,0,39,34,5,28,11,38,1,30,9,39,0
2024-25,Andhra Pradesh,Anantapur,Putlur,Madugupalle,0,45,0,42,1,2,43,2,0,40,5,0,45,0,0,0,45,0,45,39,6,33,12,45,0,37,8,45,0
2024-25,Andhra Pradesh,Anantapur,Putlur,Ellutla,0,44,0,19,6,19,44,0,0,38,6,0,44,0,0,0,44,0,44,38,6,32,12,44,0,38,6,44,0
2024-25,Andhra Pradesh,Anantapur,Putlur,Arakativemula,0,43,0,39,0,4,42,1,0,39,4,0,42,1,0,0,43,0,43,37,6,30,13,43,0,33,10,43,0
2024-25,Andhra Pradesh,Anantapur,Putlur,Sanagalaguduru,0,109,4,103,3,7,108,5,0,111,2,1,108,4,3,0,110,0,113,99,14,78,35,113,0,89,24,111,2
2024-25,Andhra Pradesh,Anantapur,Putlur,Kadavakallu,0,37,2,36,1,2,37,2,0,37,2,0,33,6,1,0,38,0,39,37,2,28,11,39,0,33,6,38,1
2024-25,Andhra Pradesh,Anantapur,Putlur,Chalavemula,0,42,2,37,0,7,42,2,0,43,1,0,43,1,0,0,44,0,44,40,4,33,11,44,0,35,9,43,1
2024-25,Andhra Pradesh,Anantapur,Putlur,Chintakunta,0,33,0,31,0,2,27,1,5,31,2,0,31,2,0,0,33,0,33,31,2,24,9,33,0,28,5,33,0
2024-25,Andhra Pradesh,Anantapur,Putlur,Kandikapula,0,26,2,28,0,0,28,0,0,27,1,0,26,2,0,0,28,0,28,25,3,21,7,28,0,22,6,28,0
2024-25,Andhra Pradesh,Anantapur,Putlur,Putlur,0,43,1,38,0,6,44,0,0,44,0,0,43,1,0,0,44,0,44,38,6,33,11,43,1,36,8,44,0
2024-25,Andhra Pradesh,Anantapur,Putlur,Gandlapadu,0,18,0,16,0,2,17,1,0,17,1,0,18,0,0,0,18,0,18,16,2,15,3,18,0,15,3,18,0
2024-25,Andhra Pradesh,Anantapur,Raptadu,Bukkacherla,0,42,0,32,2,8,24,0,18,42,0,0,40,2,0,0,42,0,42,33,9,31,11,42,0,34,8,41,1
2024-25,Andhra Pradesh,Anantapur,Raptadu,Bandameedapalle,0,39,0,31,1,7,15,0,24,39,0,0,37,2,0,0,39,0,39,19,20,29,10,39,0,32,7,39,0
2024-25,Andhra Pradesh,Anantapur,Raptadu,Yerragunta,0,14,0,13,0,1,13,0,1,14,0,0,12,2,0,0,14,0,14,12,2,12,2,14,0,10,4,14,0
2024-25,Andhra Pradesh,Anantapur,Raptadu,Gandlaparthi,0,40,0,26,0,14,29,0,11,39,1,0,40,0,0,0,40,0,40,34,6,28,12,39,1,33,7,39,1
2024-25,Andhra Pradesh,Anantapur,Raptadu,Palacherla,0,39,0,33,1,5,21,0,18,35,4,0,39,0,0,0,39,0,39,31,8,28,11,39,0,33,6,37,2
2024-25,Andhra Pradesh,Anantapur,Raptadu,Gangulakunta,0,2,0,1,0,1,0,0,2,2,0,0,2,0,0,0,2,0,2,2,0,2,0,2,0,2,0,2,0
2024-25,Andhra Pradesh,Anantapur,Raptadu,Raptadu (Part),0,117,0,95,1,21,76,1,40,114,3,0,113,4,0,0,117,0,117,102,15,84,33,117,0,103,14,116,1
2024-25,Andhra Pradesh,Anantapur,Raptadu,Hampapuram,0,40,0,25,3,12,26,0,14,39,1,2,34,4,0,0,40,0,40,36,4,31,9,40,0,29,11,40,0
2024-25,Andhra Pradesh,Anantapur,Raptadu,Maroor,0,124,0,100,0,24,68,1,55,121,3,0,118,6,0,0,124,0,124,103,21,94,30,123,1,102,22,119,5
2024-25,Andhra Pradesh,Anantapur,Raptadu,Gondireddipalle,0,38,0,34,0,4,29,0,9,38,0,0,33,5,0,0,38,0,38,30,8,29,9,38,0,31,7,38,0
2024-25,Andhra Pradesh,Anantapur,Raptadu,Bommaparthy,0,40,0,35,0,5,7,2,31,40,0,0,37,3,0,0,40,0,40,32,8,30,10,40,0,29,11,39,1
2024-25,Andhra Pradesh,Anantapur,Rayadurg,Chadam,0,39,1,26,1,13,13,0,27,38,2,2,32,6,0,0,40,0,40,30,10,29,11,37,3,29,11,39,1
2024-25,Andhra Pradesh,Anantapur,Rayadurg,Bondankal,0,39,2,32,2,7,18,0,23,39,2,0,34,7,0,0,41,0,41,22,19,30,11,40,1,24,17,34,7
2024-25,Andhra Pradesh,Anantapur,Rayadurg,Mallapuram,0,93,13,74,1,31,37,0,69,104,2,1,91,14,0,0,106,0,106,34,72,92,14,106,0,96,10,99,7
2024-25,Andhra Pradesh,Anantapur,Rayadurg,Veparalla,0,41,1,30,0,12,16,4,22,42,0,0,39,3,0,0,42,0,42,38,4,19,23,40,2,31,11,40,2
2024-25,Andhra Pradesh,Anantapur,Rayadurg,Avuladatla,0,38,3,30,0,11,17,1,23,39,2,0,36,5,1,0,40,0,41,28,13,29,12,40,1,41,0,37,4
2024-25,Andhra Pradesh,Anantapur,Rayadurg,Baginayakana Halli,0,39,2,36,0,5,12,0,29,39,2,0,41,0,0,0,41,0,41,30,11,20,21,37,4,37,4,41,0
2024-25,Andhra Pradesh,Anantapur,Rayadurg,Vadrahonnur,0,41,0,28,2,11,13,0,28,40,1,1,39,1,0,0,41,0,41,32,9,27,14,37,4,36,5,41,0
2024-25,Andhra Pradesh,Anantapur,Rayadurg,D.Kondapuram,0,37,2,28,0,11,26,1,12,37,2,0,35,4,0,0,39,0,39,27,12,16,23,38,1,37,2,37,2
2024-25,Andhra Pradesh,Anantapur,Rayadurg,Gramadatla,0,19,3,14,1,7,6,0,16,21,1,0,17,5,0,0,22,0,22,0,22,10,12,22,0,20,2,22,0
2024-25,Andhra Pradesh,Anantapur,Rayadurg,Udegolam,0,43,0,35,2,6,13,0,30,42,1,2,35,6,0,0,43,0,43,32,11,32,11,42,1,32,11,42,1
2024-25,Andhra Pradesh,Anantapur,Rayadurg,Nagireddipalle,0,41,1,29,0,13,16,4,22,42,0,0,40,2,0,0,42,0,42,36,6,34,8,41,1,38,4,40,2
2024-25,Andhra Pradesh,Anantapur,Rayadurg,Junjurampalle,0,40,1,35,0,6,19,0,22,38,3,0,38,3,0,0,41,0,41,34,7,19,22,40,1,36,5,41,0
2024-25,Andhra Pradesh,Anantapur,Rayadurg,Rayadurgam,0,41,2,32,2,9,21,0,22,42,1,0,41,2,0,0,43,0,43,30,13,28,15,42,1,23,20,43,0
2024-25,Andhra Pradesh,Anantapur,Rayadurg,Mechiri,0,37,1,29,0,9,21,1,16,38,0,0,35,3,0,0,38,0,38,33,5,17,21,37,1,26,12,38,0
2024-25,Andhra Pradesh,Anantapur,Settur,Chintarlapalle,0,46,0,38,0,8,26,1,19,46,0,0,39,7,0,0,46,0,46,40,6,33,13,46,0,40,6,46,0
2024-25,Andhra Pradesh,Anantapur,Settur,Khairevu,0,78,4,57,3,22,46,6,30,78,4,0,74,8,0,0,82,0,82,65,17,56,26,81,1,68,14,81,1
2024-25,Andhra Pradesh,Anantapur,Settur,Lakshmanpalle,0,39,1,24,0,16,25,3,10,39,1,0,33,7,0,0,40,0,40,35,5,28,12,39,1,34,6,39,1
2024-25,Andhra Pradesh,Anantapur,Settur,Adivigollapalle,0,0,1,1,0,0,1,0,0,1,0,0,1,0,0,0,1,0,1,1,0,1,0,1,0,0,1,1,0
2024-25,Andhra Pradesh,Anantapur,Settur,Settur,0,30,0,22,2,6,15,1,14,30,0,0,25,5,0,0,30,0,30,24,6,20,10,30,0,23,7,28,2
2024-25,Andhra Pradesh,Anantapur,Settur,Bachchupalle,0,29,0,22,0,7,17,5,7,29,0,0,22,7,0,0,29,0,29,26,3,23,6,28,1,23,6,29,0
2024-25,Andhra Pradesh,Anantapur,Settur,Mulakaledu,0,161,12,131,3,39,107,11,55,166,7,0,148,25,0,0,173,0,173,149,24,117,56,171,2,145,28,171,2
2024-25,Andhra Pradesh,Anantapur,Settur,Ayyagarlapalle,0,38,3,31,4,6,18,3,20,40,1,0,35,6,0,0,41,0,41,37,4,28,13,41,0,36,5,40,1
2024-25,Andhra Pradesh,Anantapur,Settur,Kamthanahalli,0,15,0,9,0,6,3,2,10,15,0,0,10,5,0,0,15,0,15,14,1,12,3,15,0,12,3,15,0
2024-25,Andhra Pradesh,Anantapur,Settur,Yatakal,0,75,4,60,2,17,51,2,24,77,2,1,62,16,0,0,79,0,79,69,10,58,21,78,1,73,6,79,0
2024-25,Andhra Pradesh,Anantapur,Singanamala,Rachepalle,0,27,1,25,2,1,2,2,24,26,2,0,23,5,1,0,27,0,28,26,2,11,17,28,0,19,9,28,0
2024-25,Andhra Pradesh,Anantapur,Singanamala,Singanamala,0,36,8,39,0,5,14,7,23,43,1,0,35,9,0,0,44,0,44,32,12,44,0,44,0,27,17,37,7
2024-25,Andhra Pradesh,Anantapur,Singanamala,Matlagondi,0,3,0,3,0,0,0,0,3,3,0,0,3,0,0,0,3,0,3,3,0,1,2,3,0,2,1,3,0
2024-25,Andhra Pradesh,Anantapur,Singanamala,Sodanapalle,2,30,1,27,0,6,11,0,22,29,4,0,33,0,0,0,33,0,33,30,3,14,19,33,0,21,12,32,1
2024-25,Andhra Pradesh,Anantapur,Singanamala,Ullikallu,0,35,11,41,0,5,13,0,33,44,2,0,30,16,0,0,46,0,46,37,9,46,0,46,0,24,22,46,0
2024-25,Andhra Pradesh,Anantapur,Singanamala,Akuledu,0,32,0,30,0,2,10,0,22,29,3,0,32,0,0,0,32,0,32,28,4,31,1,32,0,17,15,32,0
2024-25,Andhra Pradesh,Anantapur,Singanamala,Chakrayapeta,0,47,2,40,2,6,15,0,34,48,1,0,44,5,0,0,49,0,49,45,4,49,0,49,0,34,15,49,0
2024-25,Andhra Pradesh,Anantapur,Singanamala,Korivipalle,0,16,0,11,3,2,1,0,15,15,1,0,13,3,0,0,16,0,16,9,7,7,9,15,1,12,4,15,1
2024-25,Andhra Pradesh,Anantapur,Singanamala,Anandaraopeta,0,22,0,19,2,1,1,1,20,21,1,0,21,1,0,0,22,1,21,20,2,6,16,22,0,10,12,22,0
2024-25,Andhra Pradesh,Anantapur,Singanamala,Peravali,0,42,0,32,1,9,12,0,30,42,0,0,40,2,0,0,42,2,40,36,6,29,13,42,0,16,26,42,0
2024-25,Andhra Pradesh,Anantapur,Singanamala,Kallumadi,0,29,1,28,0,2,25,0,4,29,1,0,30,0,26,0,4,22,8,21,9,9,21,30,0,15,15,27,3
2024-25,Andhra Pradesh,Anantapur,Singanamala,Tarimela,0,34,7,35,1,5,35,0,6,39,2,1,33,7,3,0,38,6,35,23,18,41,0,41,0,28,13,37,4
2024-25,Andhra Pradesh,Anantapur,Singanamala,Narsapuram,0,29,0,18,1,10,4,1,24,27,2,0,28,1,0,0,29,0,29,28,1,29,0,29,0,17,12,29,0
2024-25,Andhra Pradesh,Anantapur,Singanamala,Cheelapalle,0,27,8,25,3,5,0,0,35,33,2,3,22,10,0,0,35,0,35,25,10,31,4,35,0,26,9,35,0
2024-25,Andhra Pradesh,Anantapur,Singanamala,Salakamcheruvu,0,49,1,35,1,14,7,1,42,50,0,0,46,4,0,0,50,1,49,49,1,21,29,50,0,26,24,50,0
2024-25,Andhra Pradesh,Anantapur,Tadipatri,Chinnapolamada,0,40,0,35,1,4,37,0,3,39,1,0,39,1,0,0,40,0,40,25,15,37,3,39,1,36,4,40,0
2024-25,Andhra Pradesh,Anantapur,Tadipatri,Peddapolamada,0,71,5,64,6,6,67,4,5,73,3,0,68,8,0,0,76,1,75,71,5,42,34,75,1,53,23,75,1
2024-25,Andhra Pradesh,Anantapur,Tadipatri,Seetharampuram,0,2,0,2,0,0,2,0,0,1,1,0,2,0,0,0,2,0,2,2,0,1,1,2,0,1,1,2,0
2024-25,Andhra Pradesh,Anantapur,Tadipatri,Sajjaladinne,0,42,1,37,2,4,43,0,0,42,1,0,41,2,1,0,42,0,43,17,26,38,5,42,1,38,5,41,0
2024-25,Andhra Pradesh,Anantapur,Tadipatri,Challavaripalle,0,40,0,30,5,5,39,0,1,39,1,0,38,1,0,0,40,0,40,24,16,26,14,40,0,29,11,40,0
2024-25,Andhra Pradesh,Anantapur,Tadipatri,Brahmanapalle,0,42,0,31,3,8,42,0,0,42,0,0,42,0,1,0,41,0,42,37,5,34,8,42,0,24,18,42,0
2024-25,Andhra Pradesh,Anantapur,Tadipatri,Velamakur,0,11,0,11,0,0,10,0,1,10,1,0,10,1,1,0,10,0,11,11,0,8,3,11,0,10,1,11,0
2024-25,Andhra Pradesh,Anantapur,Tadipatri,Igudur,0,25,12,33,0,4,37,0,0,37,0,0,22,15,0,0,37,0,37,34,3,30,7,37,0,24,13,37,0
2024-25,Andhra Pradesh,Anantapur,Tadipatri,Chukkalur,0,45,1,41,0,5,44,2,0,45,1,0,41,5,0,0,46,0,46,46,0,42,4,46,0,33,13,46,0
2024-25,Andhra Pradesh,Anantapur,Tadipatri,Diguvapalle,0,22,18,33,0,7,38,1,1,38,2,1,22,17,0,0,40,0,40,36,4,32,8,40,0,19,21,40,0
2024-25,Andhra Pradesh,Anantapur,Tadipatri,Tadpatri (R),0,117,9,115,1,10,113,1,12,121,5,1,105,20,1,0,125,0,126,88,38,85,41,126,0,105,21,126,0
2024-25,Andhra Pradesh,Anantapur,Tadipatri,Gangadevipalle,0,38,3,28,5,8,40,1,0,40,1,0,38,3,0,0,41,0,41,31,10,7,34,41,0,26,15,39,2
2024-25,Andhra Pradesh,Anantapur,Tadipatri,Venkatampalle,0,40,0,30,3,7,38,1,1,37,3,0,39,1,0,0,40,0,40,40,0,40,0,40,0,32,8,40,0
2024-25,Andhra Pradesh,Anantapur,Tadipatri,Bhogasamudram,0,43,0,39,1,3,43,0,0,42,1,1,22,20,0,0,43,0,43,35,8,23,20,43,0,26,17,43,0
2024-25,Andhra Pradesh,Anantapur,Tadipatri,Alur,0,30,0,22,0,8,25,3,2,29,1,0,26,4,1,0,29,5,25,25,5,23,7,29,1,19,11,30,0
2024-25,Andhra Pradesh,Anantapur,Tadipatri,Vanganur,0,25,0,21,0,4,21,0,4,24,1,0,24,1,0,0,25,0,25,14,11,3,22,25,0,23,2,24,1
2024-25,Andhra Pradesh,Anantapur,Tadipatri,Bondaladinne,0,19,0,14,1,4,17,1,1,19,0,0,19,0,0,0,19,0,19,17,2,15,4,19,0,13,6,19,0
2024-25,Andhra Pradesh,Anantapur,Tadipatri,Kaverisamudram,0,38,1,28,5,6,35,0,4,38,1,0,38,1,0,0,39,0,39,22,17,19,20,39,0,29,10,38,1
2024-25,Andhra Pradesh,Anantapur,Tadipatri,Uruchinthala,0,39,0,30,3,6,39,0,0,38,1,0,38,1,0,0,39,0,39,25,14,22,17,37,2,37,2,39,0
2024-25,Andhra Pradesh,Anantapur,Uravakonda,Peddakowkuntla,0,20,0,15,0,5,16,1,3,20,0,1,17,2,0,0,20,0,20,17,3,15,5,20,0,17,3,20,0
2024-25,Andhra Pradesh,Anantapur,Uravakonda,Mopidi,0,42,0,35,0,7,25,4,13,40,2,0,42,0,0,0,42,0,42,41,1,34,8,42,0,34,8,42,0
2024-25,Andhra Pradesh,Anantapur,Uravakonda,Pedda Musturu,0,37,5,33,0,9,33,1,8,40,2,0,39,3,0,0,42,0,42,38,4,31,11,42,0,33,9,42,0
2024-25,Andhra Pradesh,Anantapur,Uravakonda,Racharla,0,4,0,4,0,0,2,1,1,4,0,0,4,0,0,0,4,0,4,4,0,2,2,4,0,3,1,4,0
2024-25,Andhra Pradesh,Anantapur,Uravakonda,Pennahobilam,0,5,0,5,0,0,5,0,0,5,0,0,5,0,0,0,5,0,5,5,0,3,2,5,0,5,0,5,0
2024-25,Andhra Pradesh,Anantapur,Uravakonda,Y.Rampuram,0,13,0,10,0,3,10,1,2,13,0,0,13,0,0,0,13,0,13,11,2,10,3,13,0,8,5,13,0
2024-25,Andhra Pradesh,Anantapur,Uravakonda,Budagavi,0,29,12,30,0,11,23,3,15,40,1,0,24,17,0,0,41,1,40,33,8,29,12,39,2,32,9,38,3
2024-25,Andhra Pradesh,Anantapur,Uravakonda,Kondapuram,0,10,0,6,0,4,3,2,5,10,0,0,10,0,0,0,10,0,10,10,0,7,3,10,0,5,5,10,0
2024-25,Andhra Pradesh,Anantapur,Uravakonda,Raketla,0,40,1,34,0,7,36,2,3,40,1,0,38,3,0,0,41,0,41,36,5,30,11,41,0,33,8,41,0
2024-25,Andhra Pradesh,Anantapur,Uravakonda,Mylarampalle,0,8,0,8,0,0,6,0,2,8,0,0,8,0,0,0,8,0,8,7,1,6,2,8,0,6,2,7,1
2024-25,Andhra Pradesh,Anantapur,Uravakonda,Uravakonda (Ct),0,33,9,31,0,11,29,1,12,42,0,0,30,12,0,0,42,0,42,38,4,32,10,40,2,33,9,42,0
2024-25,Andhra Pradesh,Anantapur,Uravakonda,Indravathi,0,40,1,35,1,5,25,2,14,34,7,0,40,1,0,0,41,0,41,36,5,32,9,39,2,31,10,41,0
2024-25,Andhra Pradesh,Anantapur,Uravakonda,Nimbagal,0,33,8,34,0,7,37,0,4,37,4,0,37,4,0,0,41,0,41,35,6,32,9,41,0,32,9,41,0
2024-25,Andhra Pradesh,Anantapur,Uravakonda,Amidala,0,37,4,31,0,10,32,1,8,36,5,0,33,8,0,0,41,0,41,33,8,29,12,36,5,30,11,38,3
2024-25,Andhra Pradesh,Anantapur,Uravakonda,Vyasapuram,0,39,5,27,6,11,31,2,11,43,1,0,43,1,0,0,44,0,44,38,6,34,10,44,0,37,7,44,0
2024-25,Andhra Pradesh,Anantapur,Uravakonda,Veligonda,0,34,7,31,1,9,35,0,6,41,0,0,37,4,0,0,41,0,41,34,7,32,9,41,0,35,6,41,0
2024-25,Andhra Pradesh,Anantapur,Uravakonda,Shaiksanipalle,0,21,0,19,0,2,15,1,5,21,0,1,20,0,0,0,21,0,21,21,0,16,5,21,0,19,2,21,0
2024-25,Andhra Pradesh,Anantapur,Uravakonda,Rayampalle,0,34,9,35,0,8,34,2,7,42,1,0,36,7,0,0,43,0,43,38,5,31,12,43,0,35,8,43,0
2024-25,Andhra Pradesh,Anantapur,Uravakonda,Chinna Musturu,0,39,0,36,0,3,25,1,13,38,1,0,38,1,0,0,39,0,39,33,6,29,10,36,3,31,8,35,4
2024-25,Andhra Pradesh,Anantapur,Uravakonda,Lathavaram,0,36,3,31,3,5,36,0,3,35,4,0,37,2,0,0,39,0,39,36,3,31,8,38,1,28,11,37,2
2024-25,Andhra Pradesh,Anantapur,Uravakonda,Renimakulapalle,0,36,4,26,0,14,26,2,12,39,1,0,32,8,0,0,40,0,40,35,5,34,6,40,0,31,9,38,2
2024-25,Andhra Pradesh,Anantapur,Uravakonda,Nerimetla,0,37,4,34,0,7,21,5,15,40,1,0,33,8,0,0,41,0,41,36,5,31,10,41,0,34,7,41,0
2024-25,Andhra Pradesh,Anantapur,Vajrakarur,Chabala,0,34,8,28,0,14,29,0,13,42,0,0,28,14,0,0,42,0,42,41,1,35,7,42,0,36,6,42,0
2024-25,Andhra Pradesh,Anantapur,Vajrakarur,Chinna Hothur,0,35,6,28,0,13,30,0,11,41,0,0,31,10,0,0,41,0,41,38,3,31,10,41,0,32,9,41,0
2024-25,Andhra Pradesh,Anantapur,Vajrakarur,Pedda Chinnapyapili,0,34,4,28,1,9,23,0,15,38,0,0,31,7,0,0,38,0,38,31,7,26,12,33,5,32,6,34,4
2024-25,Andhra Pradesh,Anantapur,Vajrakarur,Ragulapadu,0,39,2,22,3,16,28,2,11,41,0,0,34,7,0,0,41,0,41,32,9,26,15,37,4,27,14,35,6
2024-25,Andhra Pradesh,Anantapur,Vajrakarur,Gade Hothur,0,33,9,29,0,13,28,0,14,41,1,0,31,11,0,0,42,0,42,39,3,34,8,42,0,32,10,40,2
2024-25,Andhra Pradesh,Anantapur,Vajrakarur,Patha Kadamalakunta,0,4,0,4,0,0,2,0,2,4,0,0,4,0,0,0,4,0,4,4,0,3,1,4,0,4,0,4,0
2024-25,Andhra Pradesh,Anantapur,Vajrakarur,Ganjikunta,0,36,4,29,0,11,32,0,8,38,2,0,32,8,0,0,40,0,40,28,12,25,15,38,2,31,9,37,3
2024-25,Andhra Pradesh,Anantapur,Vajrakarur,Venkatampalle,0,40,0,29,1,10,19,0,21,40,0,0,35,5,0,0,40,0,40,32,8,30,10,40,0,31,9,40,0
2024-25,Andhra Pradesh,Anantapur,Vajrakarur,Konakondla,0,34,7,27,0,14,26,1,14,37,4,0,30,11,0,0,41,0,41,34,7,30,11,38,3,28,13,37,4
2024-25,Andhra Pradesh,Anantapur,Vajrakarur,Vajrakarur,0,37,4,36,0,5,24,0,17,38,3,0,34,7,0,0,41,0,41,34,7,27,14,38,3,33,8,41,0
2024-25,Andhra Pradesh,Anantapur,Vajrakarur,Gulapalem,0,38,2,26,0,14,33,0,7,37,3,0,32,8,0,0,40,0,40,35,5,27,13,38,2,26,14,37,3
2024-25,Andhra Pradesh,Anantapur,Vidapanakal,Donekal,0,42,3,32,0,13,32,0,13,39,6,0,41,4,0,0,45,0,45,39,6,33,12,43,2,41,4,43,2
2024-25,Andhra Pradesh,Anantapur,Vidapanakal,Cheekalaguriki,0,44,2,34,0,12,35,6,5,44,2,0,45,1,0,0,46,0,46,41,5,38,8,44,2,40,6,43,3
2024-25,Andhra Pradesh,Anantapur,Vidapanakal,Hanchanahal,0,44,2,30,2,14,36,2,8,46,0,0,43,3,0,0,46,0,46,37,9,32,14,43,3,39,7,42,4
2024-25,Andhra Pradesh,Anantapur,Vidapanakal,Poliki,0,32,9,38,0,3,26,3,12,41,0,0,32,9,0,0,41,0,41,38,3,31,10,41,0,35,6,41,0
2024-25,Andhra Pradesh,Anantapur,Vidapanakal,Vidapanakal,0,82,11,78,0,15,71,9,13,93,0,1,81,11,0,0,93,0,93,84,9,82,11,92,1,77,16,88,5
2024-25,Andhra Pradesh,Anantapur,Vidapanakal,Palthur,0,124,14,113,4,21,115,0,23,138,0,0,117,21,0,0,138,0,138,111,27,108,30,130,8,116,22,132,6
2024-25,Andhra Pradesh,Anantapur,Vidapanakal,Undabanda,0,37,8,36,0,9,37,0,8,45,0,0,38,7,0,0,45,0,45,34,11,38,7,42,3,41,4,45,0
2024-25,Andhra Pradesh,Anantapur,Vidapanakal,Karakamukkala,0,43,3,33,3,10,32,0,14,46,0,0,43,3,0,0,46,0,46,38,8,34,12,44,2,40,6,43,3
2024-25,Andhra Pradesh,Anantapur,Vidapanakal,Havaligi,0,43,1,32,2,10,38,0,6,44,0,0,43,1,0,0,44,0,44,39,5,33,11,44,0,40,4,44,0
2024-25,Andhra Pradesh,Anantapur,Vidapanakal,Gadekal,0,54,2,38,0,18,53,0,3,54,2,0,52,4,1,0,55,0,56,47,9,44,12,52,4,48,8,54,2
2024-25,Andhra Pradesh,Anantapur,Vidapanakal,Velpumadugu,0,82,11,70,0,23,75,5,13,93,0,0,82,11,0,0,93,0,93,79,14,80,13,88,5,83,10,88,5
2024-25,Andhra Pradesh,Anantapur,Vidapanakal,Malapuram,0,39,7,32,3,11,33,2,11,46,0,0,38,8,0,0,46,0,46,40,6,40,6,44,2,41,5,43,3
2024-25,Andhra Pradesh,Anantapur,Vidapanakal,Kadadarabenchi,0,1,0,0,0,1,0,0,1,1,0,0,1,0,0,0,1,0,1,1,0,1,0,1,0,1,0,1,0
2024-25,Andhra Pradesh,Anantapur,Yadiki,Vemulapadu,0,39,0,31,0,8,27,0,12,39,0,0,39,0,0,0,39,0,39,33,6,21,18,37,2,24,15,34,5
2024-25,Andhra Pradesh,Anantapur,Yadiki,Yadiki,0,43,8,33,6,12,41,3,7,49,2,3,32,16,0,0,51,0,51,39,12,35,16,47,4,38,13,46,5
2024-25,Andhra Pradesh,Anantapur,Yadiki,Konuppalapadu,0,25,1,17,3,6,17,2,7,25,1,0,22,4,0,0,26,0,26,17,9,19,7,19,7,21,5,25,1
2024-25,Andhra Pradesh,Anantapur,Yadiki,Kundanakota,0,39,1,32,0,8,20,3,17,39,1,0,37,3,0,0,40,0,40,32,8,26,14,31,9,30,10,39,1
2024-25,Andhra Pradesh,Anantapur,Yadiki,Obulapuram,0,11,4,10,4,1,11,1,3,14,1,3,10,2,0,0,15,0,15,11,4,9,6,12,3,8,7,13,2
2024-25,Andhra Pradesh,Anantapur,Yadiki,Tutrallapalle,0,37,3,38,0,2,31,0,9,38,2,2,29,9,0,0,40,0,40,35,5,20,20,35,5,22,18,39,1
2024-25,Andhra Pradesh,Anantapur,Yadiki,Puppala,0,38,2,31,4,5,36,0,4,39,1,1,36,3,0,0,40,0,40,37,3,25,15,29,11,21,19,38,2
2024-25,Andhra Pradesh,Anantapur,Yadiki,Rayalacheruvu,0,40,0,33,0,7,34,0,6,39,1,0,39,1,0,0,40,0,40,35,5,22,18,33,7,23,17,39,1
2024-25,Andhra Pradesh,Anantapur,Yadiki,Kamalapadu,0,36,3,34,1,4,34,4,1,38,1,3,22,14,0,1,38,0,39,30,9,23,16,29,10,24,15,37,2
2024-25,Andhra Pradesh,Anantapur,Yadiki,Nittoor,0,36,3,37,0,2,35,0,4,37,2,0,31,8,0,0,39,0,39,35,4,18,21,33,6,25,14,35,4
2024-25,Andhra Pradesh,Anantapur,Yadiki,Nagarur,0,36,4,31,0,9,31,0,9,40,0,6,28,6,0,0,40,1,39,35,5,24,16,36,4,27,13,35,5
2024-25,Andhra Pradesh,Anantapur,Yadiki,Chandana,0,41,0,38,0,3,36,0,5,40,1,0,38,3,0,0,41,0,41,36,5,28,13,37,4,32,9,38,3
2024-25,Andhra Pradesh,Anantapur,Yellanur,Chilamakuru,0,11,0,7,4,0,3,0,8,10,1,0,11,0,0,0,11,0,11,8,3,7,4,11,0,10,1,11,0
2024-25,Andhra Pradesh,Anantapur,Yellanur,Bukkapuram,0,29,13,28,2,12,23,2,17,41,1,0,42,0,0,0,42,0,42,35,7,30,12,42,0,35,7,42,0
2024-25,Andhra Pradesh,Anantapur,Yellanur,Singavaram,0,41,0,33,0,8,13,1,27,40,1,0,39,2,0,0,41,0,41,38,3,30,11,40,1,32,9,41,0
2024-25,Andhra Pradesh,Anantapur,Yellanur,Mallagundla,0,47,3,49,1,0,32,3,15,48,2,0,49,1,0,0,50,0,50,42,8,35,15,50,0,38,12,49,1
2024-25,Andhra Pradesh,Anantapur,Yellanur,Goddumarri,0,50,1,44,5,2,38,1,12,50,1,0,48,3,0,0,51,0,51,44,7,35,16,50,1,35,16,51,0
2024-25,Andhra Pradesh,Anantapur,Yellanur,Kodumurthy,0,18,2,20,0,0,11,1,8,20,0,3,17,0,0,0,20,0,20,18,2,11,9,20,0,16,4,19,1
2024-25,Andhra Pradesh,Anantapur,Yellanur,Kacharlakunta,0,3,0,2,0,1,0,0,3,3,0,0,2,1,0,0,3,0,3,3,0,3,0,3,0,3,0,3,0
2024-25,Andhra Pradesh,Anantapur,Yellanur,Pathapalle,0,44,2,43,3,0,29,2,15,45,1,0,46,0,0,0,46,0,46,39,7,32,14,46,0,38,8,46,0
2024-25,Andhra Pradesh,Anantapur,Yellanur,Vemulapalle,0,33,2,25,3,7,26,2,7,35,0,0,35,0,0,0,35,0,35,28,7,26,9,35,0,27,8,35,0
2024-25,Andhra Pradesh,Anantapur,Yellanur,Thirumalapuram,0,29,1,25,2,3,5,1,24,29,1,0,30,0,0,0,30,0,30,24,6,20,10,30,0,26,4,29,1
2024-25,Andhra Pradesh,Anantapur,Yellanur,Yellanur,0,46,2,39,2,7,39,4,5,46,2,0,47,1,0,0,48,0,48,43,5,32,16,48,0,41,7,47,1
2024-25,Andhra Pradesh,Anantapur,Yellanur,Peddamallepalle,0,14,1,14,1,0,10,0,5,15,0,0,15,0,0,0,15,0,15,13,2,10,5,15,0,13,2,14,1
2024-25,Andhra Pradesh,Anantapur,Yellanur,Kalluru,0,31,3,24,0,10,23,3,8,33,1,4,23,7,0,0,34,0,34,30,4,23,11,34,0,25,9,33,1
2024-25,Andhra Pradesh,Anantapur,Yellanur,Medukurthy,0,16,0,11,0,5,11,0,5,15,1,0,16,0,0,0,16,0,16,12,4,10,6,16,0,12,4,16,0
2024-25,Andhra Pradesh,Anantapur,Yellanur,Vennapurapalle,0,45,2,41,1,5,34,13,0,46,1,1,43,3,0,0,47,0,47,36,11,31,16,47,0,38,9,46,1
2024-25,Andhra Pradesh,Anantapur,Yellanur,Boppepalle,0,39,2,31,2,8,18,0,23,41,0,0,38,3,0,0,41,0,41,34,7,28,13,41,0,20,21,39,2
2024-25,Andhra Pradesh,Anantapur,Yellanur,Y.Chintakayamanda,0,46,0,36,2,8,29,8,9,45,1,0,46,0,0,0,46,0,46,40,6,32,14,46,0,37,9,46,0
2024-25,Andhra Pradesh,Annamayya,Nimmanapalle,Mastur,0,92,0,56,8,28,20,1,71,71,21,0,73,18,0,0,92,0,92,54,38,57,35,87,5,57,35,87,5
2024-25,Andhra Pradesh,Annamayya,Nimmanapalle,Chowkillavaripalle,0,13,0,7,1,5,2,2,9,9,4,0,9,4,0,0,13,0,13,12,1,9,4,13,0,8,5,13,0
2024-25,Andhra Pradesh,Annamayya,Nimmanapalle,Machireddigaripalle,0,10,1,5,2,4,6,0,5,8,3,0,9,2,0,0,11,0,11,6,5,6,5,11,0,5,6,11,0
2024-25,Andhra Pradesh,Annamayya,Nimmanapalle,Nimmanapalle,0,92,0,52,9,31,27,4,61,67,25,0,73,19,1,0,90,0,91,47,45,56,36,90,2,68,24,92,0
2024-25,Andhra Pradesh,Annamayya,Nimmanapalle,Thavalam,1,26,3,17,3,10,9,2,19,24,6,0,27,3,0,0,30,0,30,13,17,23,7,30,0,12,18,30,0
2024-25,Andhra Pradesh,Annamayya,Nimmanapalle,Reddivaripalle,0,60,4,39,9,16,11,1,52,44,20,0,49,15,0,1,62,0,63,37,27,51,13,62,2,33,31,60,4
2024-25,Andhra Pradesh,Annamayya,Nimmanapalle,Bandlapai,0,41,4,28,5,12,29,0,16,31,14,0,41,4,0,0,45,0,45,33,12,32,13,45,0,21,24,45,0
2024-25,Andhra Pradesh,Annamayya,Nimmanapalle,Agraharam,0,84,0,52,11,21,39,1,45,67,18,0,73,10,0,0,83,0,83,37,48,40,45,82,3,44,41,84,1
2024-25,Andhra Pradesh,Annamayya,Nimmanapalle,Vengamvaripalle,0,42,2,25,6,13,4,3,37,32,12,0,36,8,2,0,42,0,44,42,3,32,13,45,0,30,14,45,0
2024-25,Andhra Pradesh,Annamayya,Nimmanapalle,Rachavetivaripalle,0,32,2,17,5,12,11,1,22,27,7,0,29,4,0,0,34,0,33,18,16,18,16,32,2,25,9,31,3
2024-25,Andhra Pradesh,Annamayya,B.Kothakota,Gollapalle,0,41,1,15,12,15,9,1,32,32,10,27,13,2,0,0,42,0,42,8,34,35,7,42,0,18,24,36,6
2024-25,Andhra Pradesh,Annamayya,B.Kothakota,Bayyappagaripalle,0,38,1,19,6,15,7,2,31,30,10,15,20,3,0,0,38,0,38,30,10,25,15,40,0,16,24,31,9
2024-25,Andhra Pradesh,Annamayya,B.Kothakota,Gummasamudram,0,39,4,13,10,20,12,1,30,28,14,0,39,4,1,0,42,3,40,23,20,31,12,43,0,25,18,43,0
2024-25,Andhra Pradesh,Annamayya,B.Kothakota,Badikayalapalle,1,81,4,36,17,33,11,5,70,58,28,7,70,7,2,0,84,5,81,43,43,66,20,82,4,43,43,79,7
2024-25,Andhra Pradesh,Annamayya,B.Kothakota,Kotavooru,0,41,1,16,12,14,6,6,30,30,12,28,12,2,0,0,42,1,41,12,30,30,12,39,3,23,19,37,4
2024-25,Andhra Pradesh,Annamayya,B.Kothakota,Thummanamgutta,1,38,2,19,9,13,5,7,30,28,14,29,10,2,0,0,39,0,40,32,10,36,6,41,1,19,23,29,13
2024-25,Andhra Pradesh,Annamayya,B.Kothakota,Gattu,0,58,0,25,14,19,5,7,46,41,17,8,35,15,0,0,55,1,56,16,42,52,6,55,3,28,30,48,10
2024-25,Andhra Pradesh,Annamayya,B.Kothakota,Beerangi,0,40,1,17,11,13,1,0,40,25,16,6,27,6,0,0,41,0,41,25,16,27,14,41,0,20,21,31,10
2024-25,Andhra Pradesh,Annamayya,B.Kothakota,B.Kothakota,0,116,2,28,40,50,30,3,85,84,34,5,103,9,3,0,115,9,109,70,48,79,39,112,6,77,41,115,3
2024-25,Andhra Pradesh,Annamayya,Chinnamandem,Bonamala,0,39,0,12,12,15,18,0,21,31,8,0,33,6,3,0,35,1,38,15,24,34,5,38,1,24,15,37,2
2024-25,Andhra Pradesh,Annamayya,Chinnamandem,Chinnamandem,0,104,3,43,24,40,46,2,59,83,24,13,80,14,7,0,99,9,97,63,44,77,27,107,0,50,57,105,2
2024-25,Andhra Pradesh,Annamayya,Chinnamandem,Mallur,0,82,3,43,14,28,42,0,43,62,23,17,53,15,17,0,68,8,77,54,31,64,20,84,1,57,28,77,8
2024-25,Andhra Pradesh,Annamayya,Chinnamandem,T.Sakibanda,0,46,0,19,12,15,13,0,33,38,8,5,38,3,1,0,44,4,42,31,15,27,19,46,0,30,16,46,0
2024-25,Andhra Pradesh,Annamayya,Chinnamandem,Paramatikona,0,40,1,27,3,11,35,0,6,34,7,10,25,6,0,0,41,9,32,27,14,36,5,39,2,22,19,41,0
2024-25,Andhra Pradesh,Annamayya,Chinnamandem,Kalibanda,0,25,1,9,4,13,13,0,13,19,7,3,19,4,0,0,26,1,25,21,5,13,13,23,3,14,12,26,0
2024-25,Andhra Pradesh,Annamayya,Chinnamandem,Diguvagottiveedu,1,44,1,14,14,18,25,0,21,35,11,6,37,3,3,0,43,0,46,33,13,45,1,46,0,23,23,46,0
2024-25,Andhra Pradesh,Annamayya,Chinnamandem,Devagudipalle,0,43,2,15,15,15,12,1,32,34,11,2,38,5,4,0,41,4,41,37,8,36,9,44,1,29,16,41,4
2024-25,Andhra Pradesh,Annamayya,Chinnamandem,Vandadi,0,44,1,25,8,12,24,0,21,40,5,5,34,6,11,0,34,4,41,29,16,39,6,44,1,24,21,44,1
2024-25,Andhra Pradesh,Annamayya,Chitvel,Bhakrapuram,0,16,0,9,4,3,13,1,2,15,1,0,15,1,0,0,16,0,16,7,9,13,3,16,0,8,7,16,0
2024-25,Andhra Pradesh,Annamayya,Chitvel,Cherlopalle,0,40,1,15,10,16,21,1,19,33,8,4,15,22,1,0,40,0,41,38,3,8,33,41,0,17,21,41,0
2024-25,Andhra Pradesh,Annamayya,Chitvel,K.S.Agraharam,0,28,1,8,9,13,17,1,12,28,3,1,25,3,2,0,25,1,27,22,11,23,9,33,0,19,13,33,0
2024-25,Andhra Pradesh,Annamayya,Chitvel,Maharajapuram @Siddareddipalle,0,29,1,12,7,11,17,0,13,19,11,1,16,13,0,0,30,0,30,16,14,16,14,30,0,17,13,30,0
2024-25,Andhra Pradesh,Annamayya,Chitvel,Kampasamudram,0,11,4,3,5,7,6,1,8,10,5,0,12,3,0,0,15,0,15,7,8,3,12,13,2,11,4,15,0
2024-25,Andhra Pradesh,Annamayya,Chitvel,Malemarpuram,0,101,8,44,31,35,63,3,44,79,31,1,84,24,1,0,106,0,109,71,39,64,46,107,3,59,49,106,4
2024-25,Andhra Pradesh,Annamayya,Chitvel,Chintala Chelika,0,2,0,2,0,0,1,0,1,2,0,0,1,1,0,0,2,0,2,2,0,0,2,2,0,0,2,2,0
2024-25,Andhra Pradesh,Annamayya,Chitvel,Chitvel,0,98,1,47,18,35,49,8,43,85,15,8,69,22,0,0,95,0,97,77,24,24,77,100,1,52,47,98,3
2024-25,Andhra Pradesh,Annamayya,Chitvel,Rajukunta,0,7,0,1,0,6,4,0,3,5,2,0,4,3,0,0,7,0,7,7,0,2,5,7,0,2,3,7,0
2024-25,Andhra Pradesh,Annamayya,Chitvel,Nagiripadu,0,11,3,5,4,5,8,0,6,12,2,0,10,4,0,0,14,0,14,8,6,10,4,11,3,11,3,14,0
2024-25,Andhra Pradesh,Annamayya,Chitvel,Mylapalle,0,44,1,19,11,17,30,0,17,33,14,1,39,4,1,0,40,0,44,17,31,29,19,47,1,23,24,47,1
2024-25,Andhra Pradesh,Annamayya,Chitvel,Nagavaram,0,71,0,31,15,25,42,2,28,65,8,4,52,14,2,0,64,0,69,41,32,23,50,73,0,39,30,54,19
2024-25,Andhra Pradesh,Annamayya,Chitvel,K.V.R.R. Puram,0,14,1,2,5,8,10,1,4,8,7,0,10,5,0,0,15,0,15,8,7,8,7,13,2,7,8,12,3
2024-25,Andhra Pradesh,Annamayya,Chitvel,Nethivaripalle,0,15,1,7,4,5,11,3,2,12,4,1,12,3,0,0,16,0,16,10,6,1,15,16,0,14,2,7,9
2024-25,Andhra Pradesh,Annamayya,Galiveedu,Pyarampalle,0,18,0,9,4,5,6,0,12,12,6,0,17,1,0,0,18,0,18,12,6,6,12,17,1,10,8,18,0
2024-25,Andhra Pradesh,Annamayya,Galiveedu,Pulikunta,0,43,0,10,16,17,14,1,28,36,7,2,39,2,0,0,43,0,43,30,13,17,26,40,3,26,17,39,4
2024-25,Andhra Pradesh,Annamayya,Galiveedu,Eguvagottiveedu,0,38,0,23,3,12,6,4,28,25,13,0,35,3,0,0,38,0,38,33,5,2,36,36,2,21,17,38,0
2024-25,Andhra Pradesh,Annamayya,Galiveedu,Araveedu,0,54,0,33,7,14,13,5,36,26,28,1,48,5,0,0,54,0,54,37,17,31,23,54,0,26,28,54,0
2024-25,Andhra Pradesh,Annamayya,Galiveedu,Galiveedu,0,150,3,95,16,42,27,12,114,105,48,1,144,8,0,0,153,0,153,118,35,51,102,150,3,70,83,146,7
2024-25,Andhra Pradesh,Annamayya,Galiveedu,Veligallu,0,32,0,20,6,6,9,0,23,22,10,0,31,1,0,0,32,0,32,28,4,5,27,32,0,15,17,32,0
2024-25,Andhra Pradesh,Annamayya,Galiveedu,Gopanapalle,0,25,0,14,4,7,0,2,23,16,9,0,24,1,0,0,25,0,25,24,1,6,19,25,0,13,12,20,5
2024-25,Andhra Pradesh,Annamayya,Galiveedu,Gundlacheruvu,0,37,0,16,11,10,12,0,25,23,14,0,36,1,0,0,37,0,37,29,8,8,29,37,0,20,17,36,1
2024-25,Andhra Pradesh,Annamayya,Galiveedu,Garugupalle,0,37,2,19,5,15,9,3,27,28,11,1,37,1,0,0,39,0,39,28,11,6,33,38,1,21,18,39,0
2024-25,Andhra Pradesh,Annamayya,Galiveedu,Thumukunta,1,39,0,15,13,11,11,4,25,27,13,1,37,2,0,0,39,1,39,33,7,9,31,39,1,19,21,36,4
2024-25,Andhra Pradesh,Annamayya,Galiveedu,Pandikunta,0,36,0,21,6,9,12,0,24,25,11,0,33,3,0,0,36,0,36,23,13,14,22,36,0,21,15,32,4
2024-25,Andhra Pradesh,Annamayya,Galiveedu,Nooliveedu,0,78,0,33,21,24,8,1,69,58,20,1,70,7,0,0,78,0,78,42,36,42,36,74,4,45,33,65,13
2024-25,Andhra Pradesh,Annamayya,Galiveedu,Korlakunta,0,45,2,14,16,17,13,2,32,28,19,2,40,5,0,0,47,0,47,38,9,8,39,44,3,15,32,44,3
2024-25,Andhra Pradesh,Annamayya,Galiveedu,Talamudipi,0,1,0,1,0,0,0,0,1,0,1,0,1,0,0,0,1,0,1,1,0,0,1,1,0,1,0,1,0
2024-25,Andhra Pradesh,Annamayya,Gurramkonda,Tharigondarajupalle,0,17,0,9,2,6,3,0,14,15,2,0,17,0,0,0,17,0,17,13,4,1,16,15,2,15,2,16,1
2024-25,Andhra Pradesh,Annamayya,Gurramkonda,Ramapuram,0,24,0,16,3,5,8,0,16,14,10,0,21,3,1,1,22,0,24,20,4,8,16,24,0,20,4,24,0
2024-25,Andhra Pradesh,Annamayya,Gurramkonda,Tharigonda,0,35,3,24,6,8,9,3,26,27,11,0,37,1,2,0,36,0,38,36,2,26,12,36,2,29,9,37,1
2024-25,Andhra Pradesh,Annamayya,Gurramkonda,Setlivaripalle,0,23,2,13,5,7,12,0,13,22,3,0,21,4,1,0,24,0,25,23,2,19,6,24,1,18,7,25,0
2024-25,Andhra Pradesh,Annamayya,Gurramkonda,Arigalavaripalle,1,17,0,9,2,7,5,0,13,15,3,0,17,1,0,0,18,0,18,13,5,8,10,18,0,13,5,18,0
2024-25,Andhra Pradesh,Annamayya,Gurramkonda,Gurramkonda,0,45,2,22,9,16,20,1,26,32,15,0,46,1,1,0,46,0,47,31,16,30,17,35,12,25,22,47,0
2024-25,Andhra Pradesh,Annamayya,Gurramkonda,Chittiboyanapalle,0,18,0,8,2,8,6,0,12,12,6,0,18,0,0,0,18,2,16,12,6,13,5,17,1,5,13,18,0
2024-25,Andhra Pradesh,Annamayya,Gurramkonda,Sarimadugu,0,24,1,19,2,4,24,0,1,22,3,0,23,2,0,0,25,0,25,17,8,16,9,17,8,18,7,25,0
2024-25,Andhra Pradesh,Annamayya,Gurramkonda,Cherlopalle,0,30,1,19,4,8,17,0,14,21,10,0,29,2,3,0,28,0,31,25,6,28,3,30,1,23,8,31,0
2024-25,Andhra Pradesh,Annamayya,Gurramkonda,Pasalavandla Palle,0,61,0,37,8,16,29,0,32,52,9,0,54,7,4,0,57,0,61,46,15,45,16,59,2,46,15,59,2
2024-25,Andhra Pradesh,Annamayya,Gurramkonda,Marripadu,0,46,3,29,6,14,16,0,33,34,15,0,49,0,3,1,45,0,49,32,17,17,32,48,1,34,15,47,2
2024-25,Andhra Pradesh,Annamayya,Gurramkonda,Amilepalle,0,13,2,8,3,4,4,0,11,11,4,0,13,2,4,0,11,0,15,14,1,5,10,15,0,6,9,15,0
2024-25,Andhra Pradesh,Annamayya,Gurramkonda,Marrimakulapalle,0,17,1,10,1,7,5,0,13,12,6,0,18,0,3,0,15,0,18,11,7,6,12,13,4,10,8,18,0
2024-25,Andhra Pradesh,Annamayya,Gurramkonda,Sangasamudram,0,40,1,25,6,10,19,3,20,36,6,1,38,2,2,1,37,1,40,34,8,6,36,41,1,31,11,41,1
2024-25,Andhra Pradesh,Annamayya,Gurramkonda,Nadimikhandriga,0,31,4,22,5,8,25,0,10,29,6,2,31,2,1,0,34,0,35,18,17,27,8,26,9,25,10,35,0
2024-25,Andhra Pradesh,Annamayya,Gurramkonda,Yellutla,0,36,1,23,4,10,18,0,19,29,8,0,35,2,1,0,36,0,37,33,4,12,25,35,2,26,11,36,1
2024-25,Andhra Pradesh,Annamayya,Kalakada,Kalakadakothapalle,0,28,1,16,7,6,15,0,14,22,7,0,25,4,0,0,29,0,27,20,9,21,8,29,0,15,14,29,0
2024-25,Andhra Pradesh,Annamayya,Kalakada,Pothavaripalle,0,12,1,7,2,4,9,0,4,8,5,0,12,1,0,0,13,0,13,1,12,6,7,12,1,7,6,11,2
2024-25,Andhra Pradesh,Annamayya,Kalakada,Ratiguntapalle,0,12,1,10,2,1,3,1,9,7,6,0,8,5,1,0,12,0,13,6,7,11,2,11,2,8,5,13,0
2024-25,Andhra Pradesh,Annamayya,Kalakada,Devalapalle,0,37,0,26,5,6,16,0,21,23,14,2,32,3,0,0,37,0,37,15,22,19,18,35,2,16,21,36,1
2024-25,Andhra Pradesh,Annamayya,Kalakada,Kalakadadoddi Palle,0,13,1,11,1,2,6,0,8,6,8,0,14,0,0,0,14,0,14,3,11,3,11,14,0,5,9,12,2
2024-25,Andhra Pradesh,Annamayya,Kalakada,Nawabpet,0,20,0,16,2,2,9,0,11,12,8,2,18,0,0,0,20,0,20,17,3,11,9,19,1,7,13,20,0
2024-25,Andhra Pradesh,Annamayya,Kalakada,Yerrakotapalle,0,41,2,29,4,10,23,0,20,37,6,3,36,4,0,0,43,0,43,33,10,38,5,43,0,22,21,43,0
2024-25,Andhra Pradesh,Annamayya,Kalakada,Mudiamvaripalle,0,24,0,14,3,7,12,0,12,12,12,0,19,5,0,0,24,0,24,15,9,18,6,22,3,8,16,23,2
2024-25,Andhra Pradesh,Annamayya,Kalakada,Enugondapalem,0,41,2,27,7,9,21,0,22,31,12,2,39,2,0,0,42,0,42,24,19,22,21,41,2,23,20,37,6
2024-25,Andhra Pradesh,Annamayya,Kalakada,Nadimicherla,0,18,0,16,1,1,13,0,5,12,6,0,17,1,0,0,18,0,18,6,12,8,10,18,0,8,10,15,3
2024-25,Andhra Pradesh,Annamayya,Kalakada,Madinenipalem,0,14,1,11,3,1,8,1,6,8,7,2,13,0,0,0,15,0,15,1,14,4,11,14,1,10,5,15,0
2024-25,Andhra Pradesh,Annamayya,Kalakada,Kadirayacheruvu,0,48,3,35,5,11,21,0,30,31,20,1,46,4,0,0,51,0,51,26,25,32,19,48,3,20,31,50,1
2024-25,Andhra Pradesh,Annamayya,Kalakada,Gudibanda,1,40,2,34,3,6,27,0,16,32,11,2,39,2,0,0,43,0,43,18,26,21,23,40,4,18,25,41,3
2024-25,Andhra Pradesh,Annamayya,Kalakada,Kona,2,41,3,32,7,7,26,0,20,30,16,2,40,4,0,0,46,0,46,12,34,37,9,45,1,24,22,40,6
2024-25,Andhra Pradesh,Annamayya,Kalakada,Kalakada,0,88,3,62,9,20,60,0,31,69,22,4,78,9,1,1,89,0,91,61,30,52,39,82,9,51,40,91,0
2024-25,Andhra Pradesh,Annamayya,Kalakada,Gangapuram,0,28,2,17,6,7,22,0,8,23,7,0,26,4,0,0,30,0,30,25,5,21,9,30,0,15,15,30,0
2024-25,Andhra Pradesh,Annamayya,Kalikiri,Korlakunta,0,11,0,5,1,5,9,0,2,10,1,0,10,1,2,0,9,0,11,4,7,6,5,8,3,5,6,10,1
2024-25,Andhra Pradesh,Annamayya,Kalikiri,Marrikuntapalle,0,41,2,26,6,11,4,3,36,32,11,0,39,4,0,0,43,0,43,35,8,32,11,43,0,25,18,42,1
2024-25,Andhra Pradesh,Annamayya,Kalikiri,Guttapalem,0,46,2,21,11,16,11,2,35,32,16,0,43,5,1,0,47,0,48,31,17,42,6,46,2,24,24,47,1
2024-25,Andhra Pradesh,Annamayya,Kalikiri,Pathegada,0,35,1,16,7,13,1,2,33,25,11,0,33,3,0,1,35,0,36,28,8,29,6,34,2,14,22,35,1
2024-25,Andhra Pradesh,Annamayya,Kalikiri,Kalikirireddivari Palle,0,46,2,24,7,17,8,1,39,36,12,2,43,3,2,0,46,0,48,37,11,40,7,47,1,24,24,48,0
2024-25,Andhra Pradesh,Annamayya,Kalikiri,T.Sandrapalle,1,13,1,9,1,5,10,0,5,11,4,1,12,2,3,0,12,0,15,9,6,7,8,13,2,5,10,15,0
2024-25,Andhra Pradesh,Annamayya,Kalikiri,Kalikiri,0,42,1,24,6,13,9,3,31,31,12,0,40,3,1,0,42,0,43,33,10,33,10,42,1,27,16,43,0
2024-25,Andhra Pradesh,Annamayya,Kalikiri,Cheekatipalle,0,21,1,10,5,7,1,1,20,20,2,1,20,1,0,0,22,0,22,16,6,18,4,22,0,12,10,22,0
2024-25,Andhra Pradesh,Annamayya,Kalikiri,Parapatla,0,20,1,7,6,8,9,0,12,12,9,1,18,2,0,0,21,2,19,10,11,16,5,19,2,6,15,21,0
2024-25,Andhra Pradesh,Annamayya,Kalikiri,Medikurthi,0,46,0,22,8,16,4,4,38,24,22,0,44,2,5,0,41,0,46,33,13,38,8,46,0,31,15,45,1
2024-25,Andhra Pradesh,Annamayya,Kalikiri,Mahal,0,11,1,5,2,5,12,0,0,11,1,0,9,3,3,0,9,0,12,9,3,8,4,10,2,6,6,12,0
2024-25,Andhra Pradesh,Annamayya,Kalikiri,Pallavolu,0,40,2,27,7,8,8,1,33,36,6,1,39,2,0,0,42,0,42,34,8,37,4,42,0,29,13,42,0
2024-25,Andhra Pradesh,Annamayya,Kalikiri,Gundloor,0,65,0,32,13,20,13,5,47,44,21,0,61,4,0,1,64,1,64,51,14,56,9,65,0,31,34,65,0
2024-25,Andhra Pradesh,Annamayya,Kalikiri,Munellapalle,0,25,0,12,5,8,0,4,21,17,8,1,23,1,0,0,25,0,25,17,8,23,2,25,0,20,5,23,2
2024-25,Andhra Pradesh,Annamayya,Kambhamvaripalle,Kasireddipalle,0,3,0,2,0,1,0,1,2,2,1,0,3,0,0,0,3,0,3,3,0,3,0,3,0,2,1,3,0
2024-25,Andhra Pradesh,Annamayya,Kambhamvaripalle,Mahalrajupalle,0,1,0,0,1,0,0,0,1,1,0,0,1,0,0,0,1,0,1,0,1,1,0,1,0,1,0,1,0
2024-25,Andhra Pradesh,Annamayya,Kambhamvaripalle,Yerlampalle,0,3,0,3,0,0,0,0,4,3,1,0,3,0,0,0,3,0,3,4,0,3,1,4,0,1,3,4,0
2024-25,Andhra Pradesh,Annamayya,Kambhamvaripalle,Gyarampalle,0,39,1,25,3,12,0,4,36,31,9,2,35,3,0,0,39,0,39,40,0,37,3,40,0,16,24,39,1
2024-25,Andhra Pradesh,Annamayya,Kambhamvaripalle,Gorantlapalle,0,17,0,16,0,1,2,4,11,15,2,0,15,2,0,0,16,0,17,17,0,15,2,17,0,7,10,17,0
2024-25,Andhra Pradesh,Annamayya,Kambhamvaripalle,Kambhamvaripalle,0,86,1,52,10,25,1,9,77,74,13,1,81,5,0,0,85,1,86,80,7,75,12,87,0,38,49,84,3
2024-25,Andhra Pradesh,Annamayya,Kambhamvaripalle,Maddipatlavandlapalle,0,40,0,26,4,10,4,6,30,26,14,1,37,2,0,0,40,0,40,31,9,39,1,40,0,17,23,39,1
2024-25,Andhra Pradesh,Annamayya,Kambhamvaripalle,Noothanakalva,0,31,0,15,6,10,1,4,26,26,5,0,29,2,0,0,31,0,31,31,0,30,1,31,0,6,25,29,1
2024-25,Andhra Pradesh,Annamayya,Kambhamvaripalle,Garnimitta,0,39,0,14,8,17,1,5,33,30,9,1,35,3,0,0,39,0,39,37,2,26,13,38,1,19,20,39,0
2024-25,Andhra Pradesh,Annamayya,Kambhamvaripalle,Thuvvapalle,0,16,0,7,2,7,0,1,15,14,2,0,16,0,0,0,16,0,16,14,2,15,1,16,0,11,5,16,0
2024-25,Andhra Pradesh,Annamayya,Kambhamvaripalle,Boppasamudram,0,0,1,1,0,0,0,0,1,0,1,0,1,0,0,0,1,0,1,1,0,1,0,1,0,0,1,1,0
2024-25,Andhra Pradesh,Annamayya,Kambhamvaripalle,Vagalla,0,34,1,20,4,11,0,5,30,24,11,1,33,1,0,0,35,0,35,28,7,33,2,35,0,17,18,34,0
2024-25,Andhra Pradesh,Annamayya,Kambhamvaripalle,Sorakayalapet,0,19,1,11,2,7,2,2,16,13,7,0,18,2,0,0,20,0,20,20,0,20,0,20,0,11,9,19,0
2024-25,Andhra Pradesh,Annamayya,Kambhamvaripalle,Kethamreddipalle,0,1,0,1,0,0,0,0,1,1,0,0,1,0,0,0,1,0,1,1,1,2,0,2,0,1,0,2,0
2024-25,Andhra Pradesh,Annamayya,Kambhamvaripalle,Matampalle,1,39,0,23,4,13,1,5,34,36,4,0,36,4,0,0,40,0,40,37,3,36,4,39,1,18,22,39,0
2024-25,Andhra Pradesh,Annamayya,Kambhamvaripalle,Thimmapuram,0,39,1,22,9,9,0,7,33,34,6,1,37,2,0,0,40,0,40,39,1,22,18,40,0,21,19,40,0
2024-25,Andhra Pradesh,Annamayya,Kambhamvaripalle,Jillellamanda,0,40,1,23,9,9,1,6,34,31,10,0,39,2,0,0,41,0,41,36,6,31,11,42,0,15,26,42,0
2024-25,Andhra Pradesh,Annamayya,Kambhamvaripalle,Galivaripalle,0,22,0,13,0,9,0,0,22,20,2,0,19,3,0,0,22,0,22,20,2,16,6,22,0,13,9,21,1
2024-25,Andhra Pradesh,Annamayya,Kambhamvaripalle,Marella,0,36,1,18,7,12,8,2,28,29,10,0,36,1,1,1,35,0,37,35,4,31,8,38,1,15,24,39,0
2024-25,Andhra Pradesh,Annamayya,Kodur,Obanapalle,1,56,2,25,13,21,20,2,37,35,24,3,53,3,0,0,58,0,59,32,27,19,40,49,10,17,42,58,1
2024-25,Andhra Pradesh,Annamayya,Kodur,Vasudevapuram,0,13,0,5,2,6,8,0,5,6,7,0,13,0,0,0,13,0,13,0,13,5,8,13,0,2,11,13,0
2024-25,Andhra Pradesh,Annamayya,Kodur,Srinivasapuram,0,18,0,9,2,7,6,0,12,11,7,0,15,3,0,0,18,0,18,0,18,1,17,7,11,8,10,18,0
2024-25,Andhra Pradesh,Annamayya,Kodur,Gangarajupuram,0,15,0,6,2,7,10,0,5,9,6,0,15,0,0,0,15,0,15,0,15,4,11,15,0,3,12,15,0
2024-25,Andhra Pradesh,Annamayya,Kodur,Kodur (West),0,49,1,18,13,19,20,0,30,24,26,1,48,1,0,0,50,0,50,21,29,21,29,40,10,11,39,50,0
2024-25,Andhra Pradesh,Annamayya,Kodur,Anantharajupeta,1,192,1,62,59,73,88,3,103,101,93,8,176,9,0,0,193,0,183,60,134,57,137,145,48,51,143,193,1
2024-25,Andhra Pradesh,Annamayya,Kodur,K.Buduguntapalle,0,29,1,11,8,11,8,0,22,12,18,3,24,3,1,0,29,0,30,15,15,10,20,21,8,9,21,30,0
2024-25,Andhra Pradesh,Annamayya,Kodur,Vellelavari Khandrika,0,53,0,24,10,19,34,0,19,32,21,1,50,2,0,0,51,0,52,9,44,18,35,49,3,6,47,52,1
2024-25,Andhra Pradesh,Annamayya,Kodur,Chiyyavaram,0,53,2,18,15,22,20,0,35,28,27,2,50,3,0,1,53,0,55,19,36,26,29,54,1,15,40,54,1
2024-25,Andhra Pradesh,Annamayya,Kodur,Settigunta,0,98,1,38,26,36,48,0,52,44,56,1,95,3,1,0,98,0,99,18,82,52,48,95,5,32,68,99,1
2024-25,Andhra Pradesh,Annamayya,Kodur,Upparapalle,2,147,4,46,49,58,59,0,94,79,74,4,147,2,1,0,152,0,153,15,138,48,105,124,29,41,112,150,3
2024-25,Andhra Pradesh,Annamayya,Kodur,Kodur (East),0,121,2,47,32,44,46,1,76,69,54,6,112,5,0,0,123,1,122,37,86,41,82,117,6,31,92,122,1
2024-25,Andhra Pradesh,Annamayya,Kodur,Raghavarajupuram,0,24,0,11,6,8,16,0,9,13,12,1,23,0,0,0,24,0,24,4,22,3,23,24,2,3,23,26,0
2024-25,Andhra Pradesh,Annamayya,Kodur,Kitchamambapuram Agraharam,0,32,0,13,8,11,16,0,16,16,16,0,31,1,1,0,31,0,32,0,32,10,22,22,10,8,24,32,0
2024-25,Andhra Pradesh,Annamayya,Kurabalakota,Pitchalavandla Palle,0,40,1,18,9,14,31,0,12,35,8,0,40,1,0,0,38,0,40,7,36,7,36,39,4,16,27,28,15
2024-25,Andhra Pradesh,Annamayya,Kurabalakota,Brahmanavoddu Palle,0,12,1,6,3,4,7,0,6,9,4,0,13,0,0,0,13,0,13,1,12,2,11,13,0,3,10,12,1
2024-25,Andhra Pradesh,Annamayya,Kurabalakota,Matlivaripalle,0,27,0,20,3,4,16,0,11,22,5,1,26,0,0,0,27,0,27,4,23,2,25,27,0,8,19,17,10
2024-25,Andhra Pradesh,Annamayya,Kurabalakota,Kurabalakota,0,122,7,66,25,39,108,1,21,83,47,6,117,5,0,0,116,0,126,31,99,54,76,117,13,58,73,107,23
2024-25,Andhra Pradesh,Annamayya,Kurabalakota,Angallu,1,78,2,34,16,31,64,1,16,46,35,2,78,1,1,0,77,2,78,26,55,41,40,78,3,37,44,67,14
2024-25,Andhra Pradesh,Annamayya,Kurabalakota,Thettu,0,90,2,47,21,25,76,0,17,61,32,2,90,0,0,1,91,0,92,41,52,49,44,81,12,44,49,74,19
2024-25,Andhra Pradesh,Annamayya,Kurabalakota,Mutakanavaripalle,1,5,1,5,2,0,6,0,1,5,2,0,7,0,0,0,7,0,7,2,5,2,5,6,1,4,3,6,1
2024-25,Andhra Pradesh,Annamayya,Kurabalakota,Mudivedu,0,83,3,38,17,31,71,0,15,56,30,4,78,4,0,0,85,0,86,36,50,59,27,76,10,36,50,70,16
2024-25,Andhra Pradesh,Annamayya,Lakkireddipalle,Maddirevula,1,37,2,14,11,15,15,0,25,28,12,2,28,10,0,0,40,0,40,31,9,26,14,40,0,15,25,40,0
2024-25,Andhra Pradesh,Annamayya,Lakkireddipalle,Pandillapalle,0,47,4,18,9,24,15,0,36,35,16,1,37,13,0,0,51,0,51,47,4,27,24,51,0,11,40,51,0
2024-25,Andhra Pradesh,Annamayya,Lakkireddipalle,Dappepalle,1,40,4,23,10,12,20,2,23,27,18,0,32,13,1,0,44,0,45,41,4,25,20,45,0,10,35,44,1
2024-25,Andhra Pradesh,Annamayya,Lakkireddipalle,Lakkireddipalle,0,36,7,23,9,11,13,7,23,20,23,1,26,16,0,0,43,0,43,40,3,32,11,42,1,20,23,42,1
2024-25,Andhra Pradesh,Annamayya,Lakkireddipalle,Ananthapuram,0,55,9,17,15,32,33,3,28,43,21,0,32,32,0,0,64,0,64,40,24,28,36,64,0,31,33,64,0
2024-25,Andhra Pradesh,Annamayya,Lakkireddipalle,Kurnoothala,0,72,11,56,6,21,26,0,57,47,36,4,41,38,0,0,83,0,83,75,8,45,37,83,0,41,42,82,1
2024-25,Andhra Pradesh,Annamayya,Lakkireddipalle,Gudlavaripalle,0,14,3,4,4,9,3,0,14,14,3,0,11,6,0,0,17,0,17,11,6,12,5,17,0,5,12,17,0
2024-25,Andhra Pradesh,Annamayya,Lakkireddipalle,Dinnepadu,0,45,3,21,12,15,16,2,30,29,19,2,36,10,0,0,48,0,48,45,3,39,9,48,0,18,30,48,0
2024-25,Andhra Pradesh,Annamayya,Lakkireddipalle,Brahmana Yerragudi,0,81,9,45,11,34,23,3,64,48,42,4,63,23,0,0,90,0,90,86,4,45,45,90,0,22,68,90,0
2024-25,Andhra Pradesh,Annamayya,Madanapalle,Molakaladinne,0,3,1,0,1,3,0,1,3,3,1,0,4,0,0,0,4,0,4,3,1,3,1,4,0,2,2,4,0
2024-25,Andhra Pradesh,Annamayya,Madanapalle,Basinikonda (Part),0,19,1,9,4,7,11,0,9,13,7,0,19,1,0,0,20,0,20,20,0,18,2,16,3,9,11,20,0
2024-25,Andhra Pradesh,Annamayya,Madanapalle,Pamaiahgaripalle (Og),0,8,0,6,1,1,2,0,6,6,2,0,8,0,0,0,8,0,7,7,1,8,0,7,1,2,6,8,0
2024-25,Andhra Pradesh,Annamayya,Madanapalle,Valasapalle,0,4,0,1,1,2,3,0,1,3,1,0,2,2,0,0,4,0,4,3,1,2,2,3,1,3,1,4,0
2024-25,Andhra Pradesh,Annamayya,Madanapalle,Malepadu,4,42,3,23,10,16,34,1,14,36,13,7,36,6,0,1,48,2,47,33,16,40,9,41,7,25,24,46,3
2024-25,Andhra Pradesh,Annamayya,Madanapalle,Ankisettipalle (Og),0,43,1,25,6,13,29,1,14,40,4,1,41,2,0,0,44,0,44,37,7,38,6,37,6,26,18,42,1
2024-25,Andhra Pradesh,Annamayya,Madanapalle,Venkappakota (Og),0,31,0,15,6,10,14,4,13,24,7,0,25,6,0,0,31,0,31,22,9,24,7,22,9,13,18,29,2
2024-25,Andhra Pradesh,Annamayya,Madanapalle,Pothapalu,3,36,3,22,6,14,33,0,9,33,9,2,35,5,0,1,41,2,40,29,13,35,7,32,10,26,16,41,1
2024-25,Andhra Pradesh,Annamayya,Madanapalle,Kothavaripalle,2,79,3,47,13,24,60,3,21,64,19,7,68,9,1,2,81,3,81,67,16,61,23,62,21,34,50,81,2
2024-25,Andhra Pradesh,Annamayya,Madanapalle,Theneegalavaripalle,0,6,0,3,0,3,3,0,3,4,2,0,4,2,1,1,4,0,6,5,1,3,3,4,2,4,2,6,0
2024-25,Andhra Pradesh,Annamayya,Madanapalle,Ponnetipalem (Og) (Part),0,39,2,24,6,11,28,1,12,36,5,1,34,6,0,1,39,0,41,34,7,26,15,26,15,23,18,40,1
2024-25,Andhra Pradesh,Annamayya,Madanapalle,Kollabylu (Part),5,46,6,34,7,16,39,1,17,46,11,4,47,6,1,0,54,4,51,42,15,37,20,38,16,26,31,56,1
2024-25,Andhra Pradesh,Annamayya,Madanapalle,Penchupadu,7,28,2,22,2,13,20,1,16,34,3,9,25,3,1,0,36,5,32,30,7,31,6,28,9,15,22,34,3
2024-25,Andhra Pradesh,Annamayya,Madanapalle,Vempalle,1,116,1,65,22,31,75,1,42,94,24,1,109,8,0,0,118,0,117,90,29,96,22,96,22,56,62,115,4
2024-25,Andhra Pradesh,Annamayya,Madanapalle,Chinnathippasamudram,0,86,3,49,15,25,49,2,38,70,19,0,75,14,0,1,88,0,89,71,18,61,28,69,19,49,39,89,0
2024-25,Andhra Pradesh,Annamayya,Madanapalle,Madanapalle (R) (Part),0,82,5,40,15,33,56,1,31,68,20,1,77,9,0,1,87,1,86,62,26,51,37,66,21,41,47,85,3
2024-25,Andhra Pradesh,Annamayya,Mulakalacheruvu,Gudupalle,1,37,1,16,11,12,10,3,26,28,11,0,34,5,0,0,39,0,39,26,13,12,27,38,1,18,21,39,0
2024-25,Andhra Pradesh,Annamayya,Mulakalacheruvu,T.Sowdasamudram,0,38,1,14,10,15,5,6,28,26,13,0,35,4,0,1,36,2,35,19,20,19,20,39,0,19,20,38,1
2024-25,Andhra Pradesh,Annamayya,Mulakalacheruvu,Sompalle,0,88,0,38,21,29,15,7,66,56,32,0,82,6,1,0,87,8,80,41,47,41,47,86,2,44,44,83,4
2024-25,Andhra Pradesh,Annamayya,Mulakalacheruvu,Mulakalacheruvu,0,76,2,34,21,23,13,8,57,57,21,0,73,5,2,0,76,2,76,45,33,46,32,76,2,40,38,76,1
2024-25,Andhra Pradesh,Annamayya,Mulakalacheruvu,Maddinayanipalle,0,73,4,33,17,27,14,7,56,59,18,3,65,9,1,0,76,10,67,54,23,37,40,71,6,37,40,72,6
2024-25,Andhra Pradesh,Annamayya,Mulakalacheruvu,Vepurikota,0,39,0,23,5,11,3,3,33,30,9,1,38,0,2,0,37,6,33,21,18,15,24,37,2,17,22,38,1
2024-25,Andhra Pradesh,Annamayya,Mulakalacheruvu,Kadirinathunikota,1,33,3,21,6,10,5,2,30,28,9,1,29,7,0,0,36,0,36,16,21,22,15,35,2,14,23,36,1
2024-25,Andhra Pradesh,Annamayya,Mulakalacheruvu,Devalcheruvu,0,39,1,15,11,14,12,2,26,30,10,1,32,7,0,0,40,2,38,30,10,15,25,40,0,19,21,35,5
2024-25,Andhra Pradesh,Annamayya,Mulakalacheruvu,Peddapalem,0,39,2,21,6,14,11,2,28,31,10,0,38,3,0,0,41,5,36,13,28,22,19,40,0,20,21,40,1
2024-25,Andhra Pradesh,Annamayya,Mulakalacheruvu,Burakayalakota,0,84,1,37,20,29,23,5,58,57,29,0,72,13,3,0,80,3,81,42,44,41,45,81,5,41,45,84,2
2024-25,Andhra Pradesh,Annamayya,Mulakalacheruvu,Kalavapalle,0,31,0,15,5,11,3,4,24,16,15,0,31,0,0,0,31,0,31,23,8,13,18,31,0,15,16,29,2
2024-25,Andhra Pradesh,Annamayya,Nandalur,Nagireddipalle (Ct),0,44,0,15,11,18,16,1,28,32,13,0,41,3,10,0,33,1,43,36,9,31,14,44,0,22,23,43,2
2024-25,Andhra Pradesh,Annamayya,Nandalur,Tangutur Vengamambapuram,0,11,0,3,2,6,4,0,7,7,4,0,11,0,1,0,10,0,11,11,0,6,5,11,0,5,6,11,0
2024-25,Andhra Pradesh,Annamayya,Nandalur,Lebaka Manga Mamba Puram,1,16,0,10,5,2,6,0,11,11,6,0,12,5,2,0,15,0,17,15,2,13,4,17,0,8,9,15,2
2024-25,Andhra Pradesh,Annamayya,Nandalur,Tanguturu,0,53,1,19,17,18,13,1,40,34,20,0,40,13,10,0,43,0,53,45,9,40,14,54,0,23,31,52,2
2024-25,Andhra Pradesh,Annamayya,Nandalur,Nookinenipalle,0,22,0,11,5,6,10,0,12,11,11,1,11,10,1,0,21,0,22,21,1,18,4,22,0,13,9,22,0
2024-25,Andhra Pradesh,Annamayya,Nandalur,Kunda Nellore,0,32,1,8,12,13,14,0,19,16,17,0,29,4,4,1,28,0,33,28,5,21,12,29,4,10,23,31,2
2024-25,Andhra Pradesh,Annamayya,Nandalur,Nandalur,0,49,2,25,12,14,11,3,37,37,14,0,48,3,4,0,46,0,51,43,8,30,21,50,1,23,28,49,2
2024-25,Andhra Pradesh,Annamayya,Nandalur,Adapur,0,53,0,23,13,17,11,2,40,32,21,0,41,12,2,0,50,0,53,52,1,40,13,51,2,30,23,51,2
2024-25,Andhra Pradesh,Annamayya,Nandalur,Chintalakunta,0,9,0,5,2,2,3,0,6,6,3,0,6,3,2,0,7,1,8,9,0,8,1,9,0,6,3,9,0
2024-25,Andhra Pradesh,Annamayya,Nandalur,Nallathimmayapalle,0,18,0,10,4,4,8,0,10,13,5,0,17,1,5,0,13,0,18,16,2,14,4,18,0,11,7,17,1
2024-25,Andhra Pradesh,Annamayya,Nandalur,Patur,0,55,0,22,16,17,7,3,45,34,21,0,51,2,0,0,52,0,53,48,7,38,17,53,2,33,21,53,2
2024-25,Andhra Pradesh,Annamayya,Nandalur,Yellamarajupalle,0,20,0,6,6,8,7,1,12,13,7,1,17,2,0,0,20,0,20,19,1,18,2,20,0,11,9,20,0
2024-25,Andhra Pradesh,Annamayya,Nandalur,Lebaka,1,88,2,26,29,36,21,4,66,52,39,1,79,11,7,0,84,1,90,85,6,54,37,91,0,47,44,89,2
2024-25,Andhra Pradesh,Annamayya,Obulavaripalle,Yerraguntakota,0,88,4,45,24,23,60,8,24,67,25,4,67,21,9,0,83,0,92,15,77,37,55,86,6,58,34,83,9
2024-25,Andhra Pradesh,Annamayya,Obulavaripalle,Rallacheruvupalle,0,16,1,9,6,2,14,0,3,10,7,2,10,5,0,0,17,0,17,3,14,8,9,15,2,13,4,14,3
2024-25,Andhra Pradesh,Annamayya,Obulavaripalle,Gadela,0,42,2,24,8,12,31,1,12,35,9,3,26,15,4,1,39,0,44,25,19,35,9,39,5,26,18,43,1
2024-25,Andhra Pradesh,Annamayya,Obulavaripalle,Botimeedapalle,0,38,2,24,7,9,26,2,12,26,14,1,28,11,3,0,37,0,40,9,31,13,27,32,8,28,12,38,2
2024-25,Andhra Pradesh,Annamayya,Obulavaripalle,Mukkavaripalle,0,39,3,18,9,15,32,1,9,32,10,1,29,12,1,0,41,0,42,19,23,33,9,42,0,21,21,42,0
2024-25,Andhra Pradesh,Annamayya,Obulavaripalle,Gobburuvaripalle,0,24,2,13,8,5,21,0,5,21,5,1,19,6,0,0,26,0,26,4,22,10,16,25,1,16,10,25,1
2024-25,Andhra Pradesh,Annamayya,Obulavaripalle,Bommavaram,0,35,3,28,5,5,30,0,8,24,14,4,23,11,2,0,36,0,38,6,32,9,29,32,6,26,12,33,5
2024-25,Andhra Pradesh,Annamayya,Obulavaripalle,Govindampalle,0,42,1,19,9,15,34,0,9,39,4,1,35,6,2,0,40,0,42,14,29,23,20,40,4,21,22,42,2
2024-25,Andhra Pradesh,Annamayya,Obulavaripalle,Venkatesapuram,0,1,0,0,1,0,1,0,0,0,1,0,0,1,0,0,1,0,1,0,1,0,1,1,0,1,0,1,0
2024-25,Andhra Pradesh,Annamayya,Obulavaripalle,Pedda Rampadu,0,83,6,47,20,22,67,3,19,62,27,6,57,26,1,0,88,0,89,31,58,42,47,76,13,56,33,82,7
2024-25,Andhra Pradesh,Annamayya,Obulavaripalle,Chinna Orampadu,0,80,4,33,25,26,58,3,23,70,14,2,59,23,1,0,83,0,84,37,47,45,39,80,4,36,48,79,5
2024-25,Andhra Pradesh,Annamayya,Obulavaripalle,Korlakunta,0,74,9,43,20,20,65,2,16,58,25,1,51,31,1,1,81,0,83,31,52,30,53,74,9,50,33,77,5
2024-25,Andhra Pradesh,Annamayya,Peddamandyam,Musalikunta,0,42,0,24,4,14,15,1,26,33,9,1,30,11,1,0,40,1,41,31,11,30,12,39,3,28,14,42,0
2024-25,Andhra Pradesh,Annamayya,Peddamandyam,Papepalle,0,43,0,24,5,14,6,1,36,37,6,1,33,9,0,0,43,0,43,38,5,33,10,41,1,31,12,43,0
2024-25,Andhra Pradesh,Annamayya,Peddamandyam,Sivapuram,0,14,2,11,0,5,2,0,14,8,8,0,14,2,0,0,16,0,16,8,8,13,3,15,1,9,7,16,0
2024-25,Andhra Pradesh,Annamayya,Peddamandyam,Kalicherla,1,114,1,70,14,32,30,4,82,96,20,4,92,20,3,0,113,0,116,101,15,95,20,109,7,73,43,114,2
2024-25,Andhra Pradesh,Annamayya,Peddamandyam,Bandrevu,0,38,1,21,7,11,9,0,30,32,7,1,32,6,1,0,38,0,39,37,2,32,7,37,2,28,11,38,1
2024-25,Andhra Pradesh,Annamayya,Peddamandyam,Peddamandyam,0,91,1,53,10,29,24,4,64,84,8,1,68,23,1,0,91,0,92,81,11,72,19,81,11,59,33,89,3
2024-25,Andhra Pradesh,Annamayya,Peddamandyam,Siddavaram,0,33,1,19,4,11,10,0,24,28,6,0,29,5,0,0,34,0,34,25,9,27,7,34,0,21,13,33,1
2024-25,Andhra Pradesh,Annamayya,Peddamandyam,Veligallu,0,75,3,46,6,26,26,5,47,66,12,1,60,17,4,0,74,0,78,65,13,61,17,68,10,52,26,78,0
2024-25,Andhra Pradesh,Annamayya,Peddathippasamudram,Pattamvandlapalle,0,77,4,37,19,25,30,2,49,68,13,1,68,12,2,0,79,0,81,64,17,55,26,67,12,37,44,75,6
2024-25,Andhra Pradesh,Annamayya,Peddathippasamudram,Rangasamudram,4,73,3,40,15,25,52,1,27,66,14,2,71,7,0,0,80,1,79,61,19,57,23,54,26,40,40,76,4
2024-25,Andhra Pradesh,Annamayya,Peddathippasamudram,Thummarakunta,0,77,2,52,7,20,23,5,51,63,16,2,69,8,2,2,75,0,79,62,17,50,29,68,11,35,44,75,4
2024-25,Andhra Pradesh,Annamayya,Peddathippasamudram,T.Sadum,3,30,3,18,6,12,26,3,7,32,4,4,21,9,3,0,32,0,35,20,16,24,12,32,4,23,13,32,4
2024-25,Andhra Pradesh,Annamayya,Peddathippasamudram,Boorlapalle,0,36,4,21,5,14,10,0,30,32,8,0,38,2,0,0,40,0,40,29,11,21,19,39,1,25,15,36,4
2024-25,Andhra Pradesh,Annamayya,Peddathippasamudram,Peddathippasamudram,2,73,7,37,13,32,34,0,48,72,10,2,67,13,6,0,76,0,82,63,19,47,35,75,7,52,30,79,3
2024-25,Andhra Pradesh,Annamayya,Peddathippasamudram,Madunuru,0,36,0,13,9,14,20,0,16,29,7,0,33,3,0,0,36,0,36,19,17,28,8,36,0,19,17,36,0
2024-25,Andhra Pradesh,Annamayya,Peddathippasamudram,Mallela,0,38,2,27,4,9,23,1,16,34,6,1,36,3,0,0,40,0,40,32,8,23,17,37,3,25,15,40,0
2024-25,Andhra Pradesh,Annamayya,Peddathippasamudram,Kandukuru,1,36,3,20,5,15,26,0,14,31,9,1,36,3,0,0,40,0,40,31,9,30,10,33,7,19,21,40,0
2024-25,Andhra Pradesh,Annamayya,Peddathippasamudram,Katnagallu,2,17,3,13,2,7,12,0,10,16,6,2,18,2,1,0,21,0,22,16,6,19,3,17,4,16,6,21,1
2024-25,Andhra Pradesh,Annamayya,Peddathippasamudram,Pulikallu,0,12,10,17,3,2,16,0,6,20,2,3,15,4,1,0,21,1,21,11,11,19,3,20,2,15,7,22,0
2024-25,Andhra Pradesh,Annamayya,Peddathippasamudram,Sampathikota,0,11,0,5,2,4,4,1,6,9,2,0,11,0,0,0,11,0,11,9,2,9,2,7,4,8,3,11,0
2024-25,Andhra Pradesh,Annamayya,Peddathippasamudram,Maddaiahgaripalle,0,4,0,2,0,2,1,0,3,3,1,0,4,0,0,0,4,0,4,4,0,2,2,4,0,1,3,4,0
2024-25,Andhra Pradesh,Annamayya,Peddathippasamudram,Buchipalle,0,26,3,21,4,4,18,1,10,21,8,1,26,2,0,0,29,0,29,19,10,21,8,24,5,14,15,27,2
2024-25,Andhra Pradesh,Annamayya,Penagalur,Singareddipalle,0,40,0,15,11,14,4,2,34,24,16,8,31,1,0,0,40,0,40,39,1,32,8,35,5,11,29,40,0
2024-25,Andhra Pradesh,Annamayya,Penagalur,Thirumalarajupeta,0,20,1,6,7,8,4,2,15,10,11,5,15,1,0,0,21,0,21,21,0,19,2,21,0,8,13,21,0
2024-25,Andhra Pradesh,Annamayya,Penagalur,Komantharajupuram,0,14,0,5,2,7,5,0,9,10,4,2,11,1,0,0,14,0,14,14,0,12,2,14,0,6,8,13,1
2024-25,Andhra Pradesh,Annamayya,Penagalur,Narayana Nellore,0,25,0,6,9,10,5,3,17,19,6,4,21,0,1,0,24,0,25,23,2,14,11,24,1,11,14,20,5
2024-25,Andhra Pradesh,Annamayya,Penagalur,Nallapureddipalle,0,40,0,18,8,14,4,3,33,27,13,11,27,2,0,0,40,0,40,38,2,29,11,39,1,18,22,37,3
2024-25,Andhra Pradesh,Annamayya,Penagalur,Itimarpuram,0,79,1,18,28,34,16,3,61,57,23,22,57,1,2,0,78,0,80,77,3,57,23,77,3,32,48,74,6
2024-25,Andhra Pradesh,Annamayya,Penagalur,Thirunampalle,0,9,0,6,2,1,4,1,4,5,4,1,7,1,1,0,8,0,9,9,0,4,5,9,0,4,5,8,1
2024-25,Andhra Pradesh,Annamayya,Penagalur,Siddavaram,0,19,0,5,6,8,1,1,17,11,8,7,11,1,0,0,19,0,19,18,1,14,5,19,0,8,11,18,1
2024-25,Andhra Pradesh,Annamayya,Penagalur,Velagacherla,0,31,0,9,9,13,5,1,25,22,9,7,20,4,3,0,28,0,31,31,0,26,5,30,1,13,18,29,2
2024-25,Andhra Pradesh,Annamayya,Penagalur,Jattivaripalle,0,1,0,1,0,0,0,0,1,0,1,0,1,0,0,0,1,0,1,1,0,1,0,1,0,0,1,1,0
2024-25,Andhra Pradesh,Annamayya,Penagalur,Pondalur,2,115,0,38,32,47,16,10,91,80,37,29,78,10,6,0,111,0,117,113,5,94,23,112,6,45,72,116,2
2024-25,Andhra Pradesh,Annamayya,Penagalur,Sirivaram,0,12,0,4,3,5,5,0,7,11,1,2,7,3,0,0,12,0,12,11,1,10,2,12,0,4,8,12,0
2024-25,Andhra Pradesh,Annamayya,Penagalur,Narasingarajupuram,0,25,0,10,5,10,8,2,15,16,9,9,15,1,3,0,22,0,25,25,0,20,5,24,1,11,14,24,1
2024-25,Andhra Pradesh,Annamayya,Penagalur,Singanamala,0,12,1,4,4,5,3,1,9,7,6,6,5,2,0,0,13,0,13,13,0,9,4,13,0,3,10,12,1
2024-25,Andhra Pradesh,Annamayya,Penagalur,Indlur,0,22,0,8,5,9,4,1,17,14,8,6,16,0,2,0,20,0,22,22,0,13,9,22,0,12,10,21,1
2024-25,Andhra Pradesh,Annamayya,Penagalur,Penagalur,0,36,0,15,5,16,5,3,28,22,14,8,24,4,0,0,34,0,36,36,0,30,6,36,0,19,17,36,0
2024-25,Andhra Pradesh,Annamayya,Penagalur,Yelagacherla Mangamambapuram,0,5,0,0,5,0,2,1,2,3,2,2,3,0,0,0,5,0,5,5,0,4,1,5,0,2,3,3,2
2024-25,Andhra Pradesh,Annamayya,Penagalur,Damancherla,0,4,0,0,1,3,0,0,4,2,2,2,2,0,0,0,4,0,4,4,0,3,1,4,0,2,2,4,0
2024-25,Andhra Pradesh,Annamayya,Penagalur,Obili,0,26,0,4,12,10,7,0,19,18,8,12,13,1,0,0,26,0,26,25,2,12,14,27,0,17,9,23,4
2024-25,Andhra Pradesh,Annamayya,Penagalur,Kondur,0,20,0,9,5,6,1,0,19,17,3,3,15,2,0,0,20,0,20,19,1,15,5,20,0,10,10,20,0
2024-25,Andhra Pradesh,Annamayya,Piler,Jandla,0,12,0,5,2,5,2,2,8,8,4,0,11,1,0,0,12,0,12,0,13,11,2,12,1,7,5,13,0
2024-25,Andhra Pradesh,Annamayya,Piler,Agraharam,0,23,0,12,5,8,4,3,19,16,10,0,21,1,0,0,18,0,20,10,18,20,7,25,3,14,13,27,1
2024-25,Andhra Pradesh,Annamayya,Piler,Bodumalluvaripalle,0,39,0,9,13,17,15,1,23,25,14,0,37,2,0,0,38,0,39,8,32,15,25,38,2,28,11,39,1
2024-25,Andhra Pradesh,Annamayya,Piler,Vepulabylu,0,38,0,8,15,17,10,3,28,26,15,1,32,2,2,0,26,0,30,15,27,36,7,38,5,17,24,42,1
2024-25,Andhra Pradesh,Annamayya,Piler,Pileru (Ct),0,30,0,6,8,16,10,0,20,21,9,1,24,5,0,0,30,0,30,7,24,20,11,30,1,15,16,27,4
2024-25,Andhra Pradesh,Annamayya,Piler,Mudupulavemula,0,8,1,1,4,5,1,3,7,6,5,0,9,0,1,0,7,0,8,4,8,11,1,8,4,6,6,12,0
2024-25,Andhra Pradesh,Annamayya,Piler,Maddelacheruvu,0,3,0,1,0,2,1,0,2,3,0,0,2,1,0,0,3,0,3,2,1,1,2,3,0,1,2,2,1
2024-25,Andhra Pradesh,Annamayya,Piler,Gudarevupalle,0,14,0,3,5,6,1,2,14,14,4,0,12,2,0,0,12,0,13,10,23,21,8,31,5,12,9,36,0
2024-25,Andhra Pradesh,Annamayya,Piler,Mellacheruvu,0,45,0,16,11,19,14,4,30,36,12,2,40,3,1,0,43,0,45,15,36,31,18,45,5,28,21,45,6
2024-25,Andhra Pradesh,Annamayya,Piler,Talupula,0,49,0,20,15,15,18,2,30,32,18,0,39,9,0,0,40,0,44,7,41,44,6,40,8,23,27,45,5
2024-25,Andhra Pradesh,Annamayya,Piler,Regullu,1,78,4,17,34,32,19,3,62,56,28,4,69,8,0,0,78,0,80,49,38,43,44,79,9,50,36,74,14
2024-25,Andhra Pradesh,Annamayya,Piler,Yerraguntlapalle,0,18,0,2,7,9,5,1,12,12,6,0,15,3,0,0,18,0,18,6,12,8,10,17,1,15,3,18,0
2024-25,Andhra Pradesh,Annamayya,Piler,Doddipalle,0,79,5,32,24,28,22,5,58,59,27,2,74,6,0,1,78,0,82,33,52,49,35,84,2,54,32,81,5
2024-25,Andhra Pradesh,Annamayya,Piler,Kavalipalle,0,11,1,3,5,4,5,0,7,8,4,1,10,1,0,0,12,0,12,5,7,5,7,11,1,5,7,12,0
2024-25,Andhra Pradesh,Annamayya,Pullampeta,A.Channamambapuram,0,7,0,2,2,3,5,1,1,5,2,0,6,1,0,0,7,0,7,3,4,5,2,5,2,1,6,7,0
2024-25,Andhra Pradesh,Annamayya,Pullampeta,Rangampalle,0,28,1,10,7,12,14,0,15,7,22,0,28,1,0,0,29,0,29,18,11,19,10,26,3,7,22,29,0
2024-25,Andhra Pradesh,Annamayya,Pullampeta,Perigavaram,0,31,1,14,8,10,12,1,19,14,18,0,32,0,2,2,28,6,26,29,3,21,11,30,2,12,20,30,2
2024-25,Andhra Pradesh,Annamayya,Pullampeta,Garalamadugu,0,2,0,1,0,1,2,0,0,2,0,0,2,0,0,1,1,0,2,0,2,0,2,2,0,2,0,2,0
2024-25,Andhra Pradesh,Annamayya,Pullampeta,Kommanavaripalle,0,29,7,14,9,13,16,0,20,12,24,0,36,0,1,0,35,0,36,24,12,25,11,35,1,4,32,36,0
2024-25,Andhra Pradesh,Annamayya,Pullampeta,Vathalur,0,35,5,18,7,15,18,0,22,26,14,1,38,1,0,1,39,1,39,26,14,24,16,37,3,24,16,37,3
2024-25,Andhra Pradesh,Annamayya,Pullampeta,Apparajupeta,0,1,1,2,0,0,0,0,2,1,1,0,2,0,0,0,2,0,2,2,0,2,0,2,0,2,0,2,0
2024-25,Andhra Pradesh,Annamayya,Pullampeta,Utukuru Venkatampalle,0,18,2,9,1,10,11,0,9,13,7,0,20,0,0,3,17,0,20,15,5,15,5,18,2,11,9,17,3
2024-25,Andhra Pradesh,Annamayya,Pullampeta,Anantaiahgaripalle,0,43,4,19,10,18,26,0,21,27,20,0,46,1,1,3,43,4,43,35,12,28,19,44,3,15,32,44,3
2024-25,Andhra Pradesh,Annamayya,Pullampeta,Immanur,0,1,0,0,1,0,1,0,0,0,1,0,1,0,0,0,1,0,1,1,0,1,0,1,0,0,1,1,0
2024-25,Andhra Pradesh,Annamayya,Pullampeta,Puthanavaripalle,0,5,1,2,1,3,1,1,4,3,3,0,6,0,1,0,5,0,6,5,1,5,1,5,0,1,5,6,0
2024-25,Andhra Pradesh,Annamayya,Pullampeta,Pullampeta,0,40,5,14,14,17,27,0,18,29,16,0,42,3,0,0,45,4,41,44,1,32,13,39,5,10,35,44,1
2024-25,Andhra Pradesh,Annamayya,Pullampeta,Ananthasamudram,0,36,3,18,9,12,25,0,14,17,22,2,34,3,1,1,37,3,36,24,15,32,7,36,3,11,28,35,4
2024-25,Andhra Pradesh,Annamayya,Pullampeta,Thiruvengalanatharajapuram,0,2,2,3,0,1,3,0,1,2,2,0,4,0,0,1,3,0,4,3,1,0,4,4,0,1,3,4,0
2024-25,Andhra Pradesh,Annamayya,Pullampeta,Reddipalle,0,43,3,24,5,17,22,1,23,25,21,2,42,2,0,3,43,3,43,30,16,35,11,39,7,21,25,42,4
2024-25,Andhra Pradesh,Annamayya,Pullampeta,Dalavaipalle,0,34,4,13,7,18,19,0,19,23,15,1,37,0,1,1,36,0,38,35,3,14,24,36,2,11,27,36,2
2024-25,Andhra Pradesh,Annamayya,Pullampeta,Ramasamudram,0,15,4,7,6,6,6,0,13,11,8,1,18,0,0,0,19,2,17,7,12,13,6,16,3,7,12,17,2
2024-25,Andhra Pradesh,Annamayya,Pullampeta,Utukuruchalivendla,0,4,1,2,1,2,2,0,3,4,1,0,5,0,0,0,5,3,2,4,1,5,0,5,0,5,0,4,1
2024-25,Andhra Pradesh,Annamayya,Pullampeta,Thippayapalle,0,46,8,26,11,17,25,0,29,37,17,1,52,1,1,1,52,9,45,42,12,32,22,48,6,22,32,51,3
2024-25,Andhra Pradesh,Annamayya,Rajampet,Poli,1,84,2,38,23,26,83,0,4,72,14,0,73,14,11,0,76,1,86,17,70,70,17,86,1,53,33,66,21
2024-25,Andhra Pradesh,Annamayya,Rajampet,Utukur,0,41,0,20,2,19,36,0,5,33,8,0,38,3,7,0,34,0,41,6,35,38,3,40,1,20,21,41,0
2024-25,Andhra Pradesh,Annamayya,Rajampet,Tallapaka,0,42,1,22,8,13,38,0,5,39,4,0,39,4,6,0,37,0,43,15,28,30,13,42,1,15,28,35,8
2024-25,Andhra Pradesh,Annamayya,Rajampet,Madanagopalapuram,0,46,0,23,8,15,45,0,1,42,4,0,45,1,1,0,45,0,46,4,42,30,16,44,2,34,12,40,6
2024-25,Andhra Pradesh,Annamayya,Rajampet,Brahmanapalle,0,31,0,17,3,11,30,0,1,27,3,0,23,4,5,0,22,0,27,6,25,27,4,31,0,19,12,22,9
2024-25,Andhra Pradesh,Annamayya,Rajampet,Gopamambapuram,1,38,1,18,6,17,39,0,2,36,5,0,36,5,9,0,32,0,41,8,33,27,14,40,1,26,15,40,1
2024-25,Andhra Pradesh,Annamayya,Rajampet,Gundluru,0,44,0,22,7,15,43,0,1,40,3,1,36,7,22,0,22,0,44,4,40,35,9,42,2,33,10,39,5
2024-25,Andhra Pradesh,Annamayya,Rajampet,Rollamadugu,0,41,1,23,5,14,27,1,14,35,7,0,39,2,13,0,28,1,40,4,38,30,12,40,2,25,16,41,1
2024-25,Andhra Pradesh,Annamayya,Rajampet,Hastavaram,0,19,1,12,2,6,20,0,0,18,2,0,17,3,11,0,9,0,20,8,12,19,1,19,1,15,5,12,8
2024-25,Andhra Pradesh,Annamayya,Rajampet,Kothapalle,0,22,2,14,2,8,24,0,0,22,2,1,17,6,5,0,18,0,24,7,17,20,4,23,1,13,10,22,2
2024-25,Andhra Pradesh,Annamayya,Rajampet,R.Buduguntapalle,0,2,0,2,0,0,1,0,1,2,0,0,2,0,0,0,2,0,2,0,2,2,0,2,0,2,0,2,0
2024-25,Andhra Pradesh,Annamayya,Rajampet,Mittameedapalle,0,36,0,16,5,15,32,0,4,35,1,0,31,5,3,0,33,0,36,7,29,29,7,35,1,29,7,31,5
2024-25,Andhra Pradesh,Annamayya,Rajampet,Mannur,1,38,3,18,11,13,39,0,3,38,3,0,34,8,3,1,37,0,41,7,35,32,10,39,3,17,25,40,2
2024-25,Andhra Pradesh,Annamayya,Rajampet,Anantharajupuram,0,12,0,6,2,4,11,0,1,9,3,0,10,1,4,0,7,0,11,6,6,8,4,12,0,6,6,9,3
2024-25,Andhra Pradesh,Annamayya,Rajampet,Bahirajapalle,0,1,0,0,0,1,1,0,0,1,0,0,1,0,0,0,1,0,1,0,1,1,0,1,0,1,0,1,0
2024-25,Andhra Pradesh,Annamayya,Rajampet,Akepadu,0,43,1,10,16,19,35,1,9,35,11,0,33,11,7,0,32,0,41,3,43,37,9,43,2,35,11,40,5
2024-25,Andhra Pradesh,Annamayya,Rajampet,Kitchamambapuram,0,41,2,15,12,16,43,0,0,38,5,0,38,5,7,0,36,0,43,10,33,32,11,41,1,30,13,34,9
2024-25,Andhra Pradesh,Annamayya,Rajampet,Rajampet (R) (Part),1,81,0,47,8,27,76,1,5,73,9,1,76,5,19,0,63,0,82,24,58,66,16,78,4,54,27,70,12
2024-25,Andhra Pradesh,Annamayya,Rajampet,Pulapathuru,0,39,0,14,7,18,32,0,8,39,1,1,32,5,6,0,30,0,37,3,38,32,9,40,1,27,13,31,10
2024-25,Andhra Pradesh,Annamayya,Rajampet,Mandapalle,0,39,0,17,9,13,37,0,2,38,1,1,33,5,14,0,25,0,39,1,38,25,14,38,1,36,2,35,4
2024-25,Andhra Pradesh,Annamayya,Ramapuram,Bandlapalle,1,69,3,13,29,30,13,0,61,52,22,0,67,3,5,0,62,0,68,63,15,36,40,74,4,34,41,69,9
2024-25,Andhra Pradesh,Annamayya,Ramapuram,Chitlur,1,47,1,12,17,21,7,0,44,25,26,1,41,5,5,0,31,0,40,42,9,23,28,47,4,24,27,34,17
2024-25,Andhra Pradesh,Annamayya,Ramapuram,Hasanapuram,0,51,2,12,20,22,28,0,28,49,7,0,48,3,6,0,45,0,51,49,9,34,23,55,4,27,29,58,1
2024-25,Andhra Pradesh,Annamayya,Ramapuram,Gopagudipalle,0,75,5,14,26,41,24,4,53,32,50,1,69,6,23,0,49,0,75,75,9,49,34,78,7,42,40,79,6
2024-25,Andhra Pradesh,Annamayya,Ramapuram,Rachapalle,0,30,1,5,10,16,15,0,16,27,5,0,29,2,0,0,27,0,28,29,7,29,7,36,0,19,15,36,0
2024-25,Andhra Pradesh,Annamayya,Ramapuram,Saraswathipalle,0,37,1,7,14,17,21,0,18,31,9,0,32,5,7,0,30,0,37,37,3,20,20,38,2,17,23,39,1
2024-25,Andhra Pradesh,Annamayya,Ramapuram,Nallaguttapalle,0,30,1,6,10,15,20,1,12,27,6,0,30,1,2,0,29,0,31,28,6,13,20,38,0,18,15,30,6
2024-25,Andhra Pradesh,Annamayya,Ramapuram,Suddamalla,0,35,3,5,17,17,7,1,32,28,12,0,36,1,3,0,34,0,37,34,6,12,28,36,4,22,18,33,7
2024-25,Andhra Pradesh,Annamayya,Ramapuram,Neelakantharaopeta,0,25,0,3,10,12,17,2,8,25,3,0,22,1,2,0,19,0,22,31,0,25,6,30,1,17,12,31,0
2024-25,Andhra Pradesh,Annamayya,Ramapuram,Guvvalacheruvu,0,26,5,6,11,14,13,1,17,25,6,0,28,3,0,0,31,0,31,26,5,15,16,28,3,18,13,31,0
2024-25,Andhra Pradesh,Annamayya,Ramapuram,Kalpanayunicheruvu,0,29,0,4,12,13,7,2,22,18,13,0,25,1,5,0,15,0,22,20,11,14,17,28,3,12,19,27,4
2024-25,Andhra Pradesh,Annamayya,Ramasamudram,Elavanellore,0,24,2,14,4,8,3,0,23,25,1,2,23,1,0,0,26,0,26,18,8,24,2,26,0,12,14,26,0
2024-25,Andhra Pradesh,Annamayya,Ramasamudram,R.Nadimpalle,0,38,1,18,7,14,5,1,33,34,5,2,35,2,1,0,38,0,39,26,13,21,18,34,5,20,19,36,3
2024-25,Andhra Pradesh,Annamayya,Ramasamudram,Ramasamudram,0,40,0,20,8,12,9,1,30,26,14,3,34,3,0,0,40,0,40,32,8,17,23,36,4,18,22,38,2
2024-25,Andhra Pradesh,Annamayya,Ramasamudram,Chokkandlapalle,1,38,2,25,6,10,6,2,33,29,12,1,37,3,0,0,41,0,41,30,11,21,20,35,6,16,25,36,5
2024-25,Andhra Pradesh,Annamayya,Ramasamudram,Arikela,0,42,3,31,4,10,5,6,34,30,15,2,39,4,0,0,45,0,45,41,4,32,13,44,1,24,21,44,1
2024-25,Andhra Pradesh,Annamayya,Ramasamudram,Nariganipalle,0,35,1,23,5,9,5,0,33,33,5,1,33,2,0,0,36,0,36,33,5,30,8,37,1,24,14,38,0
2024-25,Andhra Pradesh,Annamayya,Ramasamudram,Chembakur,0,42,1,26,7,10,7,3,33,37,6,2,33,8,0,0,43,0,43,40,3,28,15,43,0,20,23,42,1
2024-25,Andhra Pradesh,Annamayya,Ramasamudram,Peddakurapalle,0,39,2,24,6,11,7,2,32,35,6,0,41,0,0,0,41,0,41,22,19,19,22,40,1,24,17,37,4
2024-25,Andhra Pradesh,Annamayya,Ramasamudram,Kurijala,0,14,0,8,2,4,2,0,12,7,7,2,11,1,0,0,14,0,14,12,2,7,7,14,0,5,9,9,5
2024-25,Andhra Pradesh,Annamayya,Ramasamudram,Kappalle,0,37,1,21,3,14,7,2,29,33,5,5,31,2,0,0,38,0,38,26,12,21,17,38,0,19,19,32,6
2024-25,Andhra Pradesh,Annamayya,Ramasamudram,Miniki,0,37,2,25,7,7,3,6,30,31,8,4,34,1,0,0,39,0,39,31,8,21,18,37,2,21,18,32,7
2024-25,Andhra Pradesh,Annamayya,Ramasamudram,Voolapadu,0,36,3,21,7,11,6,2,31,22,17,1,32,6,1,0,38,0,39,33,6,26,13,38,1,16,23,39,0
2024-25,Andhra Pradesh,Annamayya,Ramasamudram,Moogavadi,0,40,2,17,9,16,7,3,32,36,6,6,32,4,0,0,42,0,42,15,27,21,21,42,0,21,21,32,10
2024-25,Andhra Pradesh,Annamayya,Ramasamudram,Kudurucheemanapalle,0,36,3,22,5,12,9,2,28,29,10,3,34,2,0,0,39,0,39,17,22,25,14,39,0,21,18,20,19
2024-25,Andhra Pradesh,Annamayya,Ramasamudram,Malenatham,1,33,4,23,4,11,2,7,29,31,7,2,34,2,0,0,38,0,38,35,3,27,11,38,0,17,21,36,2
2024-25,Andhra Pradesh,Annamayya,Rayachoty,Kasbagollapalle,0,3,0,1,1,1,0,0,3,1,2,0,2,0,0,0,2,0,2,5,0,1,4,5,0,5,0,5,0
2024-25,Andhra Pradesh,Annamayya,Rayachoty,Chennamukkapalle (Ct),0,25,0,4,12,9,8,0,17,24,1,0,22,3,12,0,13,0,25,16,10,13,13,24,2,12,13,25,1
2024-25,Andhra Pradesh,Annamayya,Rayachoty,Botlacheruvu,0,11,0,5,4,2,4,2,5,8,3,0,11,0,0,0,11,0,11,7,4,4,7,10,1,5,6,11,0
2024-25,Andhra Pradesh,Annamayya,Rayachoty,Yandapalle,1,44,0,10,14,21,8,4,33,34,11,0,41,4,6,0,36,0,43,32,13,17,26,40,5,26,19,45,0
2024-25,Andhra Pradesh,Annamayya,Rayachoty,Gorlamudiveedu,0,28,0,10,3,15,5,6,17,21,7,0,24,3,6,0,19,0,26,13,16,6,20,29,0,11,17,27,2
2024-25,Andhra Pradesh,Annamayya,Rayachoty,Madhavaram,0,81,1,32,16,34,16,5,63,64,21,0,73,8,36,0,42,0,79,67,19,37,47,79,7,40,45,83,3
2024-25,Andhra Pradesh,Annamayya,Rayachoty,Rayachoti,0,28,0,6,10,12,6,1,21,22,6,0,24,4,12,0,16,0,28,20,8,11,17,27,1,22,6,28,0
2024-25,Andhra Pradesh,Annamayya,Rayachoty,Sibyala,1,31,2,12,8,18,11,3,27,38,6,0,31,1,2,1,27,0,30,21,29,26,22,48,2,23,22,38,12
2024-25,Andhra Pradesh,Annamayya,Rayachoty,Pemmadapalle,0,40,1,19,8,14,7,2,32,32,9,0,38,2,4,0,33,0,40,20,20,18,23,41,0,21,20,29,12
2024-25,Andhra Pradesh,Annamayya,Rayachoty,Dullavaripalle,0,24,1,12,3,10,3,1,21,21,5,0,23,2,3,0,21,0,24,23,4,9,18,26,1,11,16,27,0
2024-25,Andhra Pradesh,Annamayya,Rayachoty,Indukurupalle,0,5,0,1,1,3,2,0,3,3,2,0,5,0,0,0,5,0,5,5,0,1,4,5,0,2,3,3,2
2024-25,Andhra Pradesh,Annamayya,Rayachoty,Abbavaram,0,32,1,6,12,15,9,2,22,27,6,0,29,3,6,0,25,0,32,15,22,5,31,37,0,19,15,30,7
2024-25,Andhra Pradesh,Annamayya,Rayachoty,Masapet (R),0,23,1,10,4,10,8,0,17,21,4,0,23,1,5,0,19,0,24,15,10,16,9,26,0,12,13,25,0
2024-25,Andhra Pradesh,Annamayya,Rayachoty,Cherlopalle,0,14,0,5,2,7,5,1,8,9,5,0,13,1,0,0,14,0,14,6,8,6,8,12,2,8,6,14,0
2024-25,Andhra Pradesh,Annamayya,Rayachoty,Peddakalvapalle,0,3,0,2,0,1,1,0,2,0,3,0,2,1,0,0,3,0,3,3,0,0,3,3,0,2,1,2,1
2024-25,Andhra Pradesh,Annamayya,Rayachoty,Katimayakunta,0,28,0,12,5,11,10,0,18,24,4,0,24,4,2,0,25,0,27,18,10,9,19,25,3,12,16,27,1
2024-25,Andhra Pradesh,Annamayya,Rayachoty,Guntimadugu,0,10,0,4,1,5,2,0,8,9,1,0,9,1,1,0,8,0,10,11,0,7,4,9,2,4,7,10,1
2024-25,Andhra Pradesh,Annamayya,Sambepalle,Guttapalle,0,34,1,14,7,14,15,2,18,23,12,0,28,7,1,0,34,0,35,18,17,30,5,32,3,21,14,33,2
2024-25,Andhra Pradesh,Annamayya,Sambepalle,Devapatla,0,89,2,40,17,34,14,17,60,44,47,12,65,14,0,0,91,0,91,78,13,62,29,87,4,43,48,90,1
2024-25,Andhra Pradesh,Annamayya,Sambepalle,Gunnikuntla,1,44,0,15,10,20,20,0,25,30,15,0,41,4,0,0,45,0,45,10,35,36,9,35,10,16,29,16,29
2024-25,Andhra Pradesh,Annamayya,Sambepalle,Sambepalle,0,34,0,12,8,14,3,2,29,20,14,1,29,4,0,0,33,0,34,6,28,15,19,26,8,17,17,19,15
2024-25,Andhra Pradesh,Annamayya,Sambepalle,Guriginjakunta,0,32,0,21,3,8,7,4,21,16,16,0,29,3,1,0,31,0,32,20,12,15,17,27,5,14,18,27,5
2024-25,Andhra Pradesh,Annamayya,Sambepalle,Dudyala,0,49,0,22,11,16,7,5,37,30,19,0,38,11,0,0,49,0,49,13,38,26,25,46,5,17,33,30,21
2024-25,Andhra Pradesh,Annamayya,Sambepalle,Routhukunta,0,47,1,20,8,20,15,2,32,30,19,0,43,5,0,0,48,0,48,33,16,32,17,49,0,25,24,46,3
2024-25,Andhra Pradesh,Annamayya,Sambepalle,Settipalle,0,49,0,16,13,21,6,6,38,28,22,0,42,7,0,0,49,0,49,30,20,28,22,43,7,19,31,33,17
2024-25,Andhra Pradesh,Annamayya,Sambepalle,Sho.Somavaram,0,33,1,20,5,9,1,4,29,18,16,0,26,8,1,0,33,0,34,31,3,17,17,30,4,9,25,33,1
2024-25,Andhra Pradesh,Annamayya,Sambepalle,Motakatla,0,39,5,20,11,13,5,3,37,26,19,0,33,11,21,0,23,0,43,6,39,19,26,36,9,18,27,28,17
2024-25,Andhra Pradesh,Annamayya,Sambepalle,Narayanareddipalle,0,43,1,15,11,18,6,6,32,27,17,0,40,4,18,0,25,0,44,8,36,33,11,35,9,12,32,35,9
2024-25,Andhra Pradesh,Annamayya,T.Sundupalle,Mudampadu,0,43,5,6,17,25,14,1,33,30,18,0,42,6,1,1,44,1,45,23,25,18,30,48,0,25,23,45,3
2024-25,Andhra Pradesh,Annamayya,T.Sundupalle,Peddinenikalva,0,44,2,17,12,17,17,1,28,32,15,0,43,1,0,0,44,0,44,22,25,23,24,47,0,27,20,46,1
2024-25,Andhra Pradesh,Annamayya,T.Sundupalle,Rayavaram,1,75,10,33,22,32,48,2,40,60,30,1,75,5,4,0,71,0,79,50,45,37,55,93,3,57,35,92,4
2024-25,Andhra Pradesh,Annamayya,T.Sundupalle,Gundlapalle,0,28,2,10,6,14,14,2,15,22,10,0,26,2,2,0,26,0,28,25,9,10,23,35,0,12,20,26,9
2024-25,Andhra Pradesh,Annamayya,T.Sundupalle,Reddivaripalle,0,38,2,18,8,15,21,2,18,37,5,0,34,5,0,0,31,0,36,23,20,6,36,43,1,17,25,42,2
2024-25,Andhra Pradesh,Annamayya,T.Sundupalle,Yerramanenipalem,0,31,3,10,9,15,7,1,27,30,5,1,29,3,2,0,30,0,32,19,16,24,11,34,1,25,10,31,4
2024-25,Andhra Pradesh,Annamayya,T.Sundupalle,T Sundupalle,0,79,8,32,22,33,35,4,50,55,34,2,76,8,0,0,81,0,84,52,39,42,49,90,1,51,40,89,2
2024-25,Andhra Pradesh,Annamayya,T.Sundupalle,Polimerapalle,0,74,4,36,18,25,41,1,39,61,22,0,74,3,0,0,72,0,75,53,32,27,58,84,2,48,37,82,4
2024-25,Andhra Pradesh,Annamayya,T.Sundupalle,Madithadu,0,81,5,28,26,33,42,3,42,66,21,1,78,5,0,0,82,0,83,38,50,39,48,87,1,53,34,65,23
2024-25,Andhra Pradesh,Annamayya,T.Sundupalle,Thimmasamudram,0,20,0,7,6,7,15,1,4,16,4,0,18,1,0,0,16,0,18,5,16,4,16,22,0,12,8,21,1
2024-25,Andhra Pradesh,Annamayya,T.Sundupalle,Bhagampalle,0,7,1,2,3,3,4,0,4,5,3,0,7,0,0,0,4,0,7,3,5,3,5,8,0,8,0,8,0
2024-25,Andhra Pradesh,Annamayya,Thamballapalle,Kotakonda,0,42,1,23,8,12,14,1,28,32,11,3,39,1,0,0,43,0,43,24,19,30,13,42,1,25,18,43,0
2024-25,Andhra Pradesh,Annamayya,Thamballapalle,Renimakulapalle,0,39,1,22,5,13,4,1,35,31,9,5,34,1,0,0,40,0,40,27,13,27,13,40,0,21,19,36,4
2024-25,Andhra Pradesh,Annamayya,Thamballapalle,Kannemadugu,0,40,3,24,3,16,13,0,30,35,8,8,29,6,0,0,43,0,43,29,14,28,15,43,0,23,20,41,2
2024-25,Andhra Pradesh,Annamayya,Thamballapalle,Eddulavaripalle,0,36,1,26,2,9,2,8,27,27,10,3,31,3,0,0,37,0,37,22,15,20,17,36,1,23,14,34,3
2024-25,Andhra Pradesh,Annamayya,Thamballapalle,Kotala,1,42,0,30,5,8,5,0,38,31,12,6,36,1,0,0,43,0,43,29,14,24,19,42,1,27,16,42,1
2024-25,Andhra Pradesh,Annamayya,Thamballapalle,Kukkarajupalle,0,47,2,31,4,14,9,1,39,42,7,1,45,3,0,0,49,0,49,38,11,28,21,49,0,26,23,49,0
2024-25,Andhra Pradesh,Annamayya,Thamballapalle,Kosuvaripalle,0,76,2,53,5,20,16,11,51,65,13,2,71,5,0,0,78,0,78,58,20,50,28,76,2,53,25,78,0
2024-25,Andhra Pradesh,Annamayya,Thamballapalle,Thamballapalle,0,91,1,53,10,29,19,8,65,77,15,7,74,11,0,0,92,0,92,68,24,58,34,91,1,59,33,89,3
2024-25,Andhra Pradesh,Annamayya,Thamballapalle,Gundlapalle,0,39,4,26,7,10,6,6,31,33,10,3,34,6,0,0,43,0,43,40,3,32,11,39,4,28,15,42,1
2024-25,Andhra Pradesh,Annamayya,Thamballapalle,Gopidinne,0,42,1,26,4,13,7,3,33,36,7,1,38,4,0,0,43,0,43,31,12,30,13,43,0,21,22,42,1
2024-25,Andhra Pradesh,Annamayya,Valmikipuram,Gandaboyanapalle,0,39,0,17,7,15,13,2,24,26,13,0,38,1,1,0,38,0,39,29,10,18,21,37,2,18,21,39,0
2024-25,Andhra Pradesh,Annamayya,Valmikipuram,Chintaparthi,1,69,0,29,16,25,19,0,51,45,25,1,65,4,1,0,69,0,70,37,33,40,29,67,3,33,37,66,4
2024-25,Andhra Pradesh,Annamayya,Valmikipuram,Aramadaka,0,4,0,3,1,0,1,0,3,4,0,0,4,0,0,0,4,0,4,2,2,2,2,3,1,1,3,4,0
2024-25,Andhra Pradesh,Annamayya,Valmikipuram,Vittalam,0,7,0,3,0,4,2,0,5,3,4,0,7,0,0,0,7,0,7,2,5,6,1,7,0,4,3,6,1
2024-25,Andhra Pradesh,Annamayya,Valmikipuram,Ayyavaripalle,0,17,0,7,4,6,3,2,12,13,4,0,17,0,0,0,17,0,17,10,7,4,13,17,0,7,10,17,0
2024-25,Andhra Pradesh,Annamayya,Valmikipuram,Nagarimadugu,0,13,1,6,2,6,7,1,6,8,6,0,13,1,2,1,11,0,14,8,6,7,7,12,2,3,11,13,1
2024-25,Andhra Pradesh,Annamayya,Valmikipuram,Velagapalle,0,16,0,9,2,5,0,0,16,11,5,1,14,1,0,0,16,0,16,7,9,4,12,16,0,9,7,13,3
2024-25,Andhra Pradesh,Annamayya,Valmikipuram,Jammallapalle,0,16,0,8,4,4,5,0,11,13,3,1,14,1,0,0,16,0,16,11,5,5,11,15,1,9,7,16,0
2024-25,Andhra Pradesh,Annamayya,Valmikipuram,Mugalamarri,0,20,0,14,2,4,3,2,15,12,8,0,19,1,0,0,20,0,20,13,7,9,11,19,1,9,11,20,0
2024-25,Andhra Pradesh,Annamayya,Valmikipuram,Chinthalavaripalle,0,17,1,8,3,7,4,0,14,10,8,1,15,2,0,0,18,0,18,7,11,11,7,18,0,10,8,13,5
2024-25,Andhra Pradesh,Annamayya,Valmikipuram,Kuraparthi,1,29,1,9,9,13,10,0,21,19,12,1,28,2,0,0,31,0,31,23,8,18,12,28,3,17,14,30,0
2024-25,Andhra Pradesh,Annamayya,Valmikipuram,Valmikipuram,0,89,3,36,14,42,29,5,58,63,29,2,83,7,14,0,78,0,92,48,44,29,61,90,2,41,51,83,9
2024-25,Andhra Pradesh,Annamayya,Valmikipuram,Jarravaripalle,0,60,1,30,14,17,17,3,41,33,28,1,55,5,1,0,60,0,61,40,21,26,35,60,1,24,37,59,2
2024-25,Andhra Pradesh,Annamayya,Valmikipuram,Manchuru,0,36,0,18,5,13,2,1,33,25,11,0,34,2,8,0,28,0,36,22,14,10,26,36,0,9,27,33,3
2024-25,Andhra Pradesh,Annamayya,Valmikipuram,Thatiguntapalle,0,39,0,22,4,13,6,1,32,31,8,0,39,0,1,0,38,0,39,26,13,19,20,37,2,11,28,39,0
2024-25,Andhra Pradesh,Annamayya,Valmikipuram,T.Sakirevupalle,0,16,1,0,8,9,2,1,14,6,11,0,17,0,2,0,15,0,17,14,3,4,13,16,1,7,10,17,0
2024-25,Andhra Pradesh,Annamayya,Valmikipuram,Budidavedu,0,13,0,2,5,6,0,0,13,5,8,0,12,1,6,0,7,0,13,11,2,7,6,13,0,6,7,13,0
2024-25,Andhra Pradesh,Annamayya,Veeraballi,Vongimalla,1,83,0,28,21,35,42,0,42,53,31,0,79,5,28,2,53,1,82,73,11,54,30,40,35,43,41,83,1
2024-25,Andhra Pradesh,Annamayya,Veeraballi,Yadaballe,0,3,0,2,1,0,1,0,2,3,0,0,2,1,2,0,1,0,3,2,1,3,0,3,0,3,0,1,2
2024-25,Andhra Pradesh,Annamayya,Veeraballi,Gadikota,0,38,0,11,10,17,16,0,22,27,11,1,33,4,26,0,12,0,38,29,9,28,9,28,10,21,17,30,7
2024-25,Andhra Pradesh,Annamayya,Veeraballi,Veeraballe,0,84,0,27,26,31,28,3,53,51,33,0,75,8,9,0,73,0,83,53,31,36,46,45,27,40,44,48,36
2024-25,Andhra Pradesh,Annamayya,Veeraballi,Somavaram,0,37,2,7,15,17,4,3,32,22,17,2,31,6,12,0,27,0,39,24,14,26,13,31,5,23,16,32,7
2024-25,Andhra Pradesh,Annamayya,Veeraballi,Peddiveedu,0,46,0,11,13,22,16,2,28,31,15,1,41,4,11,0,35,0,46,36,10,12,34,29,15,27,19,24,21
2024-25,Andhra Pradesh,Annamayya,Veeraballi,Sanipaya,0,42,1,18,6,19,24,0,19,31,12,2,38,3,2,0,41,0,43,27,16,12,31,40,3,28,15,43,0
2024-25,Andhra Pradesh,Annamayya,Veeraballi,Matli,0,89,1,28,27,35,36,1,53,55,35,1,86,3,9,0,81,0,90,69,21,59,31,59,31,37,53,82,8
2024-25,Andhra Pradesh,Annamayya,Veeraballi,Odiveedu,0,40,3,15,10,18,18,0,25,25,18,0,40,3,33,0,9,0,43,41,2,28,15,27,9,18,25,24,17
2024-25,Andhra Pradesh,Bapatla,Addanki,Addanki (South) (U),0,112,0,0,71,41,65,1,46,76,36,0,105,7,0,0,112,41,71,0,112,6,105,111,1,107,5,15,97
2024-25,Andhra Pradesh,Bapatla,Addanki,Dhenuva Konda,0,52,0,0,25,27,12,0,40,52,0,0,45,7,0,0,52,1,51,0,52,20,32,48,4,51,1,29,23
2024-25,Andhra Pradesh,Bapatla,Addanki,Modepalle,0,33,0,0,10,23,11,0,22,32,1,0,28,5,0,0,33,0,33,0,33,19,14,32,1,29,4,19,14
2024-25,Andhra Pradesh,Bapatla,Addanki,Kunkupadu,0,27,0,0,8,19,14,1,12,27,0,0,24,3,0,0,27,0,27,0,27,6,21,18,9,25,2,2,25
2024-25,Andhra Pradesh,Bapatla,Addanki,Addanki (North) (U),0,97,1,0,60,38,20,1,77,87,11,0,89,9,0,0,98,12,86,0,98,19,77,98,0,94,4,0,98
2024-25,Andhra Pradesh,Bapatla,Addanki,Bommanampadu,0,25,0,0,19,6,15,0,10,24,1,0,22,3,0,0,25,6,19,0,25,8,17,25,0,23,2,0,25
2024-25,Andhra Pradesh,Bapatla,Addanki,Chakraya Palem,0,16,0,0,16,0,9,1,6,14,2,0,13,3,0,0,16,0,16,0,16,0,16,16,0,16,0,3,13
2024-25,Andhra Pradesh,Bapatla,Addanki,Chinakotha Palle,0,25,0,0,22,3,10,1,14,23,2,0,22,3,0,0,25,0,25,0,25,21,4,25,0,24,1,15,10
2024-25,Andhra Pradesh,Bapatla,Addanki,Mani Keswaram,0,39,0,0,6,33,33,0,6,38,1,0,34,5,0,0,39,0,39,2,37,27,12,34,5,30,9,0,39
2024-25,Andhra Pradesh,Bapatla,Addanki,Nannurupadu,0,17,0,0,2,15,10,0,7,17,0,0,14,3,0,0,17,0,17,0,17,5,12,17,0,16,1,5,12
2024-25,Andhra Pradesh,Bapatla,Addanki,Kotikalapudi,0,23,0,0,7,16,15,0,8,23,0,0,20,3,0,0,23,0,23,0,23,10,13,19,2,18,5,1,22
2024-25,Andhra Pradesh,Bapatla,Addanki,Ramayapalem (U),0,50,0,0,16,34,13,0,37,50,0,0,44,6,0,0,50,0,50,0,50,19,31,45,5,50,0,44,6
2024-25,Andhra Pradesh,Bapatla,Addanki,Gopalapuram,0,9,0,0,8,1,1,2,6,8,1,0,8,1,0,0,9,0,9,0,9,3,6,9,0,8,1,0,9
2024-25,Andhra Pradesh,Bapatla,Addanki,Kalavakuru,0,99,0,0,38,61,33,1,65,99,0,0,87,12,0,0,99,0,99,1,98,25,74,96,3,97,2,7,92
2024-25,Andhra Pradesh,Bapatla,Addanki,Dharmavaram,0,100,0,0,92,8,15,6,79,99,1,0,87,13,0,0,100,0,100,1,99,53,47,97,3,90,10,18,82
2024-25,Andhra Pradesh,Bapatla,Addanki,Vemparala,0,25,0,0,23,2,3,2,20,25,0,0,22,3,0,0,25,2,23,0,25,4,21,23,2,22,3,7,18
2024-25,Andhra Pradesh,Bapatla,Addanki,Uppalapadu,0,19,0,0,6,13,4,1,14,18,1,0,17,2,1,0,18,0,19,0,19,7,12,19,0,17,2,19,0
2024-25,Andhra Pradesh,Bapatla,Addanki,Mylavaram,0,31,0,0,12,19,4,0,27,30,1,0,29,2,0,0,31,2,29,4,27,15,16,31,0,31,0,28,3
2024-25,Andhra Pradesh,Bapatla,Amruthalur,Thurumella,0,34,0,0,1,33,34,0,0,31,3,0,33,1,0,0,34,0,34,12,22,18,16,34,0,28,6,24,10
2024-25,Andhra Pradesh,Bapatla,Amruthalur,Pyaparru,0,29,4,0,0,33,33,0,0,31,2,0,31,2,0,0,33,0,33,21,12,22,11,33,0,29,4,32,1
2024-25,Andhra Pradesh,Bapatla,Amruthalur,Govada,0,100,1,0,2,99,87,0,14,90,11,0,100,1,0,0,101,0,101,0,101,56,45,101,0,100,1,95,6
2024-25,Andhra Pradesh,Bapatla,Amruthalur,Panchalavaram,0,54,1,2,0,53,55,0,0,51,4,0,37,18,0,0,55,0,55,36,19,17,38,53,2,38,17,10,45
2024-25,Andhra Pradesh,Bapatla,Amruthalur,Bodapadu,0,21,1,0,0,22,22,0,0,18,4,0,22,0,0,0,22,0,22,15,7,8,14,22,0,21,1,15,7
2024-25,Andhra Pradesh,Bapatla,Amruthalur,Mulpur,0,55,0,0,7,48,55,0,0,53,2,0,47,8,0,0,55,0,55,0,55,0,55,55,0,50,5,0,55
2024-25,Andhra Pradesh,Bapatla,Amruthalur,Moparru,0,52,3,0,1,54,55,0,0,43,12,0,46,9,0,0,55,3,52,8,47,3,52,55,0,46,9,9,46
2024-25,Andhra Pradesh,Bapatla,Amruthalur,Koditadiparru,0,20,1,0,0,21,21,0,0,19,2,0,17,4,0,0,21,0,21,9,12,4,17,21,0,19,2,14,7
2024-25,Andhra Pradesh,Bapatla,Amruthalur,Peddapudi,0,49,1,0,0,50,50,0,0,39,11,0,50,0,0,0,50,11,39,2,48,32,18,41,9,38,12,23,27
2024-25,Andhra Pradesh,Bapatla,Amruthalur,Kuchipudi,0,102,3,0,14,91,100,0,5,97,8,0,94,11,0,0,105,3,102,3,102,22,83,105,0,95,10,58,47
2024-25,Andhra Pradesh,Bapatla,Amruthalur,Amruthalur,0,105,5,1,6,103,110,0,0,100,10,1,102,7,0,0,110,19,91,33,77,66,44,83,27,81,29,44,66
2024-25,Andhra Pradesh,Bapatla,Amruthalur,Yelavarru,0,49,0,1,0,48,45,0,4,45,4,0,47,2,0,0,49,1,48,6,43,17,32,49,0,43,6,34,15
2024-25,Andhra Pradesh,Bapatla,Amruthalur,Intur,0,109,1,0,0,110,74,0,36,97,13,0,105,5,0,0,110,61,49,22,88,69,41,110,0,105,5,104,6
2024-25,Andhra Pradesh,Bapatla,Ballikurava,Sankaralingam Gudipadu,0,40,0,0,31,9,12,7,21,40,0,0,37,3,0,0,40,0,40,0,40,13,27,39,1,36,4,0,40
2024-25,Andhra Pradesh,Bapatla,Ballikurava,Kukatla Palle,0,39,0,0,24,15,0,7,32,38,1,0,35,4,1,0,38,0,39,0,39,8,31,39,0,32,7,0,39
2024-25,Andhra Pradesh,Bapatla,Ballikurava,Gorre Padu,0,80,0,0,55,25,11,8,61,80,0,0,75,5,0,0,80,14,66,0,80,2,77,80,0,71,9,0,79
2024-25,Andhra Pradesh,Bapatla,Ballikurava,Koppera Padu,0,40,0,0,26,14,14,7,19,40,0,0,35,5,0,0,40,0,40,0,40,39,1,39,1,40,0,19,21
2024-25,Andhra Pradesh,Bapatla,Ballikurava,Valla Palle,0,80,0,0,46,34,30,7,43,75,5,1,60,19,0,0,80,1,79,0,79,66,14,79,1,78,2,14,66
2024-25,Andhra Pradesh,Bapatla,Ballikurava,Mukteswaram,0,40,1,0,23,18,12,2,27,41,0,0,29,12,0,0,41,0,41,1,40,24,17,41,0,37,4,21,20
2024-25,Andhra Pradesh,Bapatla,Ballikurava,Guntupalle,0,65,14,0,23,56,54,4,21,71,8,3,38,38,1,0,78,0,79,0,79,26,53,78,1,70,9,31,48
2024-25,Andhra Pradesh,Bapatla,Ballikurava,Uppumaguluru,0,63,0,0,51,12,35,7,21,63,0,0,36,27,12,0,51,0,63,0,63,40,23,1,62,55,8,44,19
2024-25,Andhra Pradesh,Bapatla,Ballikurava,Konidena,0,115,4,0,93,26,49,4,66,111,8,0,107,12,0,0,119,0,119,1,118,78,41,106,13,113,6,40,79
2024-25,Andhra Pradesh,Bapatla,Ballikurava,Koppera Palem,0,40,0,0,18,22,20,0,20,36,4,0,38,2,0,0,40,0,40,4,36,25,15,33,7,38,2,7,32
2024-25,Andhra Pradesh,Bapatla,Ballikurava,Vaidana,0,27,13,0,1,39,40,0,0,36,4,2,2,36,0,0,40,0,40,0,40,2,38,40,0,34,6,0,40
2024-25,Andhra Pradesh,Bapatla,Ballikurava,Chennupalle,0,40,0,0,32,8,5,21,14,37,3,0,38,2,0,0,40,0,40,3,37,25,15,35,5,35,5,34,6
2024-25,Andhra Pradesh,Bapatla,Ballikurava,Vemavaram,0,40,0,0,31,9,30,3,7,39,1,6,16,18,0,0,40,0,40,0,40,25,15,18,22,35,5,34,6
2024-25,Andhra Pradesh,Bapatla,Ballikurava,Ballikurava,0,57,2,0,41,18,17,16,26,57,2,0,48,11,13,0,46,0,59,0,59,31,28,38,21,54,5,39,20
2024-25,Andhra Pradesh,Bapatla,Bapatla,Gopapuram,0,2,0,0,1,1,2,0,0,1,1,0,0,2,0,0,2,1,1,0,2,1,1,2,0,2,0,0,2
2024-25,Andhra Pradesh,Bapatla,Bapatla,Gudipudi,0,7,5,0,2,10,12,0,0,11,1,0,2,10,0,0,12,0,12,0,12,5,7,11,1,12,0,12,0
2024-25,Andhra Pradesh,Bapatla,Bapatla,Jammulapalem,0,37,3,0,25,15,40,0,0,25,15,0,3,37,0,0,40,1,39,0,15,40,0,38,1,39,1,0,40
2024-25,Andhra Pradesh,Bapatla,Bapatla,Palaparthipadu,0,6,2,0,3,5,8,0,0,8,0,0,1,7,0,0,8,0,8,0,8,6,2,8,0,8,0,8,0
2024-25,Andhra Pradesh,Bapatla,Bapatla,Kankatapalem,0,35,5,0,24,16,38,0,2,40,0,0,26,14,0,0,40,0,40,9,31,20,20,40,0,36,4,26,14
2024-25,Andhra Pradesh,Bapatla,Bapatla,Etheru,0,34,6,0,8,32,40,0,0,36,4,0,29,11,0,0,40,31,9,0,40,13,27,36,4,37,3,36,4
2024-25,Andhra Pradesh,Bapatla,Bapatla,Narasayapalem,0,38,2,0,2,38,40,0,0,32,8,0,24,16,0,0,40,2,38,4,36,22,18,7,33,37,3,7,33
2024-25,Andhra Pradesh,Bapatla,Bapatla,Neredupalle,0,5,5,0,0,10,10,0,0,8,2,0,1,9,0,0,10,0,10,0,10,7,3,10,0,9,1,10,0
2024-25,Andhra Pradesh,Bapatla,Bapatla,Mulapalem,0,20,0,0,6,14,20,0,0,20,0,0,15,5,0,0,20,0,20,0,20,20,0,19,1,20,0,1,19
2024-25,Andhra Pradesh,Bapatla,Bapatla,Murukondapadu,0,77,3,1,39,40,49,1,30,74,6,2,61,17,0,17,63,0,80,16,51,52,28,70,10,70,10,52,27
2024-25,Andhra Pradesh,Bapatla,Bapatla,Velicherla,0,5,6,0,3,8,11,0,0,11,0,0,1,10,0,0,11,0,11,0,11,7,4,10,1,7,4,10,1
2024-25,Andhra Pradesh,Bapatla,Bapatla,Jillellamudi,0,19,1,0,5,15,20,0,0,20,0,0,0,20,0,0,20,0,20,0,20,9,4,20,0,18,2,6,14
2024-25,Andhra Pradesh,Bapatla,Bapatla,Bharthipudi,0,1,9,0,3,7,10,0,0,10,0,0,0,10,0,0,10,0,10,0,10,7,3,10,0,9,1,10,0
2024-25,Andhra Pradesh,Bapatla,Bapatla,Maruproluvaripalem (R),0,109,11,0,36,83,25,27,68,89,31,0,110,10,0,0,120,0,120,1,119,95,25,78,42,111,9,57,63
2024-25,Andhra Pradesh,Bapatla,Bapatla,Cheruvu,0,40,0,0,31,9,38,0,2,39,1,0,28,12,0,0,40,5,35,11,29,29,11,39,1,40,0,37,3
2024-25,Andhra Pradesh,Bapatla,Bapatla,Appikatla,0,10,19,0,6,23,29,0,0,29,0,0,8,21,0,0,29,0,29,0,29,21,8,29,0,24,5,29,0
2024-25,Andhra Pradesh,Bapatla,Bapatla,Bapatla East (R),0,92,28,0,62,58,39,10,71,100,20,1,87,32,0,1,119,3,117,42,78,75,45,96,24,88,32,40,80
2024-25,Andhra Pradesh,Bapatla,Bapatla,Bapatla West (R),0,80,0,0,54,26,2,22,56,79,1,0,60,20,0,8,72,1,79,23,57,61,19,62,18,78,2,70,10
2024-25,Andhra Pradesh,Bapatla,Bapatla,Poondla,0,35,3,0,29,9,38,0,0,20,18,0,5,33,0,0,38,4,34,0,38,23,15,38,0,32,6,1,37
2024-25,Andhra Pradesh,Bapatla,Bapatla,Adivi,0,40,0,0,30,10,8,5,27,39,1,0,40,0,0,0,40,0,40,9,31,22,18,20,20,34,6,37,3
2024-25,Andhra Pradesh,Bapatla,Bhattiprolu,Pesarlanka,0,21,0,1,2,18,21,0,0,19,2,0,21,0,3,0,18,0,21,0,21,11,10,21,0,21,0,9,12
2024-25,Andhra Pradesh,Bapatla,Bhattiprolu,Surepalle,0,40,0,0,3,37,36,0,4,36,4,0,40,0,0,0,40,0,40,5,35,8,32,40,0,40,0,9,31
2024-25,Andhra Pradesh,Bapatla,Bhattiprolu,Pedapulivarru,0,38,4,0,7,35,42,0,0,37,5,0,31,11,2,0,40,0,42,18,24,14,28,35,7,39,3,26,16
2024-25,Andhra Pradesh,Bapatla,Bhattiprolu,Pedalanka,0,21,0,0,1,20,21,0,0,21,0,0,21,0,0,0,21,0,21,0,21,11,10,21,0,21,0,11,10
2024-25,Andhra Pradesh,Bapatla,Bhattiprolu,Oleru,0,42,0,0,4,38,42,0,0,39,3,0,40,2,0,0,42,0,42,0,42,38,4,38,4,41,1,0,42
2024-25,Andhra Pradesh,Bapatla,Bhattiprolu,Konetipuram,0,42,0,1,10,31,42,0,0,42,0,0,1,41,0,0,42,0,42,42,0,25,17,42,0,36,6,37,5
2024-25,Andhra Pradesh,Bapatla,Bhattiprolu,Bhattiprolu,0,83,0,0,8,75,83,0,0,79,4,0,26,57,0,0,83,0,83,77,6,46,37,81,2,76,7,81,2
2024-25,Andhra Pradesh,Bapatla,Bhattiprolu,Pallekona,0,40,0,0,5,35,40,0,0,40,0,0,16,24,0,0,40,1,39,40,0,20,20,40,0,38,2,32,8
2024-25,Andhra Pradesh,Bapatla,Bhattiprolu,Gorigapudi,0,42,0,0,12,30,42,0,0,37,5,0,38,4,0,0,42,0,42,5,37,6,36,42,0,42,0,10,32
2024-25,Andhra Pradesh,Bapatla,Bhattiprolu,Vellaturu,0,41,2,0,4,39,42,0,1,38,5,0,12,31,0,0,43,0,43,17,26,17,26,43,0,43,0,7,36
2024-25,Andhra Pradesh,Bapatla,Bhattiprolu,Addepalli,0,84,0,0,4,80,84,0,0,82,2,0,84,0,0,0,84,0,84,59,25,53,31,78,6,80,4,55,29
2024-25,Andhra Pradesh,Bapatla,Cherukupalle,Arumbaka,0,94,9,0,16,87,95,0,8,93,10,0,77,26,0,0,103,0,103,0,103,9,42,98,5,99,4,103,0
2024-25,Andhra Pradesh,Bapatla,Cherukupalle,Gudavalli,0,10,2,0,4,8,4,0,8,11,1,0,8,4,0,0,12,0,12,0,12,8,4,12,0,12,0,4,8
2024-25,Andhra Pradesh,Bapatla,Cherukupalle,Nadimpalle,0,34,0,0,6,28,29,0,5,33,1,0,31,3,0,0,34,0,34,2,32,8,11,33,1,32,2,30,4
2024-25,Andhra Pradesh,Bapatla,Cherukupalle,Kanagala,0,68,0,0,14,54,68,0,0,66,2,0,60,8,0,0,68,1,67,2,66,38,30,68,0,64,4,24,42
2024-25,Andhra Pradesh,Bapatla,Cherukupalle,Rajavolu,0,34,0,0,12,22,34,0,0,34,0,0,29,5,0,0,34,0,34,0,34,26,8,34,0,30,4,18,15
2024-25,Andhra Pradesh,Bapatla,Cherukupalle,Rambhotlapalem,0,60,7,0,14,53,50,0,17,67,0,0,49,18,0,3,64,3,64,1,66,9,8,67,0,64,3,6,61
2024-25,Andhra Pradesh,Bapatla,Cherukupalle,Arepalle,0,66,2,0,6,62,51,0,17,62,6,0,37,31,0,0,68,12,56,3,65,24,44,51,9,56,12,46,20
2024-25,Andhra Pradesh,Bapatla,Cherukupalle,Ponnapalle,0,34,0,0,1,33,32,0,2,32,2,0,34,0,1,0,33,0,34,0,34,3,15,34,0,34,0,34,0
2024-25,Andhra Pradesh,Bapatla,Cherukupalle,Balusulapalem,0,12,0,0,2,10,7,0,5,10,2,0,12,0,0,0,12,0,12,0,12,5,7,7,2,11,1,9,3
2024-25,Andhra Pradesh,Bapatla,Cherukupalle,Kavuru,0,61,7,0,13,55,56,0,12,58,10,1,47,20,0,0,68,4,64,0,68,27,30,61,7,65,3,54,12
2024-25,Andhra Pradesh,Bapatla,Chinaganjam,Chinaganjam,0,138,17,0,23,132,146,0,9,135,20,0,132,23,0,0,155,0,155,0,155,106,49,129,26,125,30,82,73
2024-25,Andhra Pradesh,Bapatla,Chinaganjam,Santharavuru,0,130,20,8,68,74,150,0,0,108,42,0,129,21,47,0,103,0,150,0,150,27,123,110,40,128,22,27,123
2024-25,Andhra Pradesh,Bapatla,Chinaganjam,Pedaganjam,0,133,37,0,45,125,149,1,20,159,11,0,129,41,4,0,166,0,170,0,170,69,101,162,8,142,28,122,48
2024-25,Andhra Pradesh,Bapatla,Chinaganjam,Kadavakuduru,0,71,29,0,21,79,99,0,1,64,36,0,72,28,0,0,100,0,100,0,100,20,80,98,2,85,15,48,52
2024-25,Andhra Pradesh,Bapatla,Chinaganjam,Gonasapudi,0,39,15,0,7,47,54,0,0,48,6,0,40,14,5,0,49,0,54,0,54,12,42,54,0,51,3,1,53
2024-25,Andhra Pradesh,Bapatla,Chinaganjam,Chinthagum Palle,0,18,8,0,5,21,26,0,0,22,4,0,17,9,1,0,25,0,26,0,26,0,26,26,0,24,2,16,10
2024-25,Andhra Pradesh,Bapatla,Chinaganjam,Motu Palle,0,45,0,0,4,41,45,0,0,39,6,0,45,0,0,0,45,0,45,0,45,22,23,45,0,39,6,44,1
2024-25,Andhra Pradesh,Bapatla,Chirala,Chirala (Ct),0,243,8,0,205,45,11,27,213,241,10,9,193,49,0,1,250,13,238,168,83,133,118,214,37,192,59,176,75
2024-25,Andhra Pradesh,Bapatla,Chirala,Wada,0,18,14,0,21,11,19,0,13,31,1,23,0,9,0,0,32,4,28,27,5,20,11,32,0,19,13,28,4
2024-25,Andhra Pradesh,Bapatla,Chirala,Perala,0,30,2,0,20,12,25,0,7,30,2,2,3,27,0,0,32,31,1,31,1,26,6,32,0,18,14,29,3
2024-25,Andhra Pradesh,Bapatla,Chirala,Gavinivari Palem,0,127,1,0,54,74,2,4,122,122,6,0,110,18,1,0,127,0,128,52,76,39,89,127,1,83,45,49,48
2024-25,Andhra Pradesh,Bapatla,Chirala,Ipuru Palem (Part),0,247,10,0,174,83,63,42,152,247,10,5,168,84,0,2,255,52,205,167,90,115,142,257,0,147,110,153,104
2024-25,Andhra Pradesh,Bapatla,Inkollu,Pavulur,0,59,0,1,19,39,59,0,0,56,3,0,44,15,1,0,58,10,49,29,30,30,29,55,4,55,4,22,37
2024-25,Andhra Pradesh,Bapatla,Inkollu,Inkollu,0,129,4,1,27,105,132,0,1,113,20,0,115,18,0,0,133,5,128,2,131,42,91,126,7,133,0,104,29
2024-25,Andhra Pradesh,Bapatla,Inkollu,Idupulapadu,0,41,19,0,13,47,60,0,0,57,3,0,25,35,0,0,60,7,53,0,60,16,44,59,1,59,1,45,15
2024-25,Andhra Pradesh,Bapatla,Inkollu,Bhimavaram,0,27,8,0,2,33,35,0,0,28,7,0,33,2,1,0,34,0,35,0,35,0,35,33,2,30,5,26,9
2024-25,Andhra Pradesh,Bapatla,Inkollu,Koniki,0,41,2,0,11,32,43,0,0,42,1,0,40,3,0,0,43,0,43,20,23,15,28,33,10,41,2,36,7
2024-25,Andhra Pradesh,Bapatla,Inkollu,Ganga Varam,0,30,0,0,8,22,30,0,0,30,0,0,22,8,0,0,30,3,27,12,18,18,12,27,3,29,1,20,10
2024-25,Andhra Pradesh,Bapatla,Inkollu,Duddukur,0,40,0,0,4,36,40,0,0,40,0,0,40,0,0,0,40,0,40,3,37,20,20,30,10,39,1,8,32
2024-25,Andhra Pradesh,Bapatla,Inkollu,Pusapadu,0,58,2,0,13,47,60,0,0,59,1,0,58,2,0,0,60,0,60,6,54,23,37,48,12,58,2,21,39
2024-25,Andhra Pradesh,Bapatla,Inkollu,Nagandla,0,40,0,0,11,29,40,0,0,35,5,0,36,4,0,0,40,0,40,32,8,17,23,38,2,37,3,33,7
2024-25,Andhra Pradesh,Bapatla,Janakavaram Ponguluru,Alavalapadu,0,31,36,3,39,25,67,0,0,54,13,3,31,33,0,0,67,0,67,33,34,21,46,2,65,61,6,1,66
2024-25,Andhra Pradesh,Bapatla,Janakavaram Ponguluru,Budavada,0,47,20,0,31,36,65,0,2,48,19,1,58,8,0,0,67,0,67,37,30,20,47,48,19,62,5,42,25
2024-25,Andhra Pradesh,Bapatla,Janakavaram Ponguluru,Nuzendla Palle,0,3,0,0,0,3,3,0,0,3,0,0,3,0,0,0,3,0,3,3,0,0,3,2,1,3,0,0,3
2024-25,Andhra Pradesh,Bapatla,Janakavaram Ponguluru,Reningavaram,0,28,29,0,0,57,52,0,5,50,7,4,21,32,0,0,57,0,57,2,55,7,50,57,0,47,10,27,30
2024-25,Andhra Pradesh,Bapatla,Janakavaram Ponguluru,Thurpu Thakkella Padu,0,17,0,0,15,2,17,0,0,7,10,0,17,0,2,0,15,0,17,17,0,11,6,16,1,16,1,11,6
2024-25,Andhra Pradesh,Bapatla,Janakavaram Ponguluru,Kasyapuram,0,7,3,0,0,10,10,0,0,8,2,2,6,2,0,0,10,0,10,6,4,7,3,10,0,8,2,8,2
2024-25,Andhra Pradesh,Bapatla,Janakavaram Ponguluru,Bytamanjulur,0,32,5,0,0,37,37,0,0,33,4,0,31,6,4,0,33,0,37,0,37,10,27,37,0,33,4,2,35
2024-25,Andhra Pradesh,Bapatla,Janakavaram Ponguluru,Muppavaram,0,40,25,0,14,51,65,0,0,57,8,0,24,41,0,0,65,0,65,10,55,53,12,0,65,59,6,16,49
2024-25,Andhra Pradesh,Bapatla,Janakavaram Ponguluru,Thurpu Koppera Padu,0,36,5,0,28,13,41,0,0,26,15,2,36,3,3,0,38,0,41,41,0,20,21,35,6,41,0,29,12
2024-25,Andhra Pradesh,Bapatla,Janakavaram Ponguluru,Konda Manjulur,0,57,10,0,52,15,67,0,0,45,22,0,65,2,0,0,67,0,67,67,0,31,36,66,1,63,4,51,16
2024-25,Andhra Pradesh,Bapatla,Janakavaram Ponguluru,Chandalur,0,57,6,0,38,25,63,0,0,41,22,0,57,6,0,0,63,0,63,51,12,18,45,61,2,59,4,11,52
2024-25,Andhra Pradesh,Bapatla,Janakavaram Ponguluru,Ramakuru,0,28,1,0,0,29,29,0,0,26,3,0,27,2,2,0,27,0,29,0,29,13,16,29,0,26,3,3,26
2024-25,Andhra Pradesh,Bapatla,Janakavaram Ponguluru,Janakavaram Panguluru,0,117,27,0,5,139,144,0,0,115,29,0,109,35,54,0,90,1,143,12,132,44,100,37,107,136,8,84,60
2024-25,Andhra Pradesh,Bapatla,Janakavaram Ponguluru,Kotapadu,0,66,1,1,0,66,66,0,1,56,11,0,67,0,4,0,63,0,67,0,67,20,47,6,61,67,0,32,35
2024-25,Andhra Pradesh,Bapatla,Janakavaram Ponguluru,Kondamur,0,48,18,0,0,66,62,0,4,58,8,1,42,23,6,0,60,0,66,0,66,26,40,66,0,54,12,22,44
2024-25,Andhra Pradesh,Bapatla,Karamchedu,Audi Pudi,0,83,0,0,6,77,83,0,0,62,21,9,33,41,0,0,83,2,81,9,74,6,77,81,2,77,6,43,40
2024-25,Andhra Pradesh,Bapatla,Karamchedu,Kesavarappadu,0,7,0,0,3,4,7,0,0,5,2,0,6,1,0,0,7,2,5,0,7,0,7,0,7,7,0,1,6
2024-25,Andhra Pradesh,Bapatla,Karamchedu,Kodavalivari Palem,0,62,0,0,5,57,62,0,0,50,12,1,61,0,0,0,62,5,57,3,59,0,62,18,44,57,5,1,61
2024-25,Andhra Pradesh,Bapatla,Karamchedu,Swarna,0,83,0,1,1,81,83,0,0,65,18,17,36,30,2,0,81,0,83,0,83,2,81,83,0,67,16,76,7
2024-25,Andhra Pradesh,Bapatla,Karamchedu,Karamchedu,0,126,2,0,5,123,128,0,0,89,39,0,103,25,0,0,128,18,110,11,117,14,114,128,0,92,36,33,95
2024-25,Andhra Pradesh,Bapatla,Karamchedu,Daggubadu,0,53,0,0,6,47,53,0,0,46,7,0,53,0,0,0,53,0,53,0,53,2,51,24,29,41,12,0,53
2024-25,Andhra Pradesh,Bapatla,Karamchedu,Kunkalamarru,0,84,0,1,0,83,84,0,0,68,16,5,63,16,0,0,84,3,81,12,72,30,54,84,0,61,23,52,32
2024-25,Andhra Pradesh,Bapatla,Karlapalem,Karlapalem,0,123,74,0,51,146,155,0,42,158,39,15,64,118,4,4,189,24,173,17,180,127,70,187,10,160,37,78,118
2024-25,Andhra Pradesh,Bapatla,Karlapalem,Buddam,0,13,13,0,0,26,26,0,0,22,4,1,4,21,0,0,26,0,26,7,19,0,26,26,0,22,4,9,8
2024-25,Andhra Pradesh,Bapatla,Karlapalem,Yazali,0,192,9,0,57,144,147,0,54,164,37,3,128,70,0,0,201,0,201,78,123,116,85,201,0,153,48,14,175
2024-25,Andhra Pradesh,Bapatla,Karlapalem,Perali,0,182,42,2,72,150,213,0,11,192,32,2,197,25,0,6,218,9,215,75,149,104,120,147,77,157,67,116,107
2024-25,Andhra Pradesh,Bapatla,Karlapalem,Ganapavaram,0,112,40,1,41,110,148,0,4,144,8,1,72,79,0,0,152,13,139,4,148,54,98,152,0,131,21,60,92
2024-25,Andhra Pradesh,Bapatla,Kollur,Potharlanka,0,40,109,0,9,140,144,0,5,117,32,0,32,117,0,0,149,0,149,0,149,67,81,140,9,128,21,62,86
2024-25,Andhra Pradesh,Bapatla,Kollur,Gajullanka,0,9,38,0,2,45,47,0,0,35,12,1,5,41,0,0,47,0,47,0,47,32,15,47,0,40,7,3,44
2024-25,Andhra Pradesh,Bapatla,Kollur,Ipur,0,38,18,1,1,54,56,0,0,38,18,0,30,26,5,2,49,4,52,4,52,6,50,56,0,53,3,45,11
2024-25,Andhra Pradesh,Bapatla,Kollur,Chilumuru,0,28,22,0,2,48,50,0,0,37,13,9,24,17,0,0,50,0,50,0,50,17,33,50,0,44,6,0,50
2024-25,Andhra Pradesh,Bapatla,Kollur,Donepudi,0,0,50,1,1,48,50,0,0,34,16,0,2,48,0,0,50,50,0,0,50,49,1,43,5,42,8,48,2
2024-25,Andhra Pradesh,Bapatla,Kollur,Chinapulivarru,0,8,42,1,9,40,50,0,0,33,17,23,12,15,0,2,48,2,48,27,23,38,12,49,1,50,0,50,0
2024-25,Andhra Pradesh,Bapatla,Kollur,Ravikampadu,0,33,67,5,1,94,100,0,0,82,18,28,30,42,0,1,99,66,34,14,86,90,10,65,35,99,1,98,2
2024-25,Andhra Pradesh,Bapatla,Kollur,Kollur,0,29,121,2,22,126,150,0,0,139,11,1,38,111,3,0,147,7,143,7,143,61,88,150,0,137,13,63,87
2024-25,Andhra Pradesh,Bapatla,Kollur,Pedalanka,0,85,13,0,6,92,98,0,0,81,17,1,82,15,1,0,97,0,98,0,98,83,14,98,0,77,21,2,96
2024-25,Andhra Pradesh,Bapatla,Kollur,Ananthavaram,0,0,50,0,8,42,49,0,1,46,4,0,0,50,0,1,49,0,50,0,50,24,26,48,2,50,0,42,8
2024-25,Andhra Pradesh,Bapatla,Korisapadu,Rachapudi,0,50,0,0,0,50,50,0,0,40,10,0,50,0,0,0,50,0,50,0,50,1,0,49,1,46,4,3,4
2024-25,Andhra Pradesh,Bapatla,Korisapadu,Pamidi Padu,0,113,14,0,10,117,127,0,0,104,23,0,118,9,9,0,118,8,119,2,125,40,86,91,36,107,20,38,89
2024-25,Andhra Pradesh,Bapatla,Korisapadu,Dyvala Ravuru,0,58,1,0,5,54,58,0,1,52,7,0,49,10,8,0,51,0,59,0,59,24,34,59,0,58,1,18,41
2024-25,Andhra Pradesh,Bapatla,Korisapadu,Pichikalagudipadu,0,49,0,0,1,48,49,0,0,38,11,0,49,0,0,0,49,0,49,1,48,0,0,49,0,45,4,0,0
2024-25,Andhra Pradesh,Bapatla,Korisapadu,Korisapadu,0,67,0,0,2,65,67,0,0,66,1,0,67,0,26,0,41,1,66,0,67,19,48,65,2,63,4,48,19
2024-25,Andhra Pradesh,Bapatla,Korisapadu,Somavarappadu,0,49,0,0,1,48,49,0,0,45,4,0,49,0,0,0,49,0,49,0,49,22,27,46,3,48,1,25,24
2024-25,Andhra Pradesh,Bapatla,Korisapadu,Bodduvani Palem,0,226,2,0,10,218,226,0,2,192,36,0,218,10,1,0,227,0,228,0,228,100,104,191,37,209,19,68,136
2024-25,Andhra Pradesh,Bapatla,Korisapadu,Ravinuthala,0,151,1,0,7,145,149,0,3,128,24,0,146,6,8,0,144,1,151,2,150,61,90,150,2,144,8,31,120
2024-25,Andhra Pradesh,Bapatla,Korisapadu,Anamanamur,0,19,0,0,0,19,19,0,0,16,3,0,19,0,0,0,19,0,19,0,19,6,6,17,2,18,1,7,5
2024-25,Andhra Pradesh,Bapatla,Martur,Nagaraju Palle,0,29,24,0,31,22,53,0,0,38,15,1,31,21,0,0,53,3,50,0,53,51,2,52,1,42,11,53,0
2024-25,Andhra Pradesh,Bapatla,Martur,Martur,0,44,48,0,78,14,92,0,0,59,33,1,47,44,2,0,90,1,91,0,92,57,35,4,88,80,12,12,80
2024-25,Andhra Pradesh,Bapatla,Martur,Dronadula,0,95,14,0,80,29,109,0,0,75,34,0,95,14,4,0,105,0,109,0,109,54,55,28,81,100,9,16,93
2024-25,Andhra Pradesh,Bapatla,Martur,Bolla Palle,0,40,16,0,34,22,56,0,0,31,25,0,37,19,0,0,56,0,56,0,56,7,49,30,16,45,11,55,1
2024-25,Andhra Pradesh,Bapatla,Martur,Bobbe Palle,0,37,19,0,55,1,56,0,0,41,15,0,33,23,1,0,55,10,46,0,56,32,24,0,56,48,8,32,24
2024-25,Andhra Pradesh,Bapatla,Martur,Darsiagraharam,0,34,16,0,23,27,50,0,0,30,20,0,33,17,0,0,50,0,50,0,38,16,24,30,20,49,1,33,17
2024-25,Andhra Pradesh,Bapatla,Martur,Rajupalem,0,48,4,0,41,11,52,0,0,31,21,0,48,4,2,0,50,0,52,0,52,14,38,20,32,43,9,29,23
2024-25,Andhra Pradesh,Bapatla,Martur,Jonna Thali Agraharam,0,31,25,0,13,43,56,0,0,36,20,1,30,25,0,0,56,6,50,0,56,28,28,38,18,43,13,39,17
2024-25,Andhra Pradesh,Bapatla,Martur,Valaparla,0,56,53,6,43,60,108,0,1,78,31,1,53,55,0,4,105,2,107,0,109,7,102,75,16,92,17,52,56
2024-25,Andhra Pradesh,Bapatla,Martur,Konanki,0,83,28,0,87,24,111,0,0,83,28,0,85,26,0,0,111,0,111,0,111,29,47,74,36,95,16,68,43
2024-25,Andhra Pradesh,Bapatla,Martur,Kolala Pudi,0,24,32,0,43,13,56,0,0,42,14,0,25,31,0,0,56,0,56,0,56,8,48,54,1,47,9,54,2
2024-25,Andhra Pradesh,Bapatla,Nagaram,Edupalle,0,36,0,0,7,29,34,0,2,36,0,0,33,3,5,0,31,11,25,0,36,11,25,34,2,33,3,0,36
2024-25,Andhra Pradesh,Bapatla,Nagaram,Pedamatlapudi,0,71,0,1,11,59,55,0,16,70,1,0,62,9,0,0,71,15,56,5,66,18,53,63,8,69,2,2,69
2024-25,Andhra Pradesh,Bapatla,Nagaram,Pedapalle,0,35,0,0,7,28,34,0,1,35,0,0,31,4,0,0,35,0,35,3,32,14,21,35,0,29,6,16,19
2024-25,Andhra Pradesh,Bapatla,Nagaram,Pudiwada,0,35,0,0,9,26,35,0,0,35,0,1,31,3,0,0,35,0,35,2,33,13,22,35,0,31,4,25,10
2024-25,Andhra Pradesh,Bapatla,Nagaram,Eletipalem,0,70,0,0,14,56,33,1,36,70,0,0,63,7,0,0,70,17,53,15,55,1,69,40,30,63,7,32,38
2024-25,Andhra Pradesh,Bapatla,Nagaram,Sivangulapalem,0,7,0,0,1,6,6,0,1,7,0,0,4,3,0,0,7,0,7,0,7,0,7,7,0,6,1,0,7
2024-25,Andhra Pradesh,Bapatla,Nagaram,Allaparru,0,109,0,1,26,82,106,0,3,108,1,0,96,13,0,0,109,44,65,0,109,26,82,109,0,97,12,1,108
2024-25,Andhra Pradesh,Bapatla,Nagaram,Siripudi,0,34,1,0,7,28,31,0,4,35,0,0,33,2,5,0,30,11,24,2,33,10,25,35,0,29,6,13,22
2024-25,Andhra Pradesh,Bapatla,Nagaram,Nagaram,0,35,0,0,5,30,18,0,17,34,1,1,30,4,0,0,35,18,17,0,34,0,35,20,15,32,3,22,13
2024-25,Andhra Pradesh,Bapatla,Nagaram,Pamidimarru,0,22,0,0,5,17,12,0,10,22,0,0,18,4,0,0,22,0,22,7,15,1,21,15,7,16,6,8,14
2024-25,Andhra Pradesh,Bapatla,Nagaram,Dhulipudi,0,116,1,0,29,88,79,0,38,117,0,0,97,20,0,0,117,27,90,32,85,8,109,107,10,100,17,71,46
2024-25,Andhra Pradesh,Bapatla,Nagaram,Thotapalle,0,9,0,0,4,5,9,0,0,9,0,0,9,0,0,0,9,0,9,0,9,0,9,9,0,9,0,4,5
2024-25,Andhra Pradesh,Bapatla,Nagaram,Peddavaram,0,19,0,0,9,10,19,0,0,19,0,0,17,2,0,0,19,0,19,0,19,0,19,19,0,17,2,6,13
2024-25,Andhra Pradesh,Bapatla,Nizampatnam,Adavuladeevi,0,76,69,59,7,79,144,0,1,125,20,0,76,69,5,0,140,34,111,23,122,41,103,136,9,138,7,119,26
2024-25,Andhra Pradesh,Bapatla,Nizampatnam,Pregnam,0,38,12,0,9,41,50,0,0,34,16,0,30,20,0,0,50,0,50,0,50,1,49,50,0,50,0,41,9
2024-25,Andhra Pradesh,Bapatla,Nizampatnam,Dindi,0,65,5,1,11,58,67,0,3,46,24,0,70,0,15,0,55,0,70,0,70,27,43,53,17,63,7,4,66
2024-25,Andhra Pradesh,Bapatla,Nizampatnam,Nizampatnam,0,216,25,0,82,159,115,0,126,154,87,0,229,12,0,0,241,0,241,5,236,28,213,241,0,184,57,5,236
2024-25,Andhra Pradesh,Bapatla,Nizampatnam,Amudalapalli,0,48,2,0,3,47,50,0,0,37,13,0,49,1,0,0,50,6,44,0,50,45,5,50,0,44,6,36,14
2024-25,Andhra Pradesh,Bapatla,Nizampatnam,Kuchinapudi,0,86,62,3,45,100,97,0,51,107,41,1,80,67,0,0,148,4,144,12,135,75,73,132,16,133,15,48,95
2024-25,Andhra Pradesh,Bapatla,Nizampatnam,Pallapatla,0,38,10,0,41,7,26,0,22,42,6,0,48,0,0,0,48,0,48,0,48,18,30,48,0,43,5,0,48
2024-25,Andhra Pradesh,Bapatla,Nizampatnam,Muthupalle Agraharam,0,29,19,0,13,35,48,0,0,36,12,1,10,37,0,0,48,0,48,0,48,15,33,46,2,48,0,33,15
2024-25,Andhra Pradesh,Bapatla,Parchur,Inagallu,0,13,2,0,1,14,15,0,0,12,3,0,11,4,1,0,14,1,14,0,15,0,15,15,0,10,5,11,4
2024-25,Andhra Pradesh,Bapatla,Parchur,Veeranna Palem,0,29,1,0,1,29,30,0,0,30,0,0,30,0,0,0,30,1,29,8,22,2,28,30,0,24,6,6,24
2024-25,Andhra Pradesh,Bapatla,Parchur,Adusumalle,0,13,2,0,0,15,15,0,0,11,4,0,14,1,3,0,12,3,12,2,13,1,14,15,0,12,3,7,8
2024-25,Andhra Pradesh,Bapatla,Parchur,Parchur,0,74,1,1,8,66,75,0,0,67,8,0,75,0,0,0,75,0,75,10,65,9,66,74,1,60,15,21,54
2024-25,Andhra Pradesh,Bapatla,Parchur,Ramanayapalem,0,15,0,0,1,14,15,0,0,13,2,0,15,0,1,0,14,0,15,11,4,0,15,15,0,11,4,1,14
2024-25,Andhra Pradesh,Bapatla,Parchur,Upputur,0,30,0,0,3,27,30,0,0,25,5,0,30,0,0,0,30,0,30,11,19,0,30,30,0,17,13,10,20
2024-25,Andhra Pradesh,Bapatla,Parchur,Garnepudi,0,15,0,0,1,14,15,0,0,11,4,0,12,3,5,0,10,8,7,0,15,0,15,15,0,11,4,12,3
2024-25,Andhra Pradesh,Bapatla,Parchur,Cherukuru,0,30,0,0,6,24,30,0,0,26,4,0,30,0,0,0,30,0,30,21,9,2,28,30,0,26,4,0,30
2024-25,Andhra Pradesh,Bapatla,Parchur,Nuthalapadu,0,30,0,0,2,28,30,0,0,29,1,0,30,0,0,0,30,1,29,3,27,1,29,30,0,23,7,11,19
2024-25,Andhra Pradesh,Bapatla,Parchur,Devara Palle,0,15,0,0,1,14,15,0,0,6,9,0,15,0,5,0,10,0,15,0,15,0,15,15,0,12,3,7,8
2024-25,Andhra Pradesh,Bapatla,Parchur,Edubadu,0,15,0,0,0,15,15,0,0,9,6,0,15,0,1,0,14,0,15,0,15,1,14,15,0,11,4,8,7
2024-25,Andhra Pradesh,Bapatla,Parchur,Gollapudi,0,15,0,0,2,13,15,0,0,12,3,0,15,0,1,0,14,0,15,5,10,2,13,15,0,11,4,2,13
2024-25,Andhra Pradesh,Bapatla,Pittalavanipalem,Allur,0,35,39,2,48,24,62,0,12,60,14,0,46,28,0,0,74,1,73,42,32,74,0,74,0,61,13,74,0
2024-25,Andhra Pradesh,Bapatla,Pittalavanipalem,Sangupalem Kodur,0,63,5,0,0,68,67,0,1,58,10,0,39,29,0,0,68,0,68,12,56,4,64,68,0,65,3,54,14
2024-25,Andhra Pradesh,Bapatla,Pittalavanipalem,Komali,0,21,44,2,0,63,65,0,0,52,13,6,10,49,0,0,65,0,65,9,56,1,64,62,3,56,9,27,38
2024-25,Andhra Pradesh,Bapatla,Pittalavanipalem,Khajipalem,0,99,18,1,0,116,117,0,0,94,23,5,76,36,0,0,117,52,65,54,63,32,85,114,2,106,11,86,31
2024-25,Andhra Pradesh,Bapatla,Pittalavanipalem,Pittalavanipalem,0,211,60,2,3,266,260,0,11,235,36,17,140,114,0,0,271,15,256,217,54,69,201,262,9,238,33,119,152
2024-25,Andhra Pradesh,Bapatla,Pittalavanipalem,Chandole,0,124,81,6,1,198,204,0,1,173,32,35,83,87,0,0,205,2,203,156,49,62,143,165,40,174,31,82,123
2024-25,Andhra Pradesh,Bapatla,Repalle,Kaithepalle,0,53,15,0,10,58,68,0,0,49,19,0,25,43,0,0,68,11,57,0,68,20,48,66,2,63,5,34,34
2024-25,Andhra Pradesh,Bapatla,Repalle,Chodayapalem,0,1,67,1,0,67,36,0,32,23,45,0,1,67,0,0,68,5,63,2,66,36,32,68,0,67,1,59,9
2024-25,Andhra Pradesh,Bapatla,Repalle,Karumuru,1,14,18,1,0,32,31,0,2,8,25,0,14,19,0,0,33,0,33,0,33,6,27,33,0,32,1,15,18
2024-25,Andhra Pradesh,Bapatla,Repalle,Penumudi,0,2,31,0,0,33,31,0,2,13,20,0,2,31,0,0,33,8,25,0,33,21,12,33,0,32,1,27,6
2024-25,Andhra Pradesh,Bapatla,Repalle,Peteru,0,99,0,0,25,74,97,0,2,96,3,0,63,36,0,0,99,0,99,0,99,39,60,98,1,88,11,7,92
2024-25,Andhra Pradesh,Bapatla,Repalle,Uppudi,0,35,0,0,4,31,35,0,0,35,0,0,16,19,0,0,35,16,19,7,28,18,17,34,0,30,5,13,22
2024-25,Andhra Pradesh,Bapatla,Repalle,Bethapudi,0,66,0,0,4,62,66,0,0,66,0,0,61,5,0,0,66,0,66,0,66,23,42,66,0,62,4,0,66
2024-25,Andhra Pradesh,Bapatla,Repalle,Kamarajugadda,0,0,33,0,0,33,33,0,0,11,22,0,0,33,0,0,33,0,33,0,33,1,32,33,0,31,2,12,21
2024-25,Andhra Pradesh,Bapatla,Repalle,Singupalem,0,15,18,0,19,14,33,0,0,24,9,1,17,15,0,0,33,33,0,0,33,0,33,33,0,28,5,22,11
2024-25,Andhra Pradesh,Bapatla,Repalle,Potumeraka,0,32,36,2,32,34,67,1,0,46,22,7,42,19,1,0,67,52,16,3,65,19,49,68,0,60,8,59,9
2024-25,Andhra Pradesh,Bapatla,Repalle,Isukapalle (R),0,33,0,0,0,33,33,0,0,33,0,0,30,3,0,0,33,4,29,0,33,12,21,32,1,31,2,0,33
2024-25,Andhra Pradesh,Bapatla,Repalle,Repalle Town (U),0,0,33,1,7,25,32,0,1,17,16,0,0,33,0,0,33,6,27,0,33,29,4,30,3,32,1,21,12
2024-25,Andhra Pradesh,Bapatla,Repalle,Aravapalle,0,21,12,0,3,30,33,0,0,22,11,0,32,1,0,0,33,32,1,0,33,0,33,33,0,32,1,15,18
2024-25,Andhra Pradesh,Bapatla,Repalle,Nalluru,0,33,0,0,0,33,33,0,0,33,0,0,29,4,0,0,33,3,30,1,32,8,24,33,0,31,2,0,33
2024-25,Andhra Pradesh,Bapatla,Repalle,Gangadipalem,0,73,26,1,17,81,99,0,0,58,41,0,51,48,0,0,99,57,42,0,99,8,91,99,0,95,4,70,29
2024-25,Andhra Pradesh,Bapatla,Repalle,Chatragadda,0,18,15,0,14,19,31,0,2,19,14,0,19,14,0,0,33,0,33,0,33,2,31,33,0,30,3,32,1
2024-25,Andhra Pradesh,Bapatla,Santhamaguluru,Kopparam,0,119,0,0,23,96,119,0,0,104,15,0,106,13,4,0,115,2,117,0,119,34,85,97,22,104,15,56,63
2024-25,Andhra Pradesh,Bapatla,Santhamaguluru,Elchur,0,106,15,1,22,98,121,0,0,103,18,0,50,71,0,0,121,1,120,0,120,44,77,111,10,114,7,46,75
2024-25,Andhra Pradesh,Bapatla,Santhamaguluru,Kommala Padu,0,106,12,0,13,105,118,0,0,106,12,0,95,23,0,0,118,0,118,0,118,34,84,82,36,116,2,81,37
2024-25,Andhra Pradesh,Bapatla,Santhamaguluru,Kunduru (East),0,47,5,0,8,44,51,0,1,52,0,0,41,11,0,0,52,0,52,0,52,13,39,40,12,51,1,29,23
2024-25,Andhra Pradesh,Bapatla,Santhamaguluru,Gurijepalle,0,40,0,1,5,34,40,0,0,31,9,0,32,8,0,0,40,0,40,0,40,11,29,35,5,40,0,30,10
2024-25,Andhra Pradesh,Bapatla,Santhamaguluru,Tangedu Malli,0,73,1,0,10,64,74,0,0,67,7,0,55,19,0,0,74,4,70,0,74,15,59,36,38,70,4,30,44
2024-25,Andhra Pradesh,Bapatla,Santhamaguluru,Kamepalle,0,40,0,0,3,37,40,0,0,35,5,0,39,1,36,0,4,0,40,0,40,12,28,23,17,40,0,10,30
2024-25,Andhra Pradesh,Bapatla,Santhamaguluru,Vellala Cheruvu,0,75,5,1,17,62,78,0,2,69,11,0,71,9,0,0,80,0,80,3,77,36,44,51,29,70,10,44,36
2024-25,Andhra Pradesh,Bapatla,Santhamaguluru,Kunduru (West),0,26,2,0,3,25,28,0,0,26,2,0,25,3,0,0,28,0,28,0,28,10,18,26,2,23,5,20,8
2024-25,Andhra Pradesh,Bapatla,Santhamaguluru,Santhamaguluru,0,128,0,0,16,112,128,0,0,113,15,0,103,25,3,0,125,9,119,7,121,21,107,121,7,116,12,51,77
2024-25,Andhra Pradesh,Bapatla,Tsundur,Manduru,0,46,8,0,19,35,54,0,0,37,17,0,0,54,0,0,54,0,54,0,54,41,13,54,0,49,5,49,5
2024-25,Andhra Pradesh,Bapatla,Tsundur,Edlapalle,0,22,86,0,70,38,108,0,0,86,22,2,25,81,0,0,108,0,108,83,25,108,0,105,3,88,20,108,0
2024-25,Andhra Pradesh,Bapatla,Tsundur,Thottempudi,0,49,5,1,13,40,51,0,3,29,25,0,4,50,0,0,54,0,54,0,54,26,28,54,0,53,1,0,54
2024-25,Andhra Pradesh,Bapatla,Tsundur,Chinaparimi,0,12,42,0,1,53,53,0,1,47,7,2,2,50,0,0,54,1,53,32,22,1,53,54,0,44,10,45,9
2024-25,Andhra Pradesh,Bapatla,Tsundur,Pedagadelavarru,0,5,49,0,25,29,54,0,0,41,13,0,3,51,0,0,54,0,54,0,54,27,27,54,0,51,3,49,5
2024-25,Andhra Pradesh,Bapatla,Tsundur,Vetapalem,0,97,1,1,2,95,98,0,0,74,24,0,52,46,0,0,98,1,97,92,6,38,60,91,7,79,19,74,24
2024-25,Andhra Pradesh,Bapatla,Tsundur,Modukuru,0,86,22,0,1,107,107,0,1,83,25,2,50,56,0,0,108,0,108,52,56,55,53,108,0,94,14,103,5
2024-25,Andhra Pradesh,Bapatla,Tsundur,Tsundur,0,97,11,0,16,92,106,0,2,71,37,0,58,50,0,0,108,29,79,5,103,16,92,108,0,95,13,18,90
2024-25,Andhra Pradesh,Bapatla,Tsundur,Alapadu,0,38,16,0,4,50,54,0,0,35,19,0,1,53,0,0,54,0,54,0,54,45,9,54,0,45,9,53,1
2024-25,Andhra Pradesh,Bapatla,Tsundur,Penugudurupadu,0,6,48,0,22,32,54,0,0,46,8,0,5,49,0,0,54,0,54,0,54,6,48,52,2,53,1,52,2
2024-25,Andhra Pradesh,Bapatla,Tsundur,Valiveru,0,19,35,0,6,48,54,0,0,52,2,0,19,35,0,0,54,0,54,0,54,31,23,48,6,54,0,5,49
2024-25,Andhra Pradesh,Bapatla,Vemuru,Penumarru,0,54,16,0,63,7,70,0,0,38,32,0,22,48,0,0,70,0,70,0,66,38,31,70,0,66,4,37,13
2024-25,Andhra Pradesh,Bapatla,Vemuru,Pothumarru,0,5,6,0,0,11,11,0,0,4,7,0,0,11,0,0,11,0,11,0,11,8,3,11,0,11,0,8,3
2024-25,Andhra Pradesh,Bapatla,Vemuru,Balijepalle,0,0,40,1,0,39,40,0,0,35,5,0,5,35,0,0,40,0,40,0,40,23,17,40,0,40,0,35,5
2024-25,Andhra Pradesh,Bapatla,Vemuru,Jampani,0,109,36,0,12,133,138,0,7,93,52,0,3,142,0,0,145,0,145,2,143,78,67,143,2,133,12,108,37
2024-25,Andhra Pradesh,Bapatla,Vemuru,Peravalipalem,0,31,34,1,2,62,58,0,7,49,16,0,0,65,0,0,65,0,65,0,65,26,39,64,1,64,1,59,6
2024-25,Andhra Pradesh,Bapatla,Vemuru,Vemuru,0,127,30,0,58,99,155,0,2,124,33,5,12,140,0,0,157,0,157,13,144,55,102,157,0,148,9,149,8
2024-25,Andhra Pradesh,Bapatla,Vemuru,Chavali,0,24,31,0,11,44,53,0,2,34,21,0,18,37,0,0,55,0,55,0,55,31,24,55,0,51,4,36,18
2024-25,Andhra Pradesh,Bapatla,Vemuru,Abbanagudavalli,0,0,10,0,0,10,10,0,0,9,1,0,0,10,0,0,10,0,10,0,10,5,5,10,0,10,0,8,2
2024-25,Andhra Pradesh,Bapatla,Vemuru,Pulichintalapalem,0,11,1,0,1,11,11,0,1,6,6,0,0,12,0,0,12,0,12,0,12,9,3,12,0,12,0,8,4
2024-25,Andhra Pradesh,Bapatla,Vemuru,Kuchallapadu,0,53,12,0,23,42,65,0,0,39,26,0,48,17,0,0,65,0,65,16,49,23,42,56,9,60,5,31,34
2024-25,Andhra Pradesh,Bapatla,Vemuru,Peravali,0,52,3,0,29,26,54,0,1,35,20,0,54,1,0,0,55,0,55,0,54,10,45,55,0,54,1,28,27
2024-25,Andhra Pradesh,Bapatla,Vemuru,Varahapuram,0,25,25,0,24,26,50,0,0,32,18,0,13,37,0,0,50,0,50,0,50,27,23,38,12,47,3,15,3
2024-25,Andhra Pradesh,Bapatla,Vemuru,Chadalawada,0,53,12,1,21,43,65,0,0,39,26,0,4,61,0,0,65,0,65,1,43,41,24,63,2,60,5,13,52
2024-25,Andhra Pradesh,Bapatla,Vetapalem,Nayani Palle,0,69,11,0,18,62,54,0,26,65,15,0,80,0,0,0,80,0,80,0,80,28,51,80,0,65,15,40,40
2024-25,Andhra Pradesh,Bapatla,Vetapalem,Pandilla Palle,0,79,1,0,4,76,39,2,39,59,21,1,79,0,5,0,75,1,79,0,79,66,14,78,2,67,13,48,32
2024-25,Andhra Pradesh,Bapatla,Vetapalem,Vetapalem (Ct),0,256,50,0,213,93,221,6,79,229,77,0,212,94,0,0,306,43,263,1,279,119,187,297,9,273,33,3,303
2024-25,Andhra Pradesh,Bapatla,Vetapalem,Pullari Palem,0,33,7,0,14,26,33,0,7,27,13,0,38,2,0,0,40,0,40,0,40,7,33,40,0,31,9,4,36
2024-25,Andhra Pradesh,Bapatla,Vetapalem,Kotha Peta (Part),0,167,27,0,83,111,114,0,80,147,47,0,189,5,0,10,184,2,192,28,166,126,68,161,33,176,18,150,44
2024-25,Andhra Pradesh,Bapatla,Yddana Pudi,Enamadala,0,34,2,0,29,7,30,0,6,35,1,4,6,26,6,0,30,1,35,0,36,17,19,8,28,36,0,10,26
2024-25,Andhra Pradesh,Bapatla,Yddana Pudi,Poluru,0,38,0,0,27,10,16,0,22,38,0,0,32,6,0,0,38,0,38,0,38,5,33,5,33,37,1,17,21
2024-25,Andhra Pradesh,Bapatla,Yddana Pudi,Yeddanapudi,0,40,0,0,29,11,9,3,28,39,1,0,12,28,1,0,39,9,31,0,40,13,27,4,36,38,2,25,15
2024-25,Andhra Pradesh,Bapatla,Yddana Pudi,Gannavaram,0,40,0,0,24,16,16,0,24,40,0,0,27,13,1,0,39,8,32,0,40,16,24,1,39,38,2,5,35
2024-25,Andhra Pradesh,Bapatla,Yddana Pudi,Vinjanampadu,0,1,0,0,0,1,0,0,1,1,0,0,0,1,0,0,1,0,1,0,1,0,1,0,1,0,1,0,1
2024-25,Andhra Pradesh,Bapatla,Yddana Pudi,Punuru,0,39,1,0,28,12,3,0,37,39,1,1,16,23,3,0,37,1,39,0,40,8,32,7,33,40,0,28,12
2024-25,Andhra Pradesh,Bapatla,Yddana Pudi,Ananthavaram,0,5,0,0,2,3,3,0,2,5,0,1,0,4,0,0,5,0,5,0,5,5,0,0,5,5,0,0,5
2024-25,Andhra Pradesh,Chittoor,Baireddipalle,Baireddipalle,0,30,16,38,4,4,22,1,23,43,3,3,30,13,0,0,46,0,46,28,18,37,9,45,1,44,2,40,6
2024-25,Andhra Pradesh,Chittoor,Baireddipalle,Chappidipalle,0,14,25,25,5,9,17,1,21,37,2,12,14,13,0,0,39,0,39,29,10,30,9,39,0,38,1,35,4
2024-25,Andhra Pradesh,Chittoor,Baireddipalle,Pathurnatham,0,18,31,37,1,11,29,2,18,37,12,18,18,13,0,0,49,0,49,30,19,41,8,49,0,46,3,45,4
2024-25,Andhra Pradesh,Chittoor,Baireddipalle,Belupalle,0,40,4,30,1,13,18,9,17,42,2,0,40,4,0,0,44,0,44,25,19,28,16,44,0,43,1,40,4
2024-25,Andhra Pradesh,Chittoor,Baireddipalle,Alapalle,0,32,9,25,5,11,11,11,19,40,1,4,32,5,0,0,41,0,41,31,10,29,12,41,0,39,2,35,6
2024-25,Andhra Pradesh,Chittoor,Baireddipalle,Kambhampalle,0,27,16,40,1,2,23,2,18,33,10,3,27,13,0,0,43,0,43,27,16,24,19,42,1,38,5,40,3
2024-25,Andhra Pradesh,Chittoor,Baireddipalle,Gounithimmepalle,0,31,12,23,3,17,13,1,29,37,6,2,31,10,0,0,43,0,43,28,15,31,12,43,0,41,2,41,2
2024-25,Andhra Pradesh,Chittoor,Baireddipalle,Gollachemana Palle,0,29,13,30,5,7,13,4,25,36,6,4,29,9,0,0,42,0,42,25,17,28,14,42,0,40,2,39,3
2024-25,Andhra Pradesh,Chittoor,Baireddipalle,Mulathimmepalle,0,3,2,3,0,2,2,2,1,5,0,1,3,1,0,0,5,0,5,1,4,2,3,5,0,5,0,4,1
2024-25,Andhra Pradesh,Chittoor,Baireddipalle,Meakalanagireddi Palle,0,1,1,1,1,0,1,0,1,2,0,0,1,1,0,0,2,0,2,2,0,2,0,2,0,2,0,2,0
2024-25,Andhra Pradesh,Chittoor,Baireddipalle,Kaigallu,0,3,0,3,0,0,0,3,0,2,1,0,3,0,0,0,3,0,3,2,1,1,2,3,0,3,0,2,1
2024-25,Andhra Pradesh,Chittoor,Baireddipalle,Theertham,0,48,32,39,26,15,31,7,42,71,9,15,47,18,0,0,80,0,80,52,28,55,25,79,1,76,4,71,9
2024-25,Andhra Pradesh,Chittoor,Baireddipalle,Dharmapuri,0,14,11,17,1,7,5,3,17,23,2,6,14,5,0,0,25,0,25,15,10,19,6,24,1,25,0,24,1
2024-25,Andhra Pradesh,Chittoor,Baireddipalle,Donthirallapalle,0,4,1,4,1,0,0,0,5,4,1,1,4,0,0,0,5,0,5,4,1,4,1,5,0,5,0,5,0
2024-25,Andhra Pradesh,Chittoor,Baireddipalle,Kadapanatham,0,17,14,22,3,6,18,0,13,24,7,4,16,11,0,0,31,0,31,22,9,23,8,31,0,30,1,30,1
2024-25,Andhra Pradesh,Chittoor,Baireddipalle,Lakkanapalle,0,27,10,7,23,7,15,9,13,29,8,0,26,11,0,0,37,0,37,25,12,16,21,37,0,36,1,35,2
2024-25,Andhra Pradesh,Chittoor,Baireddipalle,Kammanapalle,0,23,13,27,5,4,21,2,13,26,10,2,23,11,0,1,35,0,36,26,10,34,2,36,0,34,2,34,2
2024-25,Andhra Pradesh,Chittoor,Baireddipalle,Devadoddi,0,47,3,17,12,21,15,15,20,47,3,1,47,2,0,0,50,0,50,31,19,35,15,49,1,48,2,45,5
2024-25,Andhra Pradesh,Chittoor,Baireddipalle,Peddachellaragunta,0,26,23,28,10,11,15,18,16,40,9,4,26,19,0,0,49,0,49,37,12,35,14,49,0,47,2,45,4
2024-25,Andhra Pradesh,Chittoor,Baireddipalle,Ganginayanipalle,0,16,13,17,0,12,16,2,11,28,1,5,16,8,0,0,29,0,29,20,9,23,6,28,1,28,1,26,3
2024-25,Andhra Pradesh,Chittoor,Baireddipalle,Settipalle,0,9,5,1,2,11,2,7,5,10,4,2,9,3,0,0,14,0,14,8,6,4,10,14,0,13,1,13,1
2024-25,Andhra Pradesh,Chittoor,Baireddipalle,Raghunayakula Dinne,0,0,1,1,0,0,1,0,0,1,0,0,0,1,0,0,1,0,1,1,0,1,0,1,0,0,1,1,0
2024-25,Andhra Pradesh,Chittoor,Baireddipalle,Thimmaiahgaripalle,0,0,1,0,0,1,1,0,0,1,0,0,0,1,0,0,1,0,1,0,1,0,1,1,0,1,0,1,0
2024-25,Andhra Pradesh,Chittoor,Baireddipalle,Nellipatla,0,26,15,22,1,18,11,7,23,32,9,4,26,11,0,0,41,0,41,33,8,33,8,41,0,38,3,39,2
2024-25,Andhra Pradesh,Chittoor,Bangarupalem,Setteri,0,19,8,10,6,11,6,7,14,22,5,0,18,9,6,0,21,0,27,15,12,21,6,27,0,25,2,25,2
2024-25,Andhra Pradesh,Chittoor,Bangarupalem,Tekumanda,0,22,21,29,4,10,8,10,25,37,6,1,21,20,1,1,39,0,42,28,15,31,12,42,1,40,3,41,2
2024-25,Andhra Pradesh,Chittoor,Bangarupalem,Ragimanipenta,0,40,29,39,12,18,24,13,32,57,12,1,39,29,2,0,65,1,68,41,28,45,24,69,0,63,6,61,8
2024-25,Andhra Pradesh,Chittoor,Bangarupalem,Thoompayanapalle,0,7,12,9,5,5,8,5,6,14,5,0,7,12,0,0,19,0,19,14,5,14,5,17,2,18,1,17,2
2024-25,Andhra Pradesh,Chittoor,Bangarupalem,Nallangadu,0,14,17,15,5,11,6,5,20,27,4,0,14,17,6,0,25,0,31,21,10,25,6,30,1,31,0,27,4
2024-25,Andhra Pradesh,Chittoor,Bangarupalem,Mothagunta,0,0,1,1,0,0,1,0,0,1,0,0,0,1,0,0,1,0,1,1,0,0,1,1,0,1,0,1,0
2024-25,Andhra Pradesh,Chittoor,Bangarupalem,Kurmaipalle,0,31,16,42,3,2,11,13,23,37,10,0,32,15,14,0,33,0,47,14,33,32,15,46,1,43,4,41,6
2024-25,Andhra Pradesh,Chittoor,Bangarupalem,Nalagampalle,0,55,41,60,12,24,29,22,45,82,14,1,54,41,22,0,74,0,96,67,29,69,27,95,1,92,4,92,4
2024-25,Andhra Pradesh,Chittoor,Bangarupalem,Paleru,0,33,14,33,3,11,27,3,17,43,4,0,33,14,0,0,47,0,47,28,19,36,11,46,1,44,3,44,3
2024-25,Andhra Pradesh,Chittoor,Bangarupalem,Gollapalle,0,49,41,55,20,16,32,23,36,76,15,0,49,42,3,0,88,2,89,31,60,69,22,87,4,84,7,79,12
2024-25,Andhra Pradesh,Chittoor,Bangarupalem,Vepanapalle,0,7,2,6,0,3,1,6,2,8,1,0,7,2,0,0,9,0,9,3,6,6,3,9,0,8,1,9,0
2024-25,Andhra Pradesh,Chittoor,Bangarupalem,Mogili,0,51,28,44,8,27,11,24,44,61,18,0,49,30,10,0,69,0,79,58,21,52,27,79,0,77,2,69,10
2024-25,Andhra Pradesh,Chittoor,Bangarupalem,Mahasamudram,0,28,18,25,13,8,23,8,15,33,13,0,28,18,0,0,46,0,46,28,18,29,17,44,2,45,1,40,6
2024-25,Andhra Pradesh,Chittoor,Bangarupalem,Sadakuppam,0,6,7,6,4,3,8,0,5,12,1,0,6,7,5,0,8,0,13,9,4,9,4,12,1,12,1,10,3
2024-25,Andhra Pradesh,Chittoor,Bangarupalem,Palamakulapalle,0,3,2,4,0,1,0,3,2,5,0,0,3,2,0,0,5,0,5,4,1,5,0,5,0,5,0,4,1
2024-25,Andhra Pradesh,Chittoor,Bangarupalem,Kallurupalle,0,14,11,21,2,2,16,4,5,22,3,0,14,11,0,0,25,0,25,4,21,19,6,25,0,24,1,22,3
2024-25,Andhra Pradesh,Chittoor,Bangarupalem,Noonegundlapalle,0,18,19,22,2,13,8,13,16,32,5,2,17,18,9,0,28,0,37,25,12,26,11,34,3,35,2,36,1
2024-25,Andhra Pradesh,Chittoor,Bangarupalem,Bodabandla,0,20,26,33,5,8,18,2,26,43,3,0,19,27,0,0,46,0,46,17,29,41,5,44,2,44,2,42,4
2024-25,Andhra Pradesh,Chittoor,Bangarupalem,Thumba Kuppam,0,14,7,14,1,6,3,4,14,19,2,1,14,6,3,0,18,0,21,17,4,16,5,21,0,21,0,18,3
2024-25,Andhra Pradesh,Chittoor,Bangarupalem,Thumba,0,24,14,32,2,4,11,18,9,31,7,0,24,14,4,0,34,0,38,22,16,31,7,36,2,36,2,34,4
2024-25,Andhra Pradesh,Chittoor,Bangarupalem,Jambuvaripalle,0,11,14,20,1,4,10,4,11,20,5,0,11,14,0,0,25,0,25,19,6,20,5,24,1,24,1,22,3
2024-25,Andhra Pradesh,Chittoor,Bangarupalem,Kalvamogilappa Kandriga,0,32,16,31,4,13,7,8,33,37,11,0,32,16,1,0,47,0,48,38,10,39,9,45,3,42,6,41,7
2024-25,Andhra Pradesh,Chittoor,Bangarupalem,Thambuganipalle,0,26,20,39,2,5,6,14,26,41,5,1,26,19,3,0,43,6,40,12,34,35,11,44,2,45,1,41,5
2024-25,Andhra Pradesh,Chittoor,Bangarupalem,Venkatagiri,0,26,21,35,1,11,10,15,22,39,8,0,26,21,1,0,46,0,47,32,15,35,12,46,1,46,1,41,6
2024-25,Andhra Pradesh,Chittoor,Bangarupalem,Keeramanda,0,47,4,32,8,11,5,26,20,46,5,0,47,4,1,0,50,0,51,8,43,25,26,48,3,50,1,43,8
2024-25,Andhra Pradesh,Chittoor,Bangarupalem,Gundla Kattamanchi,0,27,26,45,1,7,7,23,23,46,7,2,27,24,11,0,42,0,53,16,37,39,14,52,1,52,1,48,5
2024-25,Andhra Pradesh,Chittoor,Chittoor,Iruvaram,0,0,0,0,1,5,0,6,0,0,0,0,6,0,0,0,6,0,6,3,3,0,6,3,3,0,0,4,2
2024-25,Andhra Pradesh,Chittoor,Chittoor,Greamspeta,0,8,4,2,4,7,1,2,10,9,3,0,9,4,8,0,5,0,13,7,6,9,4,12,1,11,1,10,3
2024-25,Andhra Pradesh,Chittoor,Chittoor,Krishnapuram,0,8,9,6,5,6,4,3,10,11,6,0,8,9,15,0,2,0,17,6,11,8,9,15,2,16,1,11,6
2024-25,Andhra Pradesh,Chittoor,Chittoor,Bakara Narasinga Rayani Peta,0,20,21,16,14,10,22,1,18,28,13,0,20,21,1,1,39,0,41,28,13,28,13,34,7,38,3,35,6
2024-25,Andhra Pradesh,Chittoor,Chittoor,Peddisettipalle,0,29,19,15,16,17,23,3,24,30,21,2,29,17,0,0,48,0,48,31,22,39,13,46,7,45,6,48,5
2024-25,Andhra Pradesh,Chittoor,Chittoor,Chinthalagunta,0,8,3,2,4,5,6,1,4,10,1,0,8,3,2,0,9,0,11,7,4,10,1,10,1,7,4,11,0
2024-25,Andhra Pradesh,Chittoor,Chittoor,Thalambedu,0,38,13,15,21,15,8,32,11,46,5,0,38,13,3,0,48,0,51,21,30,23,28,46,5,43,8,18,33
2024-25,Andhra Pradesh,Chittoor,Chittoor,Kurchivedu,0,4,3,2,3,2,7,0,0,7,0,0,4,3,0,0,7,0,7,2,5,3,4,7,0,7,0,6,1
2024-25,Andhra Pradesh,Chittoor,Chittoor,Guvvakallu,0,5,2,2,4,1,2,0,5,7,0,1,5,1,1,0,6,0,7,1,6,7,0,6,1,7,0,7,0
2024-25,Andhra Pradesh,Chittoor,Chittoor,Perumalla Khandriga,0,15,10,6,9,10,9,4,12,20,5,0,15,10,3,0,22,0,25,15,10,16,9,22,3,22,3,21,4
2024-25,Andhra Pradesh,Chittoor,Chittoor,Varadarajulapalle,0,4,1,1,3,1,1,1,3,4,0,0,4,1,0,0,5,0,5,2,3,3,2,5,0,3,2,5,0
2024-25,Andhra Pradesh,Chittoor,Chittoor,Thenebanda (Part),0,24,28,30,4,18,32,6,14,45,6,0,23,29,0,0,52,0,52,37,15,44,8,46,6,44,8,48,4
2024-25,Andhra Pradesh,Chittoor,Chittoor,Ayanavedu,0,6,3,3,2,4,4,2,3,8,1,0,6,3,0,0,9,0,9,5,4,4,5,7,2,9,0,3,6
2024-25,Andhra Pradesh,Chittoor,Chittoor,S.Venkatapuram,0,9,5,6,7,7,7,7,6,9,5,0,14,6,0,0,20,0,20,13,7,11,9,18,2,12,2,15,5
2024-25,Andhra Pradesh,Chittoor,Chittoor,Gandlapalle,0,3,1,3,0,1,2,0,2,3,1,0,3,1,0,0,4,0,4,2,2,1,3,4,0,4,0,3,1
2024-25,Andhra Pradesh,Chittoor,Chittoor,Gollapalle,0,2,0,0,1,1,0,1,1,2,0,0,2,0,0,0,2,0,2,1,1,2,0,2,0,2,0,2,0
2024-25,Andhra Pradesh,Chittoor,Chittoor,Bandapalle,0,2,2,0,1,3,1,1,2,3,1,0,2,2,0,0,4,0,4,0,4,3,1,3,1,3,1,2,2
2024-25,Andhra Pradesh,Chittoor,Chittoor,Anagallu,0,27,19,24,5,17,13,1,32,44,1,1,28,17,3,0,43,0,46,27,19,29,17,34,4,41,5,22,24
2024-25,Andhra Pradesh,Chittoor,Chittoor,Arathala,0,0,1,0,1,0,0,1,0,1,0,0,0,1,0,0,1,0,1,0,1,1,0,1,0,1,0,1,0
2024-25,Andhra Pradesh,Chittoor,Chittoor,Diguvamasapalle,1,28,24,26,5,19,18,11,24,49,3,1,27,25,6,0,47,0,53,32,21,32,21,46,7,44,9,33,20
2024-25,Andhra Pradesh,Chittoor,Chittoor,Ananthapuram,0,2,1,2,1,0,1,2,0,3,0,0,2,1,0,0,3,0,3,1,2,1,2,3,0,3,0,1,2
2024-25,Andhra Pradesh,Chittoor,Chittoor,Venkatapuram,0,7,13,5,7,8,13,1,6,7,13,0,7,12,0,0,18,0,18,8,12,16,4,19,1,16,4,19,1
2024-25,Andhra Pradesh,Chittoor,Chittoor,Thumminda,0,28,14,10,16,15,13,5,24,32,10,0,28,14,1,0,41,1,41,34,8,34,8,35,7,36,6,38,4
2024-25,Andhra Pradesh,Chittoor,Chittoor,Siddampalle,0,2,0,1,1,0,0,0,2,2,0,0,2,0,0,0,2,0,2,1,1,2,0,2,0,2,0,2,0
2024-25,Andhra Pradesh,Chittoor,Chittoor,Mangasamudram (Ct),0,0,0,3,2,8,0,10,3,0,0,0,11,2,0,0,13,0,13,10,3,0,13,9,4,0,0,6,7
2024-25,Andhra Pradesh,Chittoor,Chittoor,Lakshmambapuram,0,4,2,2,0,4,0,2,4,3,3,0,4,2,0,0,6,0,6,3,3,3,3,6,0,6,0,0,6
2024-25,Andhra Pradesh,Chittoor,Chittoor,Narigapalle,0,7,7,7,2,5,4,0,10,14,0,0,7,7,11,0,3,0,14,9,5,9,5,14,0,11,3,12,2
2024-25,Andhra Pradesh,Chittoor,Chittoor,Anupalle,0,3,16,12,3,4,10,0,9,14,5,0,3,16,3,0,16,0,19,9,10,10,9,18,1,17,2,13,6
2024-25,Andhra Pradesh,Chittoor,Chowdepalle,Diguvapalle,1,25,17,6,3,34,4,3,36,40,3,0,26,17,0,0,43,0,42,24,19,30,13,38,5,42,1,29,14
2024-25,Andhra Pradesh,Chittoor,Chowdepalle,A.Kothakota,0,29,7,5,4,27,4,2,30,28,8,0,30,6,0,0,36,0,36,22,14,22,14,33,3,35,1,24,12
2024-25,Andhra Pradesh,Chittoor,Chowdepalle,Settipeta,0,14,1,5,1,9,1,1,13,15,0,0,14,1,0,0,15,0,15,11,4,12,3,15,0,13,2,13,2
2024-25,Andhra Pradesh,Chittoor,Chowdepalle,Pudipatla,0,29,3,4,1,27,7,2,23,23,9,0,29,3,0,0,32,0,32,21,11,24,8,30,2,31,1,25,7
2024-25,Andhra Pradesh,Chittoor,Chowdepalle,Katiperi,0,30,8,3,1,34,2,7,29,31,7,1,29,8,0,1,37,0,38,24,14,28,10,34,4,35,3,25,13
2024-25,Andhra Pradesh,Chittoor,Chowdepalle,Kogathi,0,27,2,4,2,24,1,1,28,25,5,0,28,2,0,2,28,0,30,13,17,17,13,28,2,30,0,17,13
2024-25,Andhra Pradesh,Chittoor,Chowdepalle,Chowdepalle,0,35,14,8,2,40,6,3,41,45,5,1,33,15,0,0,48,1,48,34,16,35,15,48,2,49,1,30,20
2024-25,Andhra Pradesh,Chittoor,Chowdepalle,Peddayallakuntla,0,6,3,2,0,7,1,1,7,5,4,0,6,3,0,0,9,0,9,4,5,6,3,9,0,9,0,6,3
2024-25,Andhra Pradesh,Chittoor,Chowdepalle,Gaddamvaripalle,0,47,25,9,10,53,9,5,58,56,16,0,49,23,0,1,70,0,72,45,27,52,20,64,8,69,3,46,26
2024-25,Andhra Pradesh,Chittoor,Chowdepalle,Charala,0,34,0,2,4,28,1,0,33,30,4,0,33,0,0,0,34,1,33,22,12,22,12,29,5,34,0,21,13
2024-25,Andhra Pradesh,Chittoor,Chowdepalle,Laddigam,0,7,0,2,0,5,1,0,6,7,0,0,6,0,0,1,5,0,6,4,3,5,2,6,1,7,0,6,1
2024-25,Andhra Pradesh,Chittoor,Chowdepalle,Durgasamudram,0,23,7,3,1,26,4,3,23,27,3,1,21,8,0,0,29,0,29,18,12,17,13,25,5,30,0,16,14
2024-25,Andhra Pradesh,Chittoor,Chowdepalle,Pandillapalle,0,30,11,7,1,33,4,6,31,34,7,0,29,12,0,11,30,0,41,21,20,27,14,38,3,39,2,28,13
2024-25,Andhra Pradesh,Chittoor,Chowdepalle,29 -A. Chinta -Makulapalle,0,31,4,7,3,25,5,0,30,33,2,0,31,4,0,0,35,0,35,18,17,22,13,31,4,34,1,22,13
2024-25,Andhra Pradesh,Chittoor,Chowdepalle,Kondamarri,0,90,26,14,16,86,17,10,89,81,35,0,89,27,1,0,115,0,116,84,32,89,27,105,11,110,6,89,27
2024-25,Andhra Pradesh,Chittoor,Gangadhara Nellore,Kalijavedu,0,26,24,19,5,26,3,30,17,15,35,0,27,23,0,0,50,2,48,34,16,39,11,49,1,20,30,38,12
2024-25,Andhra Pradesh,Chittoor,Gangadhara Nellore,Tungundram,0,32,17,18,7,27,1,30,20,17,35,0,35,17,16,0,36,0,52,31,21,39,13,48,4,21,31,40,12
2024-25,Andhra Pradesh,Chittoor,Gangadhara Nellore,Ellapalle,0,4,1,2,1,2,0,5,0,0,5,0,4,1,0,0,5,0,5,5,0,5,0,5,0,0,5,5,0
2024-25,Andhra Pradesh,Chittoor,Gangadhara Nellore,Bojjinayanipalle,0,13,10,1,3,19,2,13,8,8,15,0,14,9,0,0,23,0,23,19,4,18,5,21,2,10,13,18,5
2024-25,Andhra Pradesh,Chittoor,Gangadhara Nellore,Kothavenkatapuram,0,36,14,9,6,35,0,30,20,14,36,1,35,14,14,0,36,0,50,38,12,39,11,44,6,19,31,39,11
2024-25,Andhra Pradesh,Chittoor,Gangadhara Nellore,Pathavenkatapuram,0,3,5,2,0,6,0,8,0,0,8,0,3,5,0,0,8,0,8,7,1,7,1,6,2,2,6,6,2
2024-25,Andhra Pradesh,Chittoor,Gangadhara Nellore,Murthinayanipalle,0,10,5,2,2,11,2,5,8,5,10,0,10,5,9,0,5,0,15,8,7,11,4,13,2,10,5,8,7
2024-25,Andhra Pradesh,Chittoor,Gangadhara Nellore,Ambodharapalle,0,33,12,11,8,26,1,24,20,10,35,1,32,12,0,0,44,0,44,35,10,35,10,41,4,20,25,33,12
2024-25,Andhra Pradesh,Chittoor,Gangadhara Nellore,Gangadharanellore,0,41,20,18,9,34,3,38,20,22,39,0,41,20,15,0,44,0,61,45,16,47,14,56,5,20,41,47,14
2024-25,Andhra Pradesh,Chittoor,Gangadhara Nellore,Velkur,0,23,13,10,5,21,1,23,12,5,31,0,23,13,3,0,33,0,36,27,9,30,6,34,2,9,27,30,6
2024-25,Andhra Pradesh,Chittoor,Gangadhara Nellore,Agaramangalam,0,23,16,4,6,29,1,28,10,8,31,0,22,17,1,2,35,1,38,29,10,31,8,35,4,11,28,29,10
2024-25,Andhra Pradesh,Chittoor,Gangadhara Nellore,Vepanjeri,0,39,11,13,6,31,0,34,16,15,35,0,39,11,7,0,43,0,50,38,12,38,12,48,2,18,32,36,14
2024-25,Andhra Pradesh,Chittoor,Gangadhara Nellore,Chinnavepanjeri,0,35,13,15,8,25,1,29,18,19,29,0,35,13,15,0,33,0,48,35,13,36,12,46,2,18,30,37,11
2024-25,Andhra Pradesh,Chittoor,Gangadhara Nellore,Bukkapatnam,0,25,4,11,5,13,0,28,1,0,29,1,24,4,0,0,29,0,29,23,6,24,5,25,4,1,28,24,5
2024-25,Andhra Pradesh,Chittoor,Gangadhara Nellore,Garigalapalle,0,4,5,3,2,4,0,8,1,1,8,0,4,5,1,0,8,0,9,8,1,8,1,8,1,1,8,8,1
2024-25,Andhra Pradesh,Chittoor,Gangadhara Nellore,Nellipalle,0,32,7,7,6,26,1,28,10,5,34,0,32,7,7,0,32,0,39,31,8,31,8,36,3,12,27,30,9
2024-25,Andhra Pradesh,Chittoor,Gangadhara Nellore,Kondepalle,0,3,0,1,0,2,0,2,1,0,3,0,3,0,0,0,3,0,3,3,0,3,0,2,1,1,2,2,1
2024-25,Andhra Pradesh,Chittoor,Gangadhara Nellore,Kotrakona,0,21,10,10,3,17,0,21,10,7,24,0,21,10,6,0,25,0,31,23,8,22,9,30,1,10,21,24,6
2024-25,Andhra Pradesh,Chittoor,Gangadhara Nellore,Mukkelathuru,0,22,2,3,1,20,3,0,21,17,7,0,22,2,24,0,0,0,24,15,9,17,7,23,1,23,1,15,9
2024-25,Andhra Pradesh,Chittoor,Gangadhara Nellore,Mahadevamangalam,0,5,4,0,0,9,0,0,9,8,1,0,5,4,9,0,0,0,9,7,2,5,4,8,1,9,0,6,3
2024-25,Andhra Pradesh,Chittoor,Gangadhara Nellore,Kadapagunta,0,12,11,9,2,12,0,22,1,0,23,0,13,10,0,0,22,0,23,21,2,18,5,22,1,1,22,21,2
2024-25,Andhra Pradesh,Chittoor,Gangadhara Nellore,Nandanoor,0,26,14,18,5,17,1,30,9,4,36,0,28,12,1,0,39,0,40,32,8,32,8,39,1,10,30,32,8
2024-25,Andhra Pradesh,Chittoor,Gangadhara Nellore,Varathuru,0,33,17,8,7,37,2,29,20,17,34,1,32,18,1,0,49,0,51,41,11,40,12,49,3,22,30,30,22
2024-25,Andhra Pradesh,Chittoor,Gangadhara Nellore,Pachigunta,0,17,10,10,4,13,0,24,3,1,26,0,16,11,1,0,26,0,27,25,2,24,3,26,1,1,26,25,2
2024-25,Andhra Pradesh,Chittoor,Gangadhara Nellore,Peddakalva,0,35,12,9,6,32,4,22,21,14,33,0,35,12,4,0,43,0,47,37,10,36,11,43,4,19,28,36,11
2024-25,Andhra Pradesh,Chittoor,Gangadhara Nellore,Vinjam,0,75,24,19,19,61,6,58,34,31,67,0,76,23,2,0,96,0,98,89,10,87,12,85,14,41,58,83,16
2024-25,Andhra Pradesh,Chittoor,Gangadhara Nellore,Veerakanellore,0,39,8,6,8,33,2,27,18,10,37,0,40,7,3,0,44,0,47,37,10,39,8,45,2,18,29,38,9
2024-25,Andhra Pradesh,Chittoor,Gangadhara Nellore,Kotagaram,0,26,24,7,9,34,4,27,19,17,33,0,25,25,1,0,49,0,50,38,12,42,8,47,3,20,30,39,11
2024-25,Andhra Pradesh,Chittoor,Gangadhara Nellore,Vezzupalle,0,34,5,6,5,28,1,26,12,10,29,0,34,5,8,0,31,0,39,34,5,33,6,36,3,12,27,31,8
2024-25,Andhra Pradesh,Chittoor,Gangavaram,Mamadugu,0,30,18,34,1,13,15,0,33,39,9,7,30,11,2,0,46,0,48,30,18,33,15,47,1,47,1,44,4
2024-25,Andhra Pradesh,Chittoor,Gangavaram,Kallupalle,0,37,10,16,20,11,16,3,28,41,6,6,36,5,0,0,47,0,47,30,17,34,13,46,1,45,2,37,10
2024-25,Andhra Pradesh,Chittoor,Gangavaram,Mogilpalle,0,2,4,6,0,0,0,2,4,6,0,2,2,2,0,0,6,0,6,5,1,4,2,6,0,5,1,5,1
2024-25,Andhra Pradesh,Chittoor,Gangavaram,Maredupalle,0,38,10,32,4,12,22,1,25,43,5,2,38,8,0,0,47,0,48,34,14,34,14,46,2,47,1,46,2
2024-25,Andhra Pradesh,Chittoor,Gangavaram,Kalagatoor,0,36,11,16,10,21,4,0,43,36,11,2,35,10,0,4,43,0,47,31,16,32,15,47,0,42,5,42,5
2024-25,Andhra Pradesh,Chittoor,Gangavaram,Pathikonda,0,36,10,26,0,20,10,0,36,41,5,5,36,5,0,0,46,0,46,30,16,30,16,45,1,42,4,41,5
2024-25,Andhra Pradesh,Chittoor,Gangavaram,Jeedimakulapalle,0,20,22,24,2,16,11,5,26,34,8,8,20,14,0,0,42,0,42,26,16,31,11,39,3,40,2,36,6
2024-25,Andhra Pradesh,Chittoor,Gangavaram,Dandapalle,0,61,35,54,6,36,36,2,58,79,17,10,61,25,0,1,95,1,95,62,34,68,28,94,2,90,6,85,11
2024-25,Andhra Pradesh,Chittoor,Gangavaram,Keelapatla,0,26,16,36,2,4,20,1,21,37,5,6,26,10,0,1,41,0,42,28,14,31,11,42,0,38,4,33,9
2024-25,Andhra Pradesh,Chittoor,Gangavaram,Gangavaram (Part),0,33,18,45,0,6,27,1,23,43,8,9,33,9,1,0,50,0,51,30,21,38,13,51,0,49,2,46,5
2024-25,Andhra Pradesh,Chittoor,Gangavaram,Melumoy,0,30,18,39,1,8,21,1,26,41,7,1,30,17,1,0,47,0,48,34,14,33,15,47,1,43,5,41,7
2024-25,Andhra Pradesh,Chittoor,Gangavaram,Kothapalle,0,34,12,31,4,11,23,0,23,37,9,2,34,10,0,1,45,0,46,30,16,28,18,45,1,44,2,38,8
2024-25,Andhra Pradesh,Chittoor,Gangavaram,Gandrajupalle,0,38,12,22,6,22,29,0,21,40,10,2,38,10,0,0,50,0,50,36,14,35,15,50,0,46,4,50,0
2024-25,Andhra Pradesh,Chittoor,Gangavaram,Keelapalle,0,29,16,23,6,16,19,0,26,42,3,3,29,13,0,0,44,0,45,31,14,32,13,45,0,41,4,39,6
2024-25,Andhra Pradesh,Chittoor,Gangavaram,Gundugallu,0,38,9,38,1,8,25,2,20,42,5,1,38,8,2,0,45,0,47,30,17,32,15,44,3,44,3,37,10
2024-25,Andhra Pradesh,Chittoor,Gangavaram,Pasupathur,0,41,6,39,1,7,25,1,21,42,5,2,41,4,0,0,47,0,47,34,13,33,14,45,2,43,4,39,8
2024-25,Andhra Pradesh,Chittoor,Gudipala,Pasumanda,0,13,17,5,8,17,19,5,6,11,19,3,13,14,3,0,27,0,30,23,7,20,10,26,4,29,1,26,4
2024-25,Andhra Pradesh,Chittoor,Gudipala,Kothapalle,0,22,19,13,12,16,22,7,12,11,30,0,22,19,4,0,37,0,41,28,13,25,16,35,6,37,4,30,11
2024-25,Andhra Pradesh,Chittoor,Gudipala,Bandapalle,0,2,4,2,3,1,2,3,1,0,6,0,2,4,1,0,5,0,6,6,0,6,0,5,1,6,0,5,1
2024-25,Andhra Pradesh,Chittoor,Gudipala,Gudipala,0,20,27,17,16,14,29,4,14,22,25,4,20,23,0,0,47,0,47,39,8,39,8,43,4,42,5,37,10
2024-25,Andhra Pradesh,Chittoor,Gudipala,Basavapalle,0,6,27,15,6,12,21,6,6,6,27,1,6,26,18,0,15,1,32,24,9,24,9,30,3,30,3,29,4
2024-25,Andhra Pradesh,Chittoor,Gudipala,Krishna Jammapuram,0,0,6,0,3,3,2,3,1,2,4,0,0,6,0,0,6,0,6,4,2,6,0,6,0,6,0,5,1
2024-25,Andhra Pradesh,Chittoor,Gudipala,Muthukurpalle,0,3,4,2,4,1,3,2,2,4,3,0,3,4,2,0,5,0,7,4,3,3,4,7,0,6,1,7,0
2024-25,Andhra Pradesh,Chittoor,Gudipala,Chittapara,0,17,19,18,10,8,16,2,18,16,20,3,17,16,0,0,36,0,36,16,20,23,13,30,6,32,4,32,4
2024-25,Andhra Pradesh,Chittoor,Gudipala,Vasanthapuram,0,6,6,7,2,3,7,2,3,5,7,2,6,4,8,0,4,0,12,9,3,9,3,12,0,11,1,11,1
2024-25,Andhra Pradesh,Chittoor,Gudipala,Ragimanupatteda,0,6,5,1,4,6,1,1,9,10,1,0,6,5,0,0,11,0,11,0,11,6,5,7,4,10,1,10,1
2024-25,Andhra Pradesh,Chittoor,Gudipala,Papasamudram,0,17,22,10,14,15,24,8,7,15,24,1,16,22,20,0,19,0,39,26,13,28,11,37,2,35,4,37,2
2024-25,Andhra Pradesh,Chittoor,Gudipala,Ramapuram,0,11,11,10,3,9,16,3,3,3,18,1,10,11,0,0,22,0,22,15,7,16,6,21,1,20,2,15,7
2024-25,Andhra Pradesh,Chittoor,Gudipala,Adilakshmamba Puram,0,4,6,1,6,3,7,1,2,4,6,0,4,6,1,0,9,0,10,6,4,6,4,9,1,10,0,9,1
2024-25,Andhra Pradesh,Chittoor,Gudipala,Mogaralapalle,0,15,28,14,12,17,16,9,18,15,28,2,15,26,9,0,34,0,43,34,9,34,9,37,6,39,4,37,5
2024-25,Andhra Pradesh,Chittoor,Gudipala,Gollapalle,0,4,7,5,2,4,9,0,2,1,10,0,4,7,0,0,11,0,11,7,4,10,1,11,0,11,0,11,0
2024-25,Andhra Pradesh,Chittoor,Gudipala,Bandarlapalle,0,4,5,2,1,6,8,1,0,4,5,0,4,5,0,0,9,0,9,7,2,6,3,9,0,8,1,9,0
2024-25,Andhra Pradesh,Chittoor,Gudipala,Marakalakuppam,0,16,13,4,9,16,10,8,11,15,14,2,15,12,9,0,20,0,29,14,15,18,11,26,3,27,2,28,1
2024-25,Andhra Pradesh,Chittoor,Gudipala,Nangamangalam,0,13,19,20,7,5,16,4,12,14,18,0,13,19,17,0,15,0,32,25,7,25,7,28,4,30,2,28,4
2024-25,Andhra Pradesh,Chittoor,Gudipala,Mandi Krishnapuram,0,9,1,9,0,1,6,3,1,1,8,0,8,1,6,0,4,0,10,7,3,7,3,8,2,9,1,6,4
2024-25,Andhra Pradesh,Chittoor,Gudipala,Kuppiganipalle,0,11,11,13,4,5,13,3,6,0,22,1,11,10,1,0,21,0,22,12,10,15,7,17,5,21,1,16,6
2024-25,Andhra Pradesh,Chittoor,Gudipala,Dakshina Brahmana Palle,0,9,8,1,3,13,15,0,2,3,13,0,9,8,1,0,16,0,17,7,10,12,5,14,3,15,2,16,1
2024-25,Andhra Pradesh,Chittoor,Gudipala,Srirangampalle,0,2,0,2,0,0,0,0,2,2,0,0,2,0,0,0,2,0,2,2,0,1,1,2,0,2,0,2,0
2024-25,Andhra Pradesh,Chittoor,Gudipala,Cheelapalle,0,19,25,30,3,10,28,5,11,19,25,1,19,24,6,0,38,0,44,23,21,33,11,39,4,40,4,39,5
2024-25,Andhra Pradesh,Chittoor,Gudipala,Bomma Samudram,0,28,46,20,19,35,41,13,20,32,42,3,27,43,19,0,55,0,74,36,38,56,18,68,6,68,6,57,17
2024-25,Andhra Pradesh,Chittoor,Gudipala,Cheruvu Mundara Khandriga,0,2,4,1,3,2,5,1,0,3,3,0,2,4,1,0,5,0,6,4,2,5,1,5,1,6,0,5,1
2024-25,Andhra Pradesh,Chittoor,Gudipala,Kaidugani Khandriga,0,23,6,2,14,13,15,7,7,9,20,0,23,6,1,0,28,0,29,16,13,21,8,26,3,28,1,26,3
2024-25,Andhra Pradesh,Chittoor,Gudipala,Ramapuram,0,19,14,19,6,8,11,3,19,7,26,2,19,12,5,0,28,0,33,21,12,21,12,28,4,30,3,28,5
2024-25,Andhra Pradesh,Chittoor,Gudipala,Naragallu,0,12,25,8,10,19,17,5,15,14,23,1,12,24,3,0,34,0,37,26,11,25,12,31,6,32,5,33,4
2024-25,Andhra Pradesh,Chittoor,Gudipala,Venkata Lakshmamba Puram,0,7,8,2,8,5,4,2,9,12,3,0,7,8,0,0,15,0,15,5,10,8,7,12,3,14,1,14,1
2024-25,Andhra Pradesh,Chittoor,Gudupalle,Agaram,0,25,17,0,34,8,3,0,39,40,2,7,24,11,0,0,42,0,42,40,2,40,2,42,0,37,5,40,2
2024-25,Andhra Pradesh,Chittoor,Gudupalle,Vengepalle,0,3,3,1,2,3,0,4,2,3,3,2,3,1,0,0,6,0,6,4,2,5,1,6,0,6,0,6,0
2024-25,Andhra Pradesh,Chittoor,Gudupalle,Kotamakanepalle,0,9,0,2,2,5,2,1,6,6,3,0,9,0,0,0,9,0,9,7,2,6,3,9,0,7,2,8,1
2024-25,Andhra Pradesh,Chittoor,Gudupalle,Sodiganipalle,0,31,11,37,0,5,26,0,16,40,2,6,30,6,0,0,42,0,42,38,4,27,15,41,1,40,2,40,2
2024-25,Andhra Pradesh,Chittoor,Gudupalle,Thalai Agraharam,0,4,6,0,4,6,6,1,4,11,0,1,4,5,0,0,10,0,10,11,0,11,0,11,0,11,0,10,1
2024-25,Andhra Pradesh,Chittoor,Gudupalle,Peddaparthikunta,0,2,2,0,4,0,0,4,0,4,0,2,1,1,0,0,4,0,4,4,0,1,3,4,0,4,0,4,0
2024-25,Andhra Pradesh,Chittoor,Gudupalle,Settipalle,0,8,35,25,11,7,1,16,26,43,0,8,7,28,0,0,40,1,40,41,2,40,3,43,0,40,3,40,3
2024-25,Andhra Pradesh,Chittoor,Gudupalle,Irisiganipalle,0,6,5,2,4,5,2,2,7,9,2,3,6,2,0,1,10,0,11,11,0,8,3,11,0,10,1,10,1
2024-25,Andhra Pradesh,Chittoor,Gudupalle,Kanamanapalle,0,31,11,8,12,22,0,4,38,39,3,1,31,10,0,0,42,0,42,36,6,42,0,42,0,38,4,40,2
2024-25,Andhra Pradesh,Chittoor,Gudupalle,Gundlasagaram,0,39,3,9,11,22,1,22,19,37,5,0,39,3,0,0,41,0,42,36,6,22,20,40,1,39,3,40,2
2024-25,Andhra Pradesh,Chittoor,Gudupalle,Kakinayanichigurla Palle,0,1,0,0,0,1,1,0,0,1,0,0,1,0,0,0,1,0,1,1,0,1,0,1,0,1,0,1,0
2024-25,Andhra Pradesh,Chittoor,Gudupalle,Dasimanipalle,0,19,7,10,5,11,6,3,17,24,2,3,19,4,0,0,26,0,26,22,4,19,7,26,0,25,1,25,1
2024-25,Andhra Pradesh,Chittoor,Gudupalle,Ontipalle,0,2,0,0,0,2,0,1,1,2,0,0,2,0,0,0,2,0,2,2,0,2,0,2,0,2,0,2,0
2024-25,Andhra Pradesh,Chittoor,Gudupalle,Chinnagollapalle,0,19,22,12,13,16,2,20,19,41,0,1,17,23,0,0,41,0,41,24,17,22,19,41,0,40,1,39,2
2024-25,Andhra Pradesh,Chittoor,Gudupalle,Peddagollapalle,0,1,0,0,1,0,0,1,0,1,0,0,1,0,0,0,1,0,1,0,1,0,1,1,0,1,0,1,0
2024-25,Andhra Pradesh,Chittoor,Gudupalle,Pogurupalle,0,22,20,33,3,6,28,5,9,32,10,4,22,16,0,1,41,0,42,30,12,30,12,41,1,39,3,39,3
2024-25,Andhra Pradesh,Chittoor,Gudupalle,Onnapanayani Kothur,0,15,8,0,8,15,4,5,14,15,8,0,15,8,0,0,22,0,23,14,9,13,10,21,2,23,0,23,0
2024-25,Andhra Pradesh,Chittoor,Gudupalle,Chinnaparthikunta,0,16,11,2,20,5,0,16,11,27,0,3,16,8,0,1,26,0,27,11,16,18,9,27,0,25,2,24,3
2024-25,Andhra Pradesh,Chittoor,Gudupalle,Cheekatipalle,0,19,6,2,8,15,5,6,14,21,4,1,19,5,0,0,25,0,25,18,7,20,5,24,1,24,1,23,2
2024-25,Andhra Pradesh,Chittoor,Gudupalle,Kuppiganipalle,0,25,13,4,14,20,3,3,32,38,0,3,25,10,0,0,38,0,38,35,3,38,0,38,0,36,2,36,2
2024-25,Andhra Pradesh,Chittoor,Gudupalle,Sanganapalle,0,2,5,2,4,1,0,5,2,7,0,2,2,3,0,0,7,0,7,1,6,5,2,7,0,7,0,7,0
2024-25,Andhra Pradesh,Chittoor,Gudupalle,Boyanapalle,0,2,1,0,3,0,0,2,1,3,0,0,1,2,0,0,3,0,3,2,1,2,1,3,0,3,0,3,0
2024-25,Andhra Pradesh,Chittoor,Gudupalle,Burugulapalle,0,1,0,0,1,0,0,1,0,1,0,0,1,0,0,0,1,0,1,0,1,0,1,1,0,0,1,1,0
2024-25,Andhra Pradesh,Chittoor,Gudupalle,Kotapalle,0,7,3,2,6,2,3,1,6,6,4,1,7,2,0,0,10,0,10,6,4,7,3,10,0,7,3,9,1
2024-25,Andhra Pradesh,Chittoor,Gudupalle,Settipalle @ K.Bandarlapalle,0,35,6,2,30,9,0,28,13,41,0,1,36,4,0,0,41,0,41,18,23,25,16,41,0,39,2,39,2
2024-25,Andhra Pradesh,Chittoor,Gudupalle,Beggilipalle,0,7,31,21,0,17,1,6,31,34,4,19,7,12,0,0,38,0,38,37,1,37,1,38,0,35,3,37,1
2024-25,Andhra Pradesh,Chittoor,Gudupalle,Athinatham,0,4,2,4,1,1,2,0,4,5,1,1,4,1,0,0,6,0,6,5,1,5,1,6,0,6,0,6,0
2024-25,Andhra Pradesh,Chittoor,Gudupalle,Yamaganipalle,0,49,35,39,28,17,23,28,33,78,6,9,45,30,3,0,80,0,84,57,27,70,14,81,3,82,2,81,3
2024-25,Andhra Pradesh,Chittoor,Gudupalle,Sirigiripalle,0,2,2,1,1,2,4,0,0,4,0,1,2,1,0,0,4,0,4,4,0,4,0,4,0,4,0,4,0
2024-25,Andhra Pradesh,Chittoor,Gudupalle,Gudupalle,0,25,7,18,6,8,6,10,16,28,4,1,24,7,0,0,32,1,31,30,2,31,1,32,0,30,2,31,1
2024-25,Andhra Pradesh,Chittoor,Gudupalle,Avulathimmanapalle,0,29,12,19,1,22,1,11,30,37,5,1,29,11,0,0,41,0,41,42,0,38,4,41,1,40,2,40,2
2024-25,Andhra Pradesh,Chittoor,Gudupalle,Bisanatham,0,9,1,2,1,7,7,1,2,10,0,1,9,0,0,0,10,0,10,9,1,10,0,10,0,9,1,9,1
2024-25,Andhra Pradesh,Chittoor,Irala,Irala,0,64,21,32,17,36,31,6,48,78,7,0,62,23,2,0,83,0,84,55,30,67,18,85,0,80,5,78,7
2024-25,Andhra Pradesh,Chittoor,Irala,Kaminayanipalle,0,38,13,32,3,16,19,5,27,47,4,1,35,15,1,0,50,1,50,34,17,42,9,51,0,49,2,48,3
2024-25,Andhra Pradesh,Chittoor,Irala,Kothapalle,0,51,18,37,9,23,32,10,27,65,4,1,49,19,9,0,60,0,69,42,27,45,24,69,0,63,6,61,8
2024-25,Andhra Pradesh,Chittoor,Irala,Peddasamireddipalle,0,1,0,0,0,1,0,0,1,0,1,0,1,0,0,0,1,0,1,0,1,1,0,1,0,1,0,1,0
2024-25,Andhra Pradesh,Chittoor,Irala,Mudigolam,0,46,22,31,13,24,34,8,26,61,7,2,45,21,8,0,60,0,68,38,30,51,17,67,1,65,3,58,10
2024-25,Andhra Pradesh,Chittoor,Irala,Erlampalle,0,47,18,23,12,30,26,15,24,59,6,2,47,16,8,0,57,0,65,45,20,50,15,64,1,62,3,55,10
2024-25,Andhra Pradesh,Chittoor,Irala,Chigarapalle,0,27,11,17,7,14,17,4,17,35,3,0,25,13,2,1,35,0,38,23,15,31,7,38,0,36,2,36,2
2024-25,Andhra Pradesh,Chittoor,Irala,Gundlapalle,0,41,26,34,12,21,29,9,29,58,9,0,39,28,0,0,67,0,67,40,27,54,13,66,1,62,5,58,9
2024-25,Andhra Pradesh,Chittoor,Irala,Morampalle,1,30,10,23,5,13,12,4,25,39,2,1,29,11,1,0,40,0,40,24,17,30,11,40,1,38,3,36,5
2024-25,Andhra Pradesh,Chittoor,Irala,Puthramaddi,0,27,15,24,6,12,15,8,19,41,1,0,25,17,0,0,42,0,42,23,19,31,11,42,0,37,5,39,3
2024-25,Andhra Pradesh,Chittoor,Irala,Nampalle,0,40,29,26,19,24,21,10,38,62,7,1,38,30,0,0,69,0,69,42,27,54,15,68,1,65,4,64,5
2024-25,Andhra Pradesh,Chittoor,Irala,Venkata Samudra Agraharam,0,11,8,12,1,6,15,0,4,18,1,0,11,8,0,0,19,0,19,13,6,15,4,19,0,18,1,18,1
2024-25,Andhra Pradesh,Chittoor,Irala,Pulluru,0,18,9,14,3,10,8,7,12,24,3,0,17,9,2,0,25,0,27,15,12,21,6,27,0,26,1,25,2
2024-25,Andhra Pradesh,Chittoor,Irala,Kanipakam,0,31,15,26,7,13,14,7,25,41,5,0,28,18,1,0,45,0,46,29,17,38,8,44,2,42,4,42,4
2024-25,Andhra Pradesh,Chittoor,Irala,Polakala,1,33,34,44,6,18,29,4,35,60,8,0,32,36,1,0,67,0,68,39,29,55,13,67,0,65,3,58,10
2024-25,Andhra Pradesh,Chittoor,Karvetinagar,Alathur,0,28,15,27,1,15,16,3,24,42,1,1,28,14,9,0,34,0,43,28,15,31,12,41,2,42,1,38,5
2024-25,Andhra Pradesh,Chittoor,Karvetinagar,Lakshmirajupet,0,12,3,11,1,3,5,1,9,13,2,0,12,3,5,0,10,0,15,7,8,10,5,15,0,13,2,14,1
2024-25,Andhra Pradesh,Chittoor,Karvetinagar,Surendranagaram,0,5,0,5,0,0,2,0,3,4,1,0,5,0,0,0,5,0,5,4,1,4,1,4,1,5,0,4,1
2024-25,Andhra Pradesh,Chittoor,Karvetinagar,Kollagunta,0,20,17,28,2,7,9,5,23,33,4,0,19,18,12,0,25,1,36,20,17,30,7,34,3,36,1,31,6
2024-25,Andhra Pradesh,Chittoor,Karvetinagar,Annur,0,15,20,23,4,8,15,5,15,31,4,0,15,20,12,0,23,0,35,17,18,27,8,35,0,33,2,31,4
2024-25,Andhra Pradesh,Chittoor,Karvetinagar,Tirumalakondamambagaripeta,0,29,14,39,0,4,25,3,15,39,4,3,30,10,7,0,36,0,43,33,10,36,7,42,1,42,1,37,6
2024-25,Andhra Pradesh,Chittoor,Karvetinagar,Battuvaripalle,0,1,5,5,0,1,2,2,2,6,0,0,1,5,1,0,5,0,6,2,4,4,2,6,0,6,0,5,1
2024-25,Andhra Pradesh,Chittoor,Karvetinagar,Katherapalle,0,22,20,29,10,3,20,4,18,40,2,2,23,17,11,0,31,0,42,23,19,34,8,40,2,39,3,36,6
2024-25,Andhra Pradesh,Chittoor,Karvetinagar,Ponnagallu,0,20,24,30,1,13,24,2,18,42,2,0,19,25,12,0,32,0,44,21,23,35,9,44,0,42,2,39,5
2024-25,Andhra Pradesh,Chittoor,Karvetinagar,Rajakumaravenkata Bahadurpet,0,22,20,36,1,5,19,1,22,39,3,2,21,19,9,0,33,0,42,30,12,34,8,40,2,41,1,38,4
2024-25,Andhra Pradesh,Chittoor,Karvetinagar,Annurkasabagayat,0,5,3,8,0,0,7,1,0,8,0,0,5,3,0,0,8,0,8,7,1,8,0,8,0,7,1,7,1
2024-25,Andhra Pradesh,Chittoor,Karvetinagar,Eduvaripalle,0,1,1,1,0,1,0,0,2,2,0,0,1,1,0,0,2,0,2,2,0,2,0,2,0,2,0,2,0
2024-25,Andhra Pradesh,Chittoor,Karvetinagar,Erramrajupalle,0,9,3,8,0,4,0,8,4,11,1,0,9,3,3,0,9,0,12,8,4,8,4,12,0,12,0,9,3
2024-25,Andhra Pradesh,Chittoor,Karvetinagar,Kesavakuppam,0,4,5,4,1,4,4,3,2,8,1,0,4,5,8,0,1,0,9,6,3,5,4,9,0,8,1,7,2
2024-25,Andhra Pradesh,Chittoor,Karvetinagar,Karvetinagar,0,28,15,23,3,17,12,8,23,41,2,0,27,16,1,0,42,0,43,39,4,31,12,43,0,41,2,38,5
2024-25,Andhra Pradesh,Chittoor,Karvetinagar,Kotarvedu,0,14,9,15,4,4,9,1,13,22,1,1,13,9,5,0,18,0,23,18,5,18,5,22,1,22,1,21,2
2024-25,Andhra Pradesh,Chittoor,Karvetinagar,Nissankadurgam,0,4,0,1,1,2,1,0,3,3,1,0,4,0,2,0,2,0,4,4,0,2,2,4,0,3,1,3,1
2024-25,Andhra Pradesh,Chittoor,Karvetinagar,Makamambavilasam,0,15,7,18,1,3,12,0,10,20,2,0,14,8,0,0,22,0,22,12,10,19,3,21,1,21,1,20,2
2024-25,Andhra Pradesh,Chittoor,Karvetinagar,Viratapuram,0,11,5,13,1,2,3,2,11,15,1,0,11,5,0,0,16,0,16,14,2,14,2,16,0,15,1,14,2
2024-25,Andhra Pradesh,Chittoor,Karvetinagar,Gopichettipalle,0,21,1,14,2,6,4,5,13,20,2,0,21,1,5,0,17,0,22,14,8,14,8,22,0,21,1,19,3
2024-25,Andhra Pradesh,Chittoor,Karvetinagar,Gazanki,0,12,2,10,0,4,0,5,9,13,1,0,12,2,0,0,14,0,14,14,0,11,3,13,1,14,0,13,1
2024-25,Andhra Pradesh,Chittoor,Karvetinagar,Damodara Maharajapuram,0,32,5,25,3,9,11,4,22,34,3,0,32,5,7,0,30,1,36,29,8,25,12,37,0,35,2,32,5
2024-25,Andhra Pradesh,Chittoor,Karvetinagar,Kethumatmaharajapuram,0,10,12,14,2,6,6,2,14,22,0,0,11,11,6,0,16,0,22,13,9,16,6,22,0,21,1,18,4
2024-25,Andhra Pradesh,Chittoor,Kuppam,Rajanam,0,6,1,4,0,3,2,0,5,6,1,0,6,1,0,0,7,0,7,5,2,5,2,7,0,6,1,6,1
2024-25,Andhra Pradesh,Chittoor,Kuppam,Urinayanikothur,0,5,1,6,0,0,3,1,2,5,1,0,5,1,0,0,6,0,6,5,1,5,1,6,0,4,2,5,1
2024-25,Andhra Pradesh,Chittoor,Kuppam,Mottakadirinur,0,14,5,17,0,2,7,1,11,16,3,0,14,5,0,0,19,0,19,12,7,15,4,17,2,17,2,18,1
2024-25,Andhra Pradesh,Chittoor,Kuppam,Ponnangur,0,20,0,8,3,9,3,8,9,16,4,0,20,0,0,0,20,1,19,14,6,16,4,20,0,20,0,16,4
2024-25,Andhra Pradesh,Chittoor,Kuppam,Kuppam (Ct),0,0,1,0,1,0,1,0,0,1,0,0,0,1,0,0,1,0,1,0,1,1,0,1,0,1,0,1,0
2024-25,Andhra Pradesh,Chittoor,Kuppam,Samaguttapalle,0,10,6,9,1,6,2,4,10,14,2,1,9,6,0,0,16,0,16,14,2,13,3,16,0,16,0,14,2
2024-25,Andhra Pradesh,Chittoor,Kuppam,Pedda Boggupallle,0,2,3,5,0,0,1,0,4,5,0,0,2,3,0,0,5,0,5,4,1,4,1,5,0,5,0,4,1
2024-25,Andhra Pradesh,Chittoor,Kuppam,T.Sadumur,0,19,2,15,1,5,7,2,12,20,1,0,18,3,0,0,21,0,21,14,7,17,3,21,0,19,2,18,3
2024-25,Andhra Pradesh,Chittoor,Kuppam,Avulanatham,0,14,5,12,3,4,14,1,4,16,3,0,13,6,0,0,19,0,19,13,6,14,4,19,0,19,0,17,2
2024-25,Andhra Pradesh,Chittoor,Kuppam,Gudlanayanipalle,0,11,0,11,0,0,7,0,4,10,1,0,11,0,0,0,11,0,10,9,2,9,1,11,0,10,1,10,1
2024-25,Andhra Pradesh,Chittoor,Kuppam,Chinna Boggupalle,0,7,0,4,1,2,4,2,1,6,1,0,6,1,0,0,7,0,7,5,2,6,1,7,0,6,1,7,0
2024-25,Andhra Pradesh,Chittoor,Kuppam,Chekkunatham,0,35,8,37,1,5,15,8,20,39,4,2,35,6,1,0,42,1,42,34,9,33,9,41,1,40,2,39,4
2024-25,Andhra Pradesh,Chittoor,Kuppam,Nadimur,0,33,2,8,10,17,17,0,18,28,7,0,31,3,0,0,35,0,34,28,7,28,5,35,0,33,2,34,1
2024-25,Andhra Pradesh,Chittoor,Kuppam,Krishnadasanapalle,0,10,1,6,1,4,1,2,8,9,2,0,10,1,0,1,10,0,11,8,3,9,2,10,0,10,1,11,0
2024-25,Andhra Pradesh,Chittoor,Kuppam,Koormanipalle,0,8,1,7,0,2,2,0,7,9,0,0,8,1,0,0,9,0,9,6,3,7,2,9,0,8,1,9,0
2024-25,Andhra Pradesh,Chittoor,Kuppam,Varamanur,0,1,2,0,0,3,0,1,2,2,1,0,1,1,0,0,3,0,2,1,2,3,0,2,1,3,0,2,1
2024-25,Andhra Pradesh,Chittoor,Kuppam,Urlaobanapalle,0,13,5,7,6,5,4,4,10,17,1,0,13,5,0,0,18,0,18,14,4,15,3,16,1,18,0,17,1
2024-25,Andhra Pradesh,Chittoor,Kuppam,Palarlapalle,0,11,7,3,5,10,6,1,11,14,4,0,11,7,0,0,18,0,18,15,3,14,4,17,1,17,1,18,0
2024-25,Andhra Pradesh,Chittoor,Kuppam,Vendugampalle,0,37,6,27,5,11,11,8,24,34,9,0,34,8,0,3,40,0,43,38,5,36,6,41,0,41,2,43,0
2024-25,Andhra Pradesh,Chittoor,Kuppam,Bathalapalle,0,4,1,3,0,2,0,2,3,5,0,0,4,1,0,0,5,0,5,4,1,4,1,5,0,5,0,5,0
2024-25,Andhra Pradesh,Chittoor,Kuppam,Yanadipalle,0,14,7,12,5,4,9,2,10,17,4,0,13,8,0,0,21,0,21,17,4,18,3,20,1,19,2,17,4
2024-25,Andhra Pradesh,Chittoor,Kuppam,Jarugu,0,2,0,2,0,0,2,0,0,2,0,0,2,0,0,0,2,0,2,2,0,1,1,2,0,2,0,1,1
2024-25,Andhra Pradesh,Chittoor,Kuppam,Boggupalle,0,2,2,4,0,0,2,0,2,4,0,0,2,2,0,0,4,0,4,3,1,2,2,4,0,4,0,4,0
2024-25,Andhra Pradesh,Chittoor,Kuppam,Nimmakampalle,0,8,5,11,0,2,9,0,4,10,3,0,7,6,0,0,13,1,12,10,3,11,2,13,0,12,1,12,1
2024-25,Andhra Pradesh,Chittoor,Kuppam,Kungegowniyur,0,14,7,9,0,12,9,1,11,20,1,0,14,7,0,0,21,0,20,16,5,17,4,21,0,19,2,19,2
2024-25,Andhra Pradesh,Chittoor,Kuppam,Bevanapalle,0,21,2,4,10,9,6,5,12,19,4,0,20,2,0,0,23,0,21,17,6,15,8,23,0,22,1,23,0
2024-25,Andhra Pradesh,Chittoor,Kuppam,Kuttiganipalle,0,10,2,6,2,4,3,1,8,10,2,0,9,3,0,0,12,0,12,9,3,10,2,12,0,11,1,12,0
2024-25,Andhra Pradesh,Chittoor,Kuppam,Chinnakurbalapalle (Rural),0,3,1,3,1,0,3,0,1,3,1,0,3,1,0,0,4,0,4,4,0,4,0,4,0,4,0,4,0
2024-25,Andhra Pradesh,Chittoor,Kuppam,Kamathamur,0,0,1,0,0,1,0,0,1,1,0,0,0,1,0,0,1,0,1,0,1,1,0,1,0,1,0,0,1
2024-25,Andhra Pradesh,Chittoor,Kuppam,Ekarlapalle,0,46,23,54,5,10,38,2,29,62,7,0,41,28,0,5,64,0,68,50,19,53,16,68,1,66,3,61,7
2024-25,Andhra Pradesh,Chittoor,Kuppam,Adavimulakapalle,0,13,8,14,4,3,8,2,11,19,2,0,13,8,0,0,21,1,20,18,3,17,4,21,0,19,2,19,2
2024-25,Andhra Pradesh,Chittoor,Kuppam,Bandasettipalle (Rural),0,9,1,3,0,7,2,0,8,10,0,0,9,1,0,0,10,0,10,9,1,8,2,10,0,10,0,10,0
2024-25,Andhra Pradesh,Chittoor,Kuppam,Adavi Budugur,0,59,25,53,8,23,36,5,43,76,8,0,58,26,0,0,84,0,84,61,23,62,22,80,3,81,3,76,8
2024-25,Andhra Pradesh,Chittoor,Kuppam,Kanamapacharla Palle,0,7,5,7,0,5,2,2,8,11,1,2,7,3,0,0,12,0,12,9,3,10,2,12,0,9,3,11,1
2024-25,Andhra Pradesh,Chittoor,Kuppam,Peddagopanapalle,0,3,1,1,1,2,3,0,1,3,1,0,3,1,0,0,4,0,4,3,1,3,1,4,0,4,0,4,0
2024-25,Andhra Pradesh,Chittoor,Kuppam,Chinnaobba,0,22,6,16,2,10,14,2,12,26,2,0,23,5,0,0,28,0,28,18,10,24,4,28,0,27,1,25,3
2024-25,Andhra Pradesh,Chittoor,Kuppam,Vasanadugolla Palle,0,4,1,2,2,1,3,0,2,4,1,0,4,1,0,1,4,0,5,4,1,4,1,5,0,5,0,5,0
2024-25,Andhra Pradesh,Chittoor,Kuppam,Paipalyam,0,33,3,12,5,19,17,0,19,30,6,0,32,4,0,0,36,0,36,26,10,28,8,35,1,35,1,36,0
2024-25,Andhra Pradesh,Chittoor,Kuppam,Mulakalapalle,0,9,3,6,3,3,5,0,7,10,2,0,9,3,0,0,12,0,12,10,2,10,2,10,0,12,0,10,2
2024-25,Andhra Pradesh,Chittoor,Kuppam,Vasanadu,0,17,7,18,1,5,10,1,13,21,3,0,16,8,0,0,24,0,24,18,6,19,5,24,0,22,2,22,2
2024-25,Andhra Pradesh,Chittoor,Kuppam,Urinayanipalle,0,4,2,4,0,2,4,0,2,5,1,0,3,2,0,0,6,0,6,4,2,5,1,6,0,5,1,6,0
2024-25,Andhra Pradesh,Chittoor,Kuppam,Chalarlapalle,0,4,0,4,0,0,1,0,3,4,0,0,4,0,0,0,4,0,4,2,2,3,1,4,0,4,0,3,1
2024-25,Andhra Pradesh,Chittoor,Kuppam,Porakuntlapalle,0,7,1,8,0,0,5,1,2,8,0,0,7,1,0,0,8,0,8,6,2,8,0,8,0,8,0,7,1
2024-25,Andhra Pradesh,Chittoor,Kuppam,Marapalle,0,12,2,8,3,3,5,1,8,12,2,0,10,4,0,0,14,0,14,10,4,11,3,14,0,13,1,12,2
2024-25,Andhra Pradesh,Chittoor,Kuppam,Noolakunta,0,26,4,6,10,14,8,2,20,23,7,0,25,5,0,2,27,0,30,23,7,21,9,30,0,29,1,30,0
2024-25,Andhra Pradesh,Chittoor,Kuppam,Pedda Bangarunatham,0,17,8,12,5,8,6,2,17,22,3,0,17,8,0,0,25,0,25,19,6,20,5,24,1,22,3,24,1
2024-25,Andhra Pradesh,Chittoor,Kuppam,Sajjalapalle,0,20,7,17,4,6,16,2,9,25,2,2,20,5,0,0,27,3,24,18,9,19,8,27,0,26,1,25,2
2024-25,Andhra Pradesh,Chittoor,Kuppam,Mittapalle,0,17,6,11,8,4,11,0,12,18,5,0,16,7,0,0,23,0,22,15,8,19,4,23,0,21,2,22,1
2024-25,Andhra Pradesh,Chittoor,Kuppam,Kakimadugu,0,2,0,0,0,2,1,0,1,2,0,0,2,0,0,0,2,0,2,2,0,1,1,2,0,2,0,2,0
2024-25,Andhra Pradesh,Chittoor,Kuppam,Kothapalle,0,24,6,17,2,11,14,3,13,30,0,0,23,7,0,0,30,0,30,21,9,22,8,29,1,28,2,28,2
2024-25,Andhra Pradesh,Chittoor,Kuppam,Bairaganipalle (Rural),0,2,5,4,3,0,5,0,2,6,1,1,2,4,0,0,7,0,7,4,3,4,3,7,0,7,0,7,0
2024-25,Andhra Pradesh,Chittoor,Kuppam,Ellajjanuru,0,1,0,0,0,1,0,0,1,1,0,0,1,0,0,0,1,0,1,1,0,1,0,1,0,1,0,1,0
2024-25,Andhra Pradesh,Chittoor,Kuppam,Kathimanipalle,0,9,1,4,4,2,3,0,7,10,0,0,9,1,0,0,10,0,10,8,2,8,2,10,0,10,0,10,0
2024-25,Andhra Pradesh,Chittoor,Kuppam,Dasegowniyur,0,30,6,31,1,4,11,5,20,31,5,0,29,7,0,0,36,0,36,29,7,31,5,34,2,32,4,32,4
2024-25,Andhra Pradesh,Chittoor,Kuppam,Guttapalle,0,1,2,3,0,0,3,0,0,2,1,0,1,2,0,0,3,0,3,3,0,3,0,3,0,3,0,2,1
2024-25,Andhra Pradesh,Chittoor,Kuppam,Seegalapalle,0,15,2,11,4,2,5,2,10,15,2,0,14,3,0,0,17,0,17,12,5,13,4,17,0,16,1,16,1
2024-25,Andhra Pradesh,Chittoor,Kuppam,Kangundi,0,29,13,25,3,14,17,5,20,39,3,0,28,14,0,0,42,0,42,25,17,31,11,42,0,41,1,36,6
2024-25,Andhra Pradesh,Chittoor,Kuppam,Kangundi,0,31,11,25,2,15,13,2,27,34,8,0,31,11,0,0,42,1,41,26,16,34,8,41,1,38,4,39,3
2024-25,Andhra Pradesh,Chittoor,Nagari,Tirumalarajukandriga,0,5,6,2,1,8,0,1,10,10,1,0,5,6,0,0,11,0,11,8,3,9,2,9,2,10,1,10,1
2024-25,Andhra Pradesh,Chittoor,Nagari,Satrawada,0,8,10,1,7,10,5,0,13,5,13,0,8,10,0,0,18,0,18,14,4,14,4,17,1,18,0,14,4
2024-25,Andhra Pradesh,Chittoor,Nagari,Nagari,0,2,1,2,0,1,0,1,2,3,0,0,2,1,0,0,3,0,3,2,1,3,0,2,1,2,1,2,1
2024-25,Andhra Pradesh,Chittoor,Nagari,Netthamkandriga,0,5,4,0,3,6,2,0,7,3,6,0,5,4,0,0,9,0,9,6,3,6,3,9,0,9,0,6,3
2024-25,Andhra Pradesh,Chittoor,Nagari,Mangadu,0,34,12,4,15,27,5,3,38,35,11,0,35,11,0,0,45,0,46,31,15,36,10,44,2,42,4,29,17
2024-25,Andhra Pradesh,Chittoor,Nagari,Srinivasapuram,0,12,7,7,0,12,5,4,10,15,4,0,12,7,1,0,18,0,19,14,5,15,4,18,1,19,0,14,5
2024-25,Andhra Pradesh,Chittoor,Nagari,Melapattu,0,17,9,2,2,22,2,2,22,21,5,0,17,9,0,0,26,0,26,18,8,19,7,22,4,25,1,16,10
2024-25,Andhra Pradesh,Chittoor,Nagari,Tiruvengamambapuram,0,3,2,1,1,3,2,0,3,4,1,0,3,2,0,0,5,0,5,5,0,3,2,4,1,5,0,3,2
2024-25,Andhra Pradesh,Chittoor,Nagari,Mittapalem,0,15,3,2,4,12,3,0,15,14,4,0,16,2,0,0,18,0,18,16,2,14,4,18,0,17,1,16,2
2024-25,Andhra Pradesh,Chittoor,Nagari,Oranthangal Gollakuppam,0,32,16,5,8,34,3,3,42,35,12,0,33,15,0,0,48,0,48,37,11,36,12,45,3,46,2,35,13
2024-25,Andhra Pradesh,Chittoor,Nagari,Adavikothuru,0,27,7,7,6,21,3,2,29,28,6,0,27,6,0,0,34,0,34,28,7,26,9,33,2,33,1,26,9
2024-25,Andhra Pradesh,Chittoor,Nagari,Gundrajukuppam (R),0,26,20,6,7,33,6,5,35,34,12,0,28,18,1,0,45,0,46,36,10,34,12,42,4,44,2,33,13
2024-25,Andhra Pradesh,Chittoor,Nagari,Sreeranganaagaragraham,0,1,0,0,0,1,0,0,1,0,1,0,1,0,0,0,1,0,1,0,1,1,0,1,0,1,0,1,0
2024-25,Andhra Pradesh,Chittoor,Nagari,Kannikapuram,0,8,0,2,0,6,0,2,6,8,0,0,8,0,0,0,8,0,8,6,2,6,2,8,0,6,2,5,3
2024-25,Andhra Pradesh,Chittoor,Nagari,Veerakaverirajupuram,0,22,5,8,1,18,5,1,21,24,3,0,22,5,4,0,23,0,27,19,8,23,4,23,4,27,0,20,7
2024-25,Andhra Pradesh,Chittoor,Nagari,Damarapakam,0,40,12,7,15,30,7,4,41,37,15,0,39,13,0,0,52,0,52,40,12,41,11,50,2,47,5,42,10
2024-25,Andhra Pradesh,Chittoor,Nagari,Nagarajukuppam,0,30,7,6,1,30,4,1,32,28,9,1,29,7,0,0,36,0,37,29,8,28,9,34,3,36,1,30,7
2024-25,Andhra Pradesh,Chittoor,Nagari,Saraswathivilasapuram,0,1,2,1,0,2,0,0,3,2,1,0,1,2,0,0,3,0,3,2,1,2,1,2,1,2,1,3,0
2024-25,Andhra Pradesh,Chittoor,Nagari,Taduku,0,4,5,1,2,6,4,0,5,7,2,0,4,5,2,0,7,0,9,6,3,5,4,7,2,7,2,6,3
2024-25,Andhra Pradesh,Chittoor,Nagari,Venkatanarasimha -Rajuvaripet,0,1,1,0,0,2,0,0,2,0,2,0,1,1,0,0,2,0,2,2,0,2,0,2,0,2,0,2,0
2024-25,Andhra Pradesh,Chittoor,Nagari,Mudipalle,1,31,14,11,1,34,11,3,32,28,18,0,32,14,2,0,44,3,43,33,13,35,11,43,3,44,2,36,10
2024-25,Andhra Pradesh,Chittoor,Nagari,Therani (R),0,23,22,11,2,32,10,3,32,34,11,0,23,22,0,0,45,0,45,36,9,34,11,43,2,41,4,35,10
2024-25,Andhra Pradesh,Chittoor,Nagari,Agaram,0,31,9,4,9,27,6,2,32,29,10,0,29,11,0,0,39,0,40,29,11,29,11,36,4,39,1,31,9
2024-25,Andhra Pradesh,Chittoor,Nagari,Velavadi,0,30,5,3,10,22,4,2,29,22,13,0,29,5,0,0,33,0,33,24,11,28,7,33,2,35,0,27,8
2024-25,Andhra Pradesh,Chittoor,Nindra,Koppedu Acharyula Khandriga,0,7,6,3,2,8,4,2,7,11,2,1,7,5,0,0,13,0,13,12,1,13,0,13,0,12,1,12,1
2024-25,Andhra Pradesh,Chittoor,Nindra,Agaram,0,41,3,12,3,29,5,6,33,37,6,0,41,3,0,0,44,0,44,31,13,30,14,41,3,43,1,33,11
2024-25,Andhra Pradesh,Chittoor,Nindra,Elakatur,0,14,2,5,3,8,3,0,13,16,0,0,14,2,0,0,16,0,16,10,6,11,5,16,0,15,1,13,3
2024-25,Andhra Pradesh,Chittoor,Nindra,Chavarambakam,0,1,0,0,0,1,0,0,1,1,0,0,1,0,0,0,1,0,1,1,0,0,1,1,0,1,0,1,0
2024-25,Andhra Pradesh,Chittoor,Nindra,Kunama Raju Palem,0,14,6,4,4,11,4,0,16,19,1,0,14,6,0,0,20,0,20,15,5,14,6,18,2,20,0,14,6
2024-25,Andhra Pradesh,Chittoor,Nindra,Samayapuram,0,21,11,4,8,20,5,2,25,26,5,0,22,10,0,0,32,0,32,22,10,21,11,30,2,32,0,22,10
2024-25,Andhra Pradesh,Chittoor,Nindra,Sri Ramapuram,1,15,7,7,0,15,0,0,23,20,3,0,15,8,1,0,22,0,23,19,4,17,6,22,1,23,0,17,6
2024-25,Andhra Pradesh,Chittoor,Nindra,Kavanur,0,18,3,6,0,15,0,0,21,14,7,0,18,3,1,0,20,0,21,13,8,16,5,19,2,20,1,15,6
2024-25,Andhra Pradesh,Chittoor,Nindra,Kacharavedu,0,27,13,12,2,26,6,2,32,35,5,0,27,13,0,0,40,0,40,34,6,35,5,39,1,38,2,32,8
2024-25,Andhra Pradesh,Chittoor,Nindra,Arur,0,33,11,9,6,28,9,1,34,36,8,0,34,10,2,0,42,1,43,30,14,33,11,41,3,44,0,31,13
2024-25,Andhra Pradesh,Chittoor,Nindra,Nindra,0,40,8,14,2,32,7,1,40,43,5,1,39,8,0,0,48,0,48,36,12,33,15,45,3,48,0,31,17
2024-25,Andhra Pradesh,Chittoor,Nindra,Athur,0,35,7,1,10,30,4,2,37,29,12,0,36,7,0,0,43,0,43,28,15,31,11,39,4,41,1,29,14
2024-25,Andhra Pradesh,Chittoor,Nindra,Iruguvai,0,32,11,12,3,28,5,0,38,34,9,1,31,11,0,0,43,0,43,32,11,31,12,40,3,43,0,32,11
2024-25,Andhra Pradesh,Chittoor,Nindra,Padiri,0,36,8,7,9,28,4,6,34,29,15,1,36,7,0,0,44,0,44,30,14,33,11,43,1,44,0,32,12
2024-25,Andhra Pradesh,Chittoor,Nindra,Netteri,0,13,3,2,2,11,5,0,11,14,2,0,13,3,0,0,16,0,16,10,6,11,5,15,1,15,1,12,4
2024-25,Andhra Pradesh,Chittoor,Palamaner,Palamaneru,0,24,10,24,3,7,3,9,22,26,8,1,23,10,0,0,34,0,34,25,9,28,6,34,0,33,1,33,1
2024-25,Andhra Pradesh,Chittoor,Palamaner,Nagamangalam,0,7,10,12,0,5,2,10,5,14,3,0,7,10,2,0,14,0,17,13,4,14,3,17,0,14,3,15,2
2024-25,Andhra Pradesh,Chittoor,Palamaner,Karidimadugu,0,27,8,28,0,7,9,5,21,29,6,4,26,5,0,0,35,0,35,25,10,24,11,34,1,34,1,31,4
2024-25,Andhra Pradesh,Chittoor,Palamaner,Ranganayanipalle,0,9,7,10,1,5,5,8,3,15,1,0,9,7,0,0,16,0,16,12,4,13,3,15,1,16,0,15,1
2024-25,Andhra Pradesh,Chittoor,Palamaner,Baippagari Palle,0,16,9,17,1,7,6,3,16,20,5,0,15,10,0,0,25,0,25,20,5,23,2,25,0,23,2,20,5
2024-25,Andhra Pradesh,Chittoor,Palamaner,Moram (Part),0,25,7,27,1,4,4,8,20,28,4,0,25,7,0,0,32,0,32,21,11,29,3,31,1,30,2,15,17
2024-25,Andhra Pradesh,Chittoor,Palamaner,Pengara Kunta,0,48,17,57,3,5,7,6,52,59,6,1,44,20,0,0,65,0,65,51,14,51,14,63,2,60,5,51,14
2024-25,Andhra Pradesh,Chittoor,Palamaner,Samudrapalle,0,72,14,36,23,27,14,26,45,77,9,0,69,17,0,0,86,0,86,57,29,66,20,85,1,80,6,78,8
2024-25,Andhra Pradesh,Chittoor,Palamaner,Kurmoi,0,29,17,29,5,12,10,8,28,44,2,3,26,17,0,0,46,2,44,25,21,39,7,45,1,44,2,36,10
2024-25,Andhra Pradesh,Chittoor,Palamaner,Ayyamreddi Palle,0,6,3,5,1,3,6,0,3,9,0,0,6,3,0,0,9,0,9,4,5,5,4,9,0,8,1,7,2
2024-25,Andhra Pradesh,Chittoor,Palamaner,Chethapenta,0,2,3,3,0,2,2,0,3,4,1,0,2,3,0,0,5,0,5,4,1,4,1,5,0,5,0,3,2
2024-25,Andhra Pradesh,Chittoor,Palamaner,Kolamasana Palle,0,23,9,26,0,6,5,3,24,28,4,1,22,9,0,0,32,0,32,25,7,22,10,32,0,30,2,27,5
2024-25,Andhra Pradesh,Chittoor,Palamaner,Ankamvaripalle,0,8,3,7,0,4,3,4,4,10,1,1,8,2,0,0,11,0,11,5,6,5,6,9,2,11,0,9,2
2024-25,Andhra Pradesh,Chittoor,Palamaner,Gundlapalle,0,2,2,4,0,0,1,0,3,4,0,0,2,2,0,0,4,0,4,3,1,2,2,3,1,4,0,4,0
2024-25,Andhra Pradesh,Chittoor,Palamaner,Jallipeta,0,25,9,21,1,12,16,2,16,30,4,0,23,11,0,0,34,0,34,24,10,29,5,34,0,33,1,28,6
2024-25,Andhra Pradesh,Chittoor,Palamaner,Sree Ranga Rajpuram,0,15,4,11,0,8,3,6,11,17,3,0,12,5,0,0,17,0,17,13,7,13,7,19,1,18,2,19,1
2024-25,Andhra Pradesh,Chittoor,Palamaner,Jagamarla,0,21,12,25,0,8,13,5,15,32,1,1,21,11,0,0,33,0,33,21,12,24,9,30,3,31,2,32,1
2024-25,Andhra Pradesh,Chittoor,Palasamudram,Vengalarajukuppam,0,30,23,20,5,28,0,36,17,13,40,1,30,22,0,0,53,2,51,37,13,41,9,45,5,16,37,40,10
2024-25,Andhra Pradesh,Chittoor,Palasamudram,Lakshminarasimha Puram,0,11,3,8,3,3,0,13,1,2,12,0,11,3,0,0,14,1,13,11,3,11,3,13,1,1,13,12,2
2024-25,Andhra Pradesh,Chittoor,Palasamudram,Amudala,0,18,2,9,1,9,1,13,6,7,13,0,18,2,0,0,20,0,20,14,6,15,5,19,1,7,13,15,5
2024-25,Andhra Pradesh,Chittoor,Palasamudram,Amudalaputhur,1,13,0,6,1,7,0,12,2,2,12,0,14,0,0,1,13,0,14,11,3,10,4,13,1,2,12,12,2
2024-25,Andhra Pradesh,Chittoor,Palasamudram,Gangamambapuram,0,4,2,3,1,2,2,4,0,2,4,0,4,2,0,0,6,2,4,5,1,5,1,5,1,2,4,5,1
2024-25,Andhra Pradesh,Chittoor,Palasamudram,Kaverirajupuram,0,1,1,0,0,2,0,1,1,1,1,0,1,1,0,0,2,0,2,2,0,1,1,2,0,1,1,2,0
2024-25,Andhra Pradesh,Chittoor,Palasamudram,Narasimhapuram @ A.Khandriga,0,24,7,15,6,10,0,29,2,3,28,0,24,7,0,0,31,1,30,5,12,6,11,15,2,3,28,7,10
2024-25,Andhra Pradesh,Chittoor,Palasamudram,Tirumalarajupuram,0,8,0,3,3,2,0,6,2,2,6,1,7,0,0,0,8,0,8,7,1,7,1,7,1,1,7,4,4
2024-25,Andhra Pradesh,Chittoor,Palasamudram,Balakrishnapuram,0,3,1,2,1,1,0,4,0,0,4,0,3,1,0,0,4,0,4,3,1,3,1,3,1,0,4,3,1
2024-25,Andhra Pradesh,Chittoor,Palasamudram,Ramakrishnapuram,0,26,13,15,8,16,2,24,13,16,23,0,26,13,0,0,39,1,38,28,11,31,8,35,4,16,23,31,8
2024-25,Andhra Pradesh,Chittoor,Palasamudram,Palasamudram,0,34,20,25,4,24,0,38,16,11,43,0,35,19,0,0,54,0,54,21,16,20,18,31,6,14,38,24,13
2024-25,Andhra Pradesh,Chittoor,Palasamudram,Simharajupuram,0,1,0,1,0,0,0,0,1,1,0,0,1,0,0,0,1,0,1,1,0,1,0,1,0,1,0,0,1
2024-25,Andhra Pradesh,Chittoor,Palasamudram,Krishnajammapuram,0,18,10,8,3,17,0,13,15,10,18,0,17,11,0,0,28,0,28,21,2,17,6,22,1,14,14,15,8
2024-25,Andhra Pradesh,Chittoor,Palasamudram,Srikaverirajupuram,1,30,24,21,5,29,0,36,19,14,41,0,31,24,0,0,55,1,54,14,22,24,12,34,2,17,36,11,25
2024-25,Andhra Pradesh,Chittoor,Palasamudram,Vanadurgapuram,0,44,6,20,4,26,0,37,13,10,40,0,44,6,0,0,50,0,50,39,11,40,10,45,5,14,36,43,7
2024-25,Andhra Pradesh,Chittoor,Peddapanjani,Thurlapalle,0,27,17,26,11,7,17,4,23,22,22,1,26,17,2,0,42,1,43,29,15,31,13,41,3,40,4,39,5
2024-25,Andhra Pradesh,Chittoor,Peddapanjani,Bommarajupalle,0,22,21,29,2,12,23,2,18,37,6,0,22,21,0,0,43,0,43,34,9,34,9,39,4,41,2,40,3
2024-25,Andhra Pradesh,Chittoor,Peddapanjani,Rayalapeta,1,17,25,16,13,14,6,11,26,32,11,3,20,20,0,3,40,6,37,29,14,31,12,40,3,40,3,38,5
2024-25,Andhra Pradesh,Chittoor,Peddapanjani,Nagireddipalle,0,19,24,31,1,11,17,2,24,27,16,2,17,24,0,0,43,0,43,25,18,29,14,42,1,39,4,35,8
2024-25,Andhra Pradesh,Chittoor,Peddapanjani,Veerapalle,0,13,2,7,0,8,3,3,9,6,9,0,13,2,0,0,15,0,15,13,2,12,3,15,0,13,2,13,2
2024-25,Andhra Pradesh,Chittoor,Peddapanjani,Kolathur,0,29,13,22,9,11,8,14,20,33,9,0,30,12,0,0,42,0,42,32,10,28,14,42,0,37,5,38,4
2024-25,Andhra Pradesh,Chittoor,Peddapanjani,Gamkonda,1,18,24,25,6,12,16,6,21,27,16,1,18,23,0,0,42,0,43,38,5,35,8,29,14,37,6,41,2
2024-25,Andhra Pradesh,Chittoor,Peddapanjani,Sankarayalapeta,0,6,11,12,0,5,7,1,9,12,5,3,6,8,0,0,17,0,16,16,1,15,2,17,0,16,1,15,2
2024-25,Andhra Pradesh,Chittoor,Peddapanjani,Muthukur,0,35,42,64,2,11,16,10,51,61,16,1,34,42,0,1,76,0,77,53,24,60,17,61,16,70,7,47,30
2024-25,Andhra Pradesh,Chittoor,Peddapanjani,Nidigunta,0,10,3,7,3,3,3,8,2,3,10,0,9,4,0,0,13,0,13,10,3,3,10,13,0,12,1,7,6
2024-25,Andhra Pradesh,Chittoor,Peddapanjani,Chamaneru,0,9,5,11,1,2,8,1,5,3,11,0,9,5,0,0,14,0,14,4,10,7,7,12,2,12,2,4,10
2024-25,Andhra Pradesh,Chittoor,Peddapanjani,Peddavelagatur,0,25,18,23,4,16,10,6,27,26,17,1,25,17,0,0,43,0,43,27,16,23,20,39,4,40,3,36,7
2024-25,Andhra Pradesh,Chittoor,Peddapanjani,Mudarampalle,0,8,4,6,4,2,4,2,6,2,10,0,8,4,0,0,12,0,12,3,9,8,4,10,2,11,1,3,9
2024-25,Andhra Pradesh,Chittoor,Peddapanjani,Appinapalle,0,19,22,26,5,10,19,1,21,14,27,0,18,23,0,0,41,1,40,26,15,30,11,39,2,39,2,38,3
2024-25,Andhra Pradesh,Chittoor,Peddapanjani,Battamdoddi,0,22,26,35,4,9,21,8,19,44,4,0,22,26,0,0,48,1,47,24,24,36,11,45,3,42,6,37,11
2024-25,Andhra Pradesh,Chittoor,Peddapanjani,Karasanapalle,0,28,14,33,2,7,16,10,16,24,18,3,28,11,0,0,42,0,42,40,2,31,11,39,3,36,6,39,3
2024-25,Andhra Pradesh,Chittoor,Peddapanjani,Sivadi,0,7,7,8,6,0,5,0,9,10,4,0,7,7,0,0,14,0,14,10,4,12,2,12,2,13,1,12,2
2024-25,Andhra Pradesh,Chittoor,Peddapanjani,Chalamangalam,0,22,23,32,5,8,15,8,22,40,5,2,22,21,0,0,45,0,45,32,13,37,8,42,3,43,2,41,4
2024-25,Andhra Pradesh,Chittoor,Peddapanjani,Peddakappalle,0,31,11,31,7,4,13,5,24,31,11,1,28,13,0,0,42,0,42,37,5,34,8,34,8,41,1,39,3
2024-25,Andhra Pradesh,Chittoor,Peddapanjani,Kogileru,0,30,18,18,12,18,17,6,25,35,13,0,28,20,1,0,47,0,48,33,15,34,14,46,2,43,5,44,4
2024-25,Andhra Pradesh,Chittoor,Peddapanjani,Peddapanjani,0,35,7,27,4,11,14,5,23,26,16,0,35,7,0,0,42,0,42,30,12,23,19,41,1,39,3,41,1
2024-25,Andhra Pradesh,Chittoor,Peddapanjani,Suddagundlapalle,0,16,11,22,0,5,6,5,16,10,17,1,16,10,0,0,27,0,27,24,3,21,6,24,3,23,4,27,0
2024-25,Andhra Pradesh,Chittoor,Penumuru,Mopireddipalle,0,15,2,5,2,10,3,6,8,14,3,0,14,3,0,0,17,0,17,13,4,13,4,16,1,16,1,16,1
2024-25,Andhra Pradesh,Chittoor,Penumuru,Pulikallu,0,28,13,18,2,21,7,8,26,36,5,1,31,9,0,0,41,0,41,31,10,35,6,39,2,39,2,39,2
2024-25,Andhra Pradesh,Chittoor,Penumuru,Sathambakam,0,33,10,21,6,16,8,9,26,36,7,0,32,11,0,0,43,0,43,31,12,32,11,42,1,42,1,40,3
2024-25,Andhra Pradesh,Chittoor,Penumuru,Samireddipalle,0,34,9,15,11,17,8,2,33,35,8,0,34,9,1,0,42,0,43,36,7,27,16,38,5,40,3,38,5
2024-25,Andhra Pradesh,Chittoor,Penumuru,Chinnamareddi Khandriga,0,24,17,27,0,14,19,1,21,37,4,0,23,18,0,0,41,0,41,33,8,28,13,41,0,39,2,38,3
2024-25,Andhra Pradesh,Chittoor,Penumuru,Kondama Agraharam,0,1,0,0,0,1,0,0,1,1,0,0,1,0,0,0,1,0,1,1,0,1,0,1,0,1,0,1,0
2024-25,Andhra Pradesh,Chittoor,Penumuru,Penumuru,0,51,37,52,7,29,37,5,46,76,12,0,49,39,0,0,88,0,87,63,25,65,23,87,1,82,6,80,8
2024-25,Andhra Pradesh,Chittoor,Penumuru,Chinthapenta,0,21,14,14,3,18,14,1,20,25,10,0,18,17,0,0,35,0,35,27,8,20,15,34,1,33,2,31,4
2024-25,Andhra Pradesh,Chittoor,Penumuru,Kaligiri,0,28,9,15,5,17,6,10,21,30,7,0,26,11,0,0,37,1,36,31,6,25,12,35,2,35,2,34,3
2024-25,Andhra Pradesh,Chittoor,Penumuru,Kalvagunta,0,58,27,42,11,32,47,3,35,70,15,1,54,30,0,0,85,0,84,61,24,74,11,80,5,82,3,81,4
2024-25,Andhra Pradesh,Chittoor,Penumuru,Kamachinnaiahpalle,0,67,17,51,4,29,30,7,47,77,7,1,59,24,0,1,83,0,84,69,15,60,24,84,0,77,7,72,12
2024-25,Andhra Pradesh,Chittoor,Penumuru,Chennasamudra Agraharam,0,3,2,0,0,5,2,0,3,4,1,1,3,1,0,0,5,0,5,1,4,3,2,5,0,5,0,4,1
2024-25,Andhra Pradesh,Chittoor,Penumuru,Guntipalle,0,28,14,19,5,18,5,14,23,36,6,1,27,14,0,0,42,0,42,29,13,31,11,40,2,40,2,40,2
2024-25,Andhra Pradesh,Chittoor,Penumuru,Thathireddipalle,0,5,3,5,0,3,1,1,6,7,1,1,5,2,0,0,8,0,8,7,1,7,1,8,0,7,1,7,1
2024-25,Andhra Pradesh,Chittoor,Penumuru,Charvaganipalle,0,15,3,4,3,11,2,5,11,17,1,0,13,5,0,0,18,0,18,12,6,14,4,18,0,17,1,18,0
2024-25,Andaman & Nicobar,Nicobars,Campbell Bay,Sastri Nagar,0,29,22,0,51,0,0,51,0,3,48,1,43,7,0,0,51,14,37,51,0,45,6,51,0,51,0,51,0
2024-25,Andaman & Nicobar,Nicobars,Campbell Bay,Joginder Nagar,0,25,5,0,28,2,0,29,1,0,30,0,30,0,0,0,30,16,14,30,0,30,0,30,0,30,0,30,0
2024-25,Andaman & Nicobar,Nicobars,Campbell Bay,Govinda Nagar,0,35,1,0,30,6,0,36,0,0,36,0,31,5,0,8,28,0,36,36,0,36,0,36,0,36,0,36,0
2024-25,Andaman & Nicobar,Nicobars,Campbell Bay,Laxmi Nagar,0,0,2,0,2,0,0,2,0,0,2,0,1,1,0,0,2,1,1,2,0,2,0,2,0,2,0,2,0
2024-25,Andaman & Nicobar,Nicobars,Campbell Bay,Vijoy Nagar,0,24,12,0,35,1,0,36,0,0,36,0,31,5,0,0,36,34,2,36,0,36,0,36,0,36,0,36,0
2024-25,Andaman & Nicobar,Nicobars,Campbell Bay,Gandhi Nagar,0,70,0,0,70,0,0,70,0,0,70,0,70,0,0,3,67,3,67,70,0,68,2,69,1,70,0,70,0
2024-25,Andaman & Nicobar,Nicobars,Car Nicobar,Mus,0,7,0,0,7,0,0,7,0,0,7,0,7,0,0,0,7,2,5,7,0,0,7,7,0,7,0,7,0
2024-25,Andaman & Nicobar,Nicobars,Car Nicobar,Malacca,0,17,0,0,16,1,0,16,1,0,17,0,17,0,0,0,17,11,6,17,0,17,0,17,0,17,0,17,0
2024-25,Andaman & Nicobar,Nicobars,Car Nicobar,Kinmai,0,8,0,0,8,0,0,7,1,0,8,0,8,0,0,0,8,0,8,8,0,8,0,8,0,8,0,8,0
2024-25,Andaman & Nicobar,Nicobars,Car Nicobar,Small Lapati,0,7,1,0,8,0,0,8,0,0,8,0,8,0,0,0,8,0,8,8,0,5,3,8,0,8,0,8,0
2024-25,Andaman & Nicobar,Nicobars,Car Nicobar,Big Lapati,0,20,0,0,19,1,0,18,2,0,20,0,20,0,0,0,20,0,20,19,1,20,0,20,0,20,0,20,0
2024-25,Andaman & Nicobar,Nicobars,Car Nicobar,Perka,0,11,0,0,10,1,0,10,1,0,11,0,11,0,0,0,11,9,2,11,0,11,0,9,2,11,0,11,0
2024-25,Andaman & Nicobar,Nicobars,Car Nicobar,Tamaloo,0,10,0,0,9,1,0,7,3,0,10,0,10,0,0,0,10,1,9,10,0,10,0,10,0,10,0,10,0
2024-25,Andaman & Nicobar,Nicobars,Car Nicobar,Chuckchucha,0,18,0,0,14,4,0,15,3,2,16,0,18,0,0,0,18,3,15,18,0,18,0,16,2,18,0,18,0
2024-25,Andaman & Nicobar,Nicobars,Car Nicobar,Arong,0,10,0,0,10,0,0,10,0,0,10,0,10,0,0,0,10,0,10,10,0,10,0,10,0,10,0,10,0
2024-25,Andaman & Nicobar,Nicobars,Car Nicobar,Sawai,0,1,0,0,1,0,0,1,0,0,1,0,1,0,0,0,1,0,1,1,0,1,0,1,0,1,0,1,0
2024-25,Andaman & Nicobar,Nicobars,Car Nicobar,Kimois,0,10,0,0,9,1,0,10,0,0,10,0,10,0,0,0,10,0,10,10,0,10,0,9,1,10,0,10,0
2024-25,Andaman & Nicobar,Nicobars,Car Nicobar,Tapoiming,0,18,2,0,18,2,0,18,2,0,20,0,19,1,0,0,20,0,20,20,0,9,11,20,0,20,0,20,0
2024-25,Andaman & Nicobar,Nicobars,Car Nicobar,Mus*,0,2,0,0,2,0,0,2,0,0,2,0,2,0,0,0,2,1,1,2,0,0,2,2,0,2,0,2,0
2024-25,Andaman & Nicobar,Nicobars,Car Nicobar,Kakana,0,10,0,0,8,2,0,9,1,0,10,0,0,10,0,0,10,0,10,10,0,10,0,10,0,10,0,10,0
2024-25,Andaman & Nicobar,Nicobars,Nancowrie,Chota Inak,0,1,0,0,1,0,0,1,0,0,1,0,1,0,0,0,1,0,1,1,0,0,1,1,0,1,0,1,0
2024-25,Andaman & Nicobar,Nicobars,Nancowrie,Luxi,0,32,0,0,32,0,0,30,2,0,32,0,26,6,0,0,32,0,32,32,0,32,0,32,0,32,0,32,0
2024-25,Andaman & Nicobar,Nicobars,Nancowrie,Aloora*,0,5,0,0,5,0,0,5,0,0,5,0,5,0,0,0,5,0,5,5,0,5,0,5,0,5,0,5,0
2024-25,Andaman & Nicobar,Nicobars,Nancowrie,Minyuk,0,19,1,0,19,1,0,20,0,0,20,0,16,4,0,0,20,0,20,20,0,20,0,20,0,20,0,20,0
2024-25,Andaman & Nicobar,Nicobars,Nancowrie,Champin,0,2,0,0,2,0,0,2,0,0,2,0,2,0,0,0,2,0,2,2,0,2,0,2,0,2,0,2,0
2024-25,Andaman & Nicobar,Nicobars,Nancowrie,Alhiat,0,2,0,0,2,0,0,2,0,0,2,0,2,0,0,0,2,0,2,2,0,2,0,2,0,2,0,2,0
2024-25,Andaman & Nicobar,Nicobars,Nancowrie,Alointung*,0,1,0,0,1,0,0,1,0,0,1,0,0,1,0,0,1,0,1,1,0,1,0,1,0,1,0,1,0
2024-25,Andaman & Nicobar,Nicobars,Nancowrie,Al-Hit-Touch/Balu Basti,0,8,0,0,7,1,0,7,1,0,8,0,6,2,0,0,8,0,8,8,0,8,0,8,0,8,0,8,0
2024-25,Andaman & Nicobar,Nicobars,Nancowrie,E-Wall,0,4,0,0,4,0,0,4,0,0,4,0,4,0,0,0,4,0,4,4,0,3,1,4,0,4,0,4,0
2024-25,Andaman & Nicobar,Nicobars,Nancowrie,Chukmachi,0,35,0,0,35,0,0,30,5,0,35,0,31,4,0,0,35,6,29,35,0,34,1,35,0,35,0,35,0
2024-25,Andaman & Nicobar,Nicobars,Nancowrie,Bengali,0,17,3,0,17,3,0,18,2,0,20,0,14,6,0,0,20,1,19,20,0,17,3,20,0,20,0,20,0
2024-25,Andaman & Nicobar,Nicobars,Nancowrie,Jhoola*,0,15,2,0,17,0,0,16,1,0,17,0,17,0,0,0,17,0,17,17,0,16,1,17,0,17,0,17,0
2024-25,Andaman & Nicobar,Nicobars,Nancowrie,Enam,0,19,6,0,23,2,0,22,3,0,25,0,19,6,0,0,25,0,25,25,0,24,1,25,0,25,0,25,0
2024-25,Andaman & Nicobar,Nicobars,Nancowrie,Aloorang,0,22,2,0,24,0,0,24,0,0,24,0,3,21,0,0,24,2,22,24,0,24,0,24,0,24,0,24,0
2024-25,Andaman & Nicobar,Nicobars,Nancowrie,Kalasi,0,14,8,0,19,3,0,13,9,7,15,1,14,7,0,0,22,0,22,22,0,22,0,22,0,22,0,22,0
2024-25,Andaman & Nicobar,Nicobars,Nancowrie,Japan Tikri,0,5,0,0,4,1,0,5,0,0,5,0,5,0,0,0,5,0,5,5,0,5,0,5,0,5,0,5,0
2024-25,Andaman & Nicobar,North And Middle Andaman,Diglipur,Kishori Nagar (Rv),0,216,3,0,211,8,0,219,0,2,217,0,218,1,0,43,176,2,217,219,0,214,5,219,0,219,0,219,0
2024-25,Andaman & Nicobar,North And Middle Andaman,Diglipur,Krishnapuri (Rv),0,31,14,0,38,7,0,29,16,1,44,0,44,1,0,20,25,1,44,45,0,45,0,44,1,45,0,45,0
2024-25,Andaman & Nicobar,North And Middle Andaman,Diglipur,Shibpur (Rv),0,107,32,0,123,16,0,133,6,1,138,0,137,2,0,55,84,4,135,139,0,138,1,139,0,139,0,139,0
2024-25,Andaman & Nicobar,North And Middle Andaman,Diglipur,Ramakrishnagram (Rv),0,200,18,0,191,27,0,188,30,3,215,0,218,0,0,8,210,0,218,218,0,193,25,218,0,218,0,218,0
2024-25,Andaman & Nicobar,North And Middle Andaman,Diglipur,Paschimsagar (Efa),0,7,0,0,7,0,0,7,0,0,7,0,7,0,0,6,1,0,7,7,0,7,0,7,0,0,7,7,0
2024-25,Andaman & Nicobar,North And Middle Andaman,Diglipur,Jagannath Dera (Rv),0,24,19,0,21,22,0,23,20,2,41,0,30,13,0,34,9,0,43,43,0,42,1,43,0,43,0,43,0
2024-25,Andaman & Nicobar,North And Middle Andaman,Diglipur,Nabagram (Rv),0,89,6,0,95,0,0,95,0,0,95,0,95,0,0,0,95,0,95,95,0,94,1,95,0,95,0,95,0
2024-25,Andaman & Nicobar,North And Middle Andaman,Diglipur,Radha Nagar (Efa),0,1,0,0,1,0,0,1,0,0,1,0,1,0,0,0,1,0,1,1,0,1,0,1,0,1,0,1,0
2024-25,Andaman & Nicobar,North And Middle Andaman,Diglipur,Milangram (Rv),0,118,33,0,107,44,0,87,64,4,147,0,145,6,0,50,101,5,146,151,0,144,7,151,0,150,1,151,0
2024-25,Andaman & Nicobar,North And Middle Andaman,Diglipur,Keralapuram (Rv),0,36,0,0,24,12,0,27,9,0,36,0,36,0,0,4,32,8,28,36,0,35,1,36,0,36,0,36,0
2024-25,Andaman & Nicobar,North And Middle Andaman,Diglipur,Aerial Bay (Rv),0,19,0,0,19,0,0,19,0,0,19,0,19,0,0,1,18,0,19,19,0,19,0,19,0,19,0,19,0
2024-25,Andaman & Nicobar,North And Middle Andaman,Diglipur,Subhashgram (Rv),0,127,16,0,143,0,0,143,0,0,143,0,143,0,0,117,26,0,143,143,0,139,4,143,0,143,0,143,0
2024-25,Andaman & Nicobar,North And Middle Andaman,Diglipur,Madhupur (Rv),0,178,86,0,190,74,0,139,125,18,246,0,244,20,0,40,224,4,260,264,0,245,19,264,0,264,0,264,0
2024-25,Andaman & Nicobar,North And Middle Andaman,Diglipur,Nischintapur (Rv),0,33,0,0,28,5,0,26,7,14,19,0,19,14,0,6,27,0,33,33,0,33,0,32,1,33,0,33,0
2024-25,Andaman & Nicobar,North And Middle Andaman,Diglipur,Shyam Nagar (Rv),0,23,9,0,26,6,0,22,10,1,31,0,32,0,0,19,13,0,32,32,0,32,0,32,0,32,0,32,0
2024-25,Andaman & Nicobar,North And Middle Andaman,Diglipur,Swarajgram (Rv),0,132,26,0,133,25,0,129,29,3,155,0,158,0,0,9,149,0,158,158,0,158,0,158,0,158,0,158,0
2024-25,Andaman & Nicobar,North And Middle Andaman,Diglipur,Rabindrapalli (Rv),0,55,0,0,55,0,0,55,0,0,55,0,55,0,0,15,40,0,55,55,0,55,0,46,9,54,1,55,0
2024-25,Andaman & Nicobar,North And Middle Andaman,Diglipur,Sitanagar (Rv),0,118,19,0,109,28,0,92,45,2,135,0,121,16,0,21,116,10,127,137,0,129,8,137,0,137,0,137,0
2024-25,Andaman & Nicobar,North And Middle Andaman,Diglipur,Madhyamgram (Rv),0,20,0,0,20,0,0,20,0,0,20,0,20,0,0,0,20,0,20,20,0,20,0,20,0,20,0,20,0
2024-25,Andaman & Nicobar,North And Middle Andaman,Diglipur,Ramnagar (Rv),0,145,8,0,144,9,0,143,10,0,153,0,153,0,0,24,129,5,148,153,0,101,52,153,0,153,0,153,0
2024-25,Andaman & Nicobar,North And Middle Andaman,Diglipur,Kalipur (Rv),0,59,10,0,50,19,0,45,24,2,67,0,69,0,0,28,41,0,69,69,0,69,0,69,0,69,0,69,0
2024-25,Andaman & Nicobar,North And Middle Andaman,Diglipur,Mohanpur (Rv),0,24,1,0,25,0,0,24,1,0,25,0,25,0,0,24,1,0,25,25,0,25,0,25,0,25,0,25,0
2024-25,Andaman & Nicobar,North And Middle Andaman,Diglipur,Deshbandhugram (Rv),0,40,34,0,66,8,0,42,32,41,33,0,49,25,0,39,35,32,42,74,0,55,19,71,3,74,0,74,0
2024-25,Andaman & Nicobar,North And Middle Andaman,Diglipur,Kalighat (Rv),0,26,0,0,17,9,0,25,1,0,26,0,26,0,2,6,18,0,26,26,0,18,8,26,0,26,0,26,0
2024-25,Andaman & Nicobar,North And Middle Andaman,Diglipur,Vidyasagarpalli (Rv),0,129,24,0,148,5,0,142,11,1,152,0,153,0,0,123,30,4,149,153,0,141,12,153,0,153,0,153,0
2024-25,Andaman & Nicobar,North And Middle Andaman,Diglipur,Khudirampur (Rv),0,122,31,0,108,45,0,85,68,0,153,0,152,1,0,0,153,0,153,153,0,153,0,153,0,153,0,153,0
2024-25,Andaman & Nicobar,North And Middle Andaman,Diglipur,Aam Tikry (Fdca),0,8,2,0,9,1,0,8,2,0,10,0,9,1,0,4,6,0,10,10,0,10,0,10,0,10,0,10,0
2024-25,Andaman & Nicobar,North And Middle Andaman,Diglipur,Paranghara (Rv),0,5,0,0,5,0,0,5,0,0,5,0,5,0,0,1,4,0,5,5,0,4,1,5,0,5,0,5,0
2024-25,Andaman & Nicobar,North And Middle Andaman,Diglipur,Tal Bagan (Efa),0,24,1,0,25,0,0,25,0,0,25,0,25,0,0,16,9,1,24,25,0,25,0,25,0,6,19,25,0
2024-25,Andaman & Nicobar,North And Middle Andaman,Diglipur,Durgapur (Rv),0,68,16,0,67,17,0,65,19,0,84,0,84,0,0,18,66,0,84,84,0,78,6,84,0,84,0,84,0
2024-25,Andaman & Nicobar,North And Middle Andaman,Diglipur,Sagar Dweep (Rv),0,22,10,0,28,4,0,32,0,0,32,0,31,1,0,0,32,26,5,32,0,29,3,32,0,32,0,32,0
2024-25,Andaman & Nicobar,North And Middle Andaman,Diglipur,Radha Nagar (Rv),0,53,5,0,58,0,0,58,0,0,58,0,58,0,0,24,34,0,58,58,0,57,1,58,0,58,0,58,0
2024-25,Andaman & Nicobar,North And Middle Andaman,Diglipur,Laxmipur (Rv),0,110,42,0,101,51,0,112,40,0,152,0,152,0,0,42,110,0,152,152,0,148,4,152,0,152,0,152,0
2024-25,Andaman & Nicobar,North And Middle Andaman,Diglipur,Shyam Nagar,0,6,0,0,6,0,0,3,3,0,6,0,6,0,0,5,1,0,6,6,0,6,0,6,0,6,0,6,0
2024-25,Andaman & Nicobar,North And Middle Andaman,Diglipur,Ganesh Nagar,0,40,7,0,28,19,0,45,2,0,47,0,36,11,0,0,47,2,45,47,0,44,3,47,0,47,0,47,0
2024-25,Andaman & Nicobar,North And Middle Andaman,Diglipur,Diglipur Part-Ii,0,7,0,0,7,0,0,7,0,0,7,0,7,0,0,2,5,0,7,7,0,7,0,7,0,7,0,7,0
2024-25,Andaman & Nicobar,North And Middle Andaman,Diglipur,Santi Nagar,0,26,21,0,29,18,0,43,4,5,42,0,42,5,0,0,47,0,47,47,0,43,4,47,0,47,0,47,0
2024-25,Andaman & Nicobar,North And Middle Andaman,Diglipur,Gandhi Nagar,0,46,3,0,43,6,0,42,7,0,49,0,49,0,0,25,24,0,49,49,0,49,0,49,0,49,0,49,0
2024-25,Andaman & Nicobar,North And Middle Andaman,Mayabunder,Kamalapur (Rv),0,23,6,0,27,2,0,23,6,5,24,0,19,10,0,0,29,1,28,29,0,29,0,29,0,29,0,29,0
2024-25,Andaman & Nicobar,North And Middle Andaman,Mayabunder,Karmatang (Rv),0,10,3,0,13,0,0,13,0,6,7,0,13,0,0,1,12,0,13,13,0,13,0,13,0,13,0,13,0
2024-25,Andaman & Nicobar,North And Middle Andaman,Mayabunder,Profullya Nagar (Rv),0,45,6,0,49,2,0,51,0,0,51,0,41,10,0,2,49,3,48,51,0,46,5,51,0,51,0,51,0
2024-25,Andaman & Nicobar,North And Middle Andaman,Mayabunder,Swadesh Nagar (Rv),0,21,19,0,40,0,0,40,0,2,38,0,25,15,0,0,40,0,40,40,0,40,0,40,0,40,0,40,0
2024-25,Andaman & Nicobar,North And Middle Andaman,Mayabunder,Pinakinagar (Rv),0,32,3,0,29,6,0,34,1,0,35,0,28,7,0,0,35,3,32,35,0,35,0,35,0,35,0,35,0
2024-25,Andaman & Nicobar,North And Middle Andaman,Mayabunder,Pudumadurai (Rv),0,23,15,0,38,0,0,18,20,0,38,0,30,8,0,0,38,2,36,38,0,37,1,38,0,37,1,38,0
2024-25,Andaman & Nicobar,North And Middle Andaman,Mayabunder,Danpur (Rv),0,11,0,0,10,1,0,7,4,0,11,0,10,1,0,0,11,1,10,11,0,11,0,11,0,11,0,11,0
2024-25,Andaman & Nicobar,North And Middle Andaman,Mayabunder,Lucknow (Rv),0,31,1,0,29,3,0,32,0,4,28,0,32,0,0,0,32,0,32,32,0,27,5,31,1,32,0,32,0
2024-25,Andaman & Nicobar,North And Middle Andaman,Mayabunder,Chainpur (Rv),0,105,0,0,100,5,0,88,17,1,104,0,103,2,0,39,66,10,95,105,0,81,24,104,1,65,40,105,0
2024-25,Andaman & Nicobar,North And Middle Andaman,Mayabunder,Devpur (Rv),0,24,5,0,29,0,0,28,1,11,18,0,28,1,0,0,29,3,26,29,0,28,1,29,0,29,0,29,0
2024-25,Andaman & Nicobar,North And Middle Andaman,Mayabunder,Lataw (Rv),0,8,0,0,8,0,0,8,0,0,8,0,8,0,0,0,8,1,7,8,0,8,0,7,1,8,0,8,0
2024-25,Andaman & Nicobar,North And Middle Andaman,Mayabunder,Webi (Rv),0,76,5,0,78,3,0,74,7,0,81,0,80,1,0,0,81,2,79,81,0,67,14,80,1,74,7,81,0
2024-25,Andaman & Nicobar,North And Middle Andaman,Mayabunder,Paresh Nagar (Rv),0,17,6,0,22,1,0,23,0,12,11,0,21,2,0,1,22,8,15,23,0,23,0,23,0,22,1,23,0
2024-25,Andaman & Nicobar,North And Middle Andaman,Mayabunder,Tugapur (Rv),0,23,69,0,92,0,0,75,17,0,92,0,65,27,0,5,87,10,82,92,0,92,0,92,0,92,0,92,0
2024-25,Andaman & Nicobar,North And Middle Andaman,Mayabunder,Govindpur (Rv),0,50,5,0,51,4,0,55,0,0,55,0,51,4,0,1,54,17,38,55,0,55,0,55,0,55,0,55,0
2024-25,Andaman & Nicobar,North And Middle Andaman,Mayabunder,Pokadera (Rv),0,11,0,0,11,0,0,11,0,1,10,0,11,0,0,0,11,1,10,11,0,11,0,11,0,11,0,11,0
2024-25,Andaman & Nicobar,North And Middle Andaman,Mayabunder,Rampur (Rv),0,39,9,0,48,0,0,35,13,5,43,0,48,0,0,0,48,2,46,48,0,48,0,48,0,11,37,48,0
2024-25,Andaman & Nicobar,North And Middle Andaman,Mayabunder,Jaipur (Rv),0,41,8,0,43,6,0,37,12,0,49,0,40,9,0,1,48,0,49,49,0,49,0,49,0,49,0,49,0
2024-25,Andaman & Nicobar,North And Middle Andaman,Mayabunder,Karmatang X (Efa) Incl.Bihari Plot (Efa),0,2,1,0,3,0,0,3,0,2,1,0,2,1,0,0,3,0,3,3,0,3,0,3,0,3,0,3,0
2024-25,Andaman & Nicobar,North And Middle Andaman,Mayabunder,Basantipur (Rv),0,12,17,0,29,0,0,19,10,2,27,0,11,18,0,0,29,1,28,29,0,29,0,29,0,29,0,29,0
2024-25,Andaman & Nicobar,North And Middle Andaman,Mayabunder,Pahalgaon (Rv),0,15,45,0,60,0,0,46,14,0,60,0,40,20,0,1,59,5,55,60,0,60,0,60,0,60,0,60,0
2024-25,Andaman & Nicobar,North And Middle Andaman,Mayabunder,Santipur (Rv),0,47,9,0,49,7,0,56,0,0,56,0,56,0,0,0,56,0,56,56,0,56,0,56,0,56,0,56,0
2024-25,Andaman & Nicobar,North And Middle Andaman,Mayabunder,Harinagar (Rv),0,19,19,0,38,0,0,27,11,2,36,0,24,14,0,0,38,0,38,38,0,38,0,38,0,38,0,38,0
2024-25,Andaman & Nicobar,North And Middle Andaman,Mayabunder,Karmatang Ix (Efa),0,12,8,0,20,0,0,20,0,12,8,0,16,4,0,0,20,3,17,20,0,20,0,20,0,20,0,20,0
2024-25,Andaman & Nicobar,North And Middle Andaman,Mayabunder,Dukennagar (Rv),0,63,0,0,63,0,0,63,0,0,63,0,48,15,0,15,48,10,53,63,0,58,5,57,6,63,0,63,0
2024-25,Andaman & Nicobar,North And Middle Andaman,Rangat,Bejoygarh (Rv),0,51,0,0,50,1,0,51,0,1,50,0,50,1,0,0,51,0,51,51,0,51,0,51,0,51,0,51,0
2024-25,Andaman & Nicobar,North And Middle Andaman,Rangat,Sitapur (Rv),0,52,1,0,53,0,0,52,1,0,53,0,48,5,0,0,53,5,48,53,0,45,8,52,1,53,0,53,0
2024-25,Andaman & Nicobar,North And Middle Andaman,Rangat,Yeratiljig No. 11 (Jppc),0,31,2,0,31,2,0,33,0,0,33,0,33,0,0,0,33,12,21,33,0,33,0,33,0,33,0,33,0
2024-25,Andaman & Nicobar,North And Middle Andaman,Rangat,Gol Pahar (Efa),0,1,5,0,6,0,0,6,0,6,0,0,2,4,0,0,6,2,4,6,0,6,0,6,0,6,0,6,0
2024-25,Andaman & Nicobar,North And Middle Andaman,Rangat,Ramachandra Nagar (Rv),0,5,0,0,5,0,0,5,0,0,5,0,5,0,0,0,5,0,5,5,0,5,0,5,0,5,0,5,0
2024-25,Andaman & Nicobar,North And Middle Andaman,Rangat,Parnasala Ii (Fc),0,1,0,0,1,0,0,1,0,0,1,0,1,0,0,1,0,0,1,1,0,1,0,1,0,1,0,1,0
2024-25,Andaman & Nicobar,North And Middle Andaman,Rangat,Udhaygarh (Rv),0,36,6,0,42,0,0,39,3,1,41,0,39,3,0,0,42,4,38,42,0,42,0,42,0,42,0,42,0
2024-25,Andaman & Nicobar,North And Middle Andaman,Rangat,Wrafter'S Creek (Rv),0,6,7,0,13,0,0,11,2,6,7,0,8,5,0,0,13,12,1,13,0,13,0,13,0,13,0,13,0
2024-25,Andaman & Nicobar,North And Middle Andaman,Rangat,Kanchangarh (Rv),0,31,2,0,33,0,0,33,0,5,28,0,24,9,0,0,33,18,15,33,0,33,0,33,0,33,0,33,0
2024-25,Andaman & Nicobar,North And Middle Andaman,Rangat,Nayagarh (Rv),0,36,13,0,49,0,0,46,3,13,36,0,32,17,0,0,49,30,19,49,0,49,0,49,0,49,0,49,0
2024-25,Andaman & Nicobar,North And Middle Andaman,Rangat,Amkunj (Rv),0,45,13,0,54,4,0,44,14,3,55,0,57,1,0,0,58,3,55,58,0,58,0,58,0,58,0,58,0
2024-25,Andaman & Nicobar,North And Middle Andaman,Rangat,Nimbutala (Rv),0,159,24,0,159,24,0,171,12,0,183,1,154,28,0,0,183,10,173,183,0,157,26,169,14,183,0,183,0
2024-25,Andaman & Nicobar,North And Middle Andaman,Rangat,Janakpur (Rv),0,36,16,0,52,0,0,52,0,3,49,0,49,3,0,0,52,0,52,52,0,52,0,52,0,52,0,52,0
2024-25,Andaman & Nicobar,North And Middle Andaman,Rangat,Kadamtala (Rv),0,182,8,0,185,5,0,154,36,26,164,0,188,2,0,33,157,47,143,190,0,176,14,185,4,190,0,190,0
2024-25,Andaman & Nicobar,North And Middle Andaman,Rangat,Mithila (Rv),0,39,0,0,39,0,0,36,3,1,38,0,37,2,0,0,39,5,34,39,0,36,3,39,0,39,0,39,0
2024-25,Andaman & Nicobar,North And Middle Andaman,Rangat,Kaushalyanagar (Rv),0,139,9,0,146,2,0,138,10,12,136,1,133,14,0,124,24,7,141,148,0,111,37,148,0,148,0,148,0
2024-25,Andaman & Nicobar,North And Middle Andaman,Rangat,Shyamkund (Rv),0,50,0,0,49,1,0,43,7,6,44,0,42,8,0,1,49,12,38,50,0,50,0,50,0,50,0,50,0
2024-25,Andaman & Nicobar,North And Middle Andaman,Rangat,Kalsi (Rv),0,48,13,0,52,9,0,39,22,0,61,0,54,7,0,0,61,1,60,61,0,61,0,61,0,61,0,61,0
2024-25,Andaman & Nicobar,North And Middle Andaman,Rangat,Rampur (Rv),0,58,0,0,46,12,0,44,14,0,58,0,51,7,0,0,58,4,54,58,0,30,28,53,5,16,42,58,0
2024-25,Andaman & Nicobar,North And Middle Andaman,Rangat,Sabari (Rv),0,95,105,0,200,0,0,194,6,57,143,0,171,29,0,3,197,0,200,200,0,199,1,199,1,199,1,200,0
2024-25,Andaman & Nicobar,North And Middle Andaman,Rangat,Rajatgarh (Efa),0,1,0,0,1,0,0,1,0,0,1,0,1,0,0,0,1,1,0,1,0,1,0,1,0,1,0,1,0
2024-25,Andaman & Nicobar,North And Middle Andaman,Rangat,Padmanabhapuram (Rv),0,76,0,0,66,10,0,76,0,0,76,0,69,7,0,0,76,6,70,76,0,76,0,76,0,76,0,76,0
2024-25,Andaman & Nicobar,North And Middle Andaman,Rangat,Abaygarh (Rv),0,16,13,0,27,2,0,16,13,5,24,0,29,0,0,21,8,28,1,29,0,29,0,29,0,29,0,29,0
2024-25,Andaman & Nicobar,North And Middle Andaman,Rangat,Raglachang (Rv),0,12,7,0,19,0,0,18,1,1,18,0,19,0,0,0,19,19,0,19,0,13,6,19,0,19,0,19,0
2024-25,Andaman & Nicobar,North And Middle Andaman,Rangat,Rajatgarh (Rv),0,31,2,0,33,0,0,33,0,5,28,0,29,4,0,0,33,32,1,33,0,33,0,33,0,33,0,33,0
2024-25,Andaman & Nicobar,North And Middle Andaman,Rangat,Bangaon (Rv),0,3,0,0,3,0,0,3,0,0,3,0,3,0,0,0,3,0,3,3,0,3,0,3,0,3,0,3,0
2024-25,Andaman & Nicobar,North And Middle Andaman,Rangat,Khatta Khari (Rv),0,13,12,0,24,1,0,14,11,4,21,0,17,8,0,0,25,15,10,25,0,25,0,25,0,25,0,25,0
2024-25,Andaman & Nicobar,North And Middle Andaman,Rangat,Vishnupur (Rv),0,30,10,0,40,0,0,23,17,0,40,0,34,6,0,0,40,0,40,40,0,40,0,40,0,40,0,40,0
2024-25,Andaman & Nicobar,North And Middle Andaman,Rangat,Adojig (Rv) (Including Efa),0,41,29,0,69,1,0,6,64,2,68,2,56,12,0,0,70,1,69,70,0,70,0,70,0,70,0,70,0
2024-25,Andaman & Nicobar,North And Middle Andaman,Rangat,Sundergarh (Rv) (Including Efa),0,77,18,0,94,1,0,30,65,0,95,0,94,1,0,0,95,4,91,95,0,95,0,95,0,95,0,95,0
2024-25,Andaman & Nicobar,North And Middle Andaman,Rangat,Parnasala (Rv),0,43,0,0,34,9,0,43,0,0,43,0,39,4,0,18,25,2,41,43,0,25,18,39,4,43,0,43,0
2024-25,Andaman & Nicobar,North And Middle Andaman,Rangat,Uttara (Rv),0,169,3,0,172,0,0,143,29,21,151,0,141,31,0,23,149,72,100,172,0,168,4,172,0,172,0,172,0
2024-25,Andaman & Nicobar,North And Middle Andaman,Rangat,Long Island (Rv),0,7,7,0,14,0,0,7,7,14,0,0,10,4,0,0,14,8,6,14,0,14,0,9,5,14,0,14,0
2024-25,Andaman & Nicobar,North And Middle Andaman,Rangat,Laxmanpur (Rv),0,41,5,0,40,6,0,35,11,0,46,0,46,0,0,0,46,4,42,46,0,42,4,46,0,46,0,46,0
2024-25,Andaman & Nicobar,North And Middle Andaman,Rangat,Santanu (Rv),0,75,1,0,75,1,0,56,20,7,69,7,49,20,0,29,47,29,47,76,0,62,14,67,9,74,2,76,0
2024-25,Andaman & Nicobar,North And Middle Andaman,Rangat,Urmilapur (Rv),0,106,0,0,106,0,0,106,0,0,106,22,36,48,0,0,106,9,97,106,0,97,9,106,0,97,9,106,0
2024-25,Andaman & Nicobar,North And Middle Andaman,Rangat,Saktigarh (Rv),0,50,0,0,49,1,0,50,0,6,44,0,46,4,0,49,1,4,46,50,0,41,9,50,0,50,0,50,0
2024-25,Andaman & Nicobar,North And Middle Andaman,Rangat,Bharatpur (Rv),0,14,3,0,17,0,0,15,2,0,17,0,16,1,0,0,17,0,17,17,0,17,0,17,0,17,0,17,0
2024-25,Andaman & Nicobar,North And Middle Andaman,Rangat,Rangat (Rv),0,35,0,0,25,10,0,28,7,0,35,0,32,3,0,0,35,1,34,35,0,9,26,31,4,35,0,35,0
2024-25,Andaman & Nicobar,North And Middle Andaman,Rangat,Desharatpur (Rv),0,58,0,6,52,0,0,50,8,12,46,0,51,7,0,25,33,0,58,58,0,52,6,58,0,58,0,58,0
2024-25,Andaman & Nicobar,North And Middle Andaman,Rangat,Panchawati (Rv),0,9,27,0,32,4,0,32,4,12,24,0,24,12,0,0,36,4,32,36,0,36,0,36,0,36,0,36,0
2024-25,Andaman & Nicobar,North And Middle Andaman,Rangat,Thiruvanchikulam (Rv),0,27,0,0,27,0,0,27,0,0,27,0,27,0,0,0,27,2,25,27,0,27,0,27,0,27,0,27,0
2024-25,Andaman & Nicobar,North And Middle Andaman,Rangat,Shivapuram (Rv),0,24,0,0,24,0,0,24,0,0,24,0,24,0,0,0,24,0,24,24,0,21,3,24,0,24,0,24,0
2024-25,Andaman & Nicobar,North And Middle Andaman,Rangat,Dharmapur (Rv),0,18,36,0,50,4,0,48,6,18,36,0,37,17,0,0,54,4,50,54,0,54,0,54,0,54,0,54,0
2024-25,Andaman & Nicobar,North And Middle Andaman,Rangat,Bakultala Rv,0,14,5,0,15,4,0,12,7,0,19,0,19,0,0,0,19,0,19,19,0,19,0,19,0,19,0,19,0
2024-25,Andaman & Nicobar,South Andamans,Ferrargunj,Madhuban (Rv),0,2,0,0,2,0,0,2,0,0,2,0,2,0,0,0,2,0,2,2,0,2,0,2,0,2,0,2,0
2024-25,Andaman & Nicobar,South Andamans,Ferrargunj,Tusnabad (Rv),0,58,12,0,68,2,0,38,32,0,70,0,70,0,0,0,70,2,68,70,0,55,15,70,0,70,0,70,0
2024-25,Andaman & Nicobar,South Andamans,Ferrargunj,Kadakachang (Rv),0,33,4,0,35,2,0,31,6,0,37,0,37,0,0,9,28,0,37,37,0,24,13,37,0,37,0,37,0
2024-25,Andaman & Nicobar,South Andamans,Ferrargunj,Aniket (Rv),0,4,0,0,4,0,0,4,0,0,4,0,4,0,0,0,4,0,4,4,0,4,0,4,0,4,0,4,0
2024-25,Andaman & Nicobar,South Andamans,Ferrargunj,Wright Myo (Rv),0,24,3,0,15,12,0,27,0,2,25,1,23,3,0,1,26,16,11,27,0,27,0,27,0,27,0,27,0
2024-25,Andaman & Nicobar,South Andamans,Ferrargunj,Shoal Bay (Rv),0,99,6,0,95,10,0,99,6,0,105,0,105,0,0,29,76,1,104,105,0,90,15,105,0,105,0,105,0
2024-25,Andaman & Nicobar,South Andamans,Ferrargunj,Tirur I (Jppc),0,4,2,0,6,0,0,6,0,0,6,0,3,3,0,0,6,1,5,6,0,5,1,6,0,5,1,6,0
2024-25,Andaman & Nicobar,South Andamans,Ferrargunj,Tirur Iv (Jppc),0,1,0,0,1,0,0,1,0,0,1,0,1,0,0,0,1,0,1,1,0,1,0,1,0,1,0,1,0
2024-25,Andaman & Nicobar,South Andamans,Ferrargunj,Chouldari (Rv),0,113,27,0,136,4,0,140,0,0,140,0,138,2,0,0,140,35,105,140,0,138,2,140,0,140,0,140,0
2024-25,Andaman & Nicobar,South Andamans,Ferrargunj,Manpur (Rv),0,50,3,0,49,4,0,53,0,1,52,0,52,1,0,30,23,0,53,53,0,53,0,53,0,53,0,53,0
2024-25,Andaman & Nicobar,South Andamans,Ferrargunj,Port Mouat (Rv),0,15,0,0,15,0,0,14,1,0,15,0,14,1,0,0,15,0,15,15,0,14,1,15,0,15,0,15,0
2024-25,Andaman & Nicobar,South Andamans,Ferrargunj,Tirur (Rv),0,3,1,0,4,0,0,4,0,2,2,1,2,1,0,0,4,3,1,4,0,4,0,4,0,4,0,4,0
2024-25,Andaman & Nicobar,South Andamans,Ferrargunj,Hope Town (Rv),0,25,0,0,23,2,0,25,0,0,25,0,25,0,0,18,7,2,23,25,0,25,0,25,0,25,0,25,0
2024-25,Andaman & Nicobar,South Andamans,Ferrargunj,Bindraban (Rv),0,11,1,0,12,0,0,12,0,7,5,0,12,0,0,0,12,0,12,12,0,12,0,12,0,12,0,12,0
2024-25,Andaman & Nicobar,South Andamans,Ferrargunj,Temple Myo (Rv),0,24,10,3,25,6,0,21,13,14,20,0,34,0,0,0,34,0,34,34,0,34,0,34,0,30,4,34,0
2024-25,Andaman & Nicobar,South Andamans,Ferrargunj,Govindapuram (Rv),0,1,0,0,1,0,0,1,0,0,1,0,1,0,0,0,1,0,1,1,0,0,1,1,0,1,0,1,0
2024-25,Andaman & Nicobar,South Andamans,Ferrargunj,Stewartgunj (Rv),0,23,0,0,23,0,0,23,0,0,23,0,23,0,0,19,4,7,16,23,0,23,0,23,0,23,0,23,0
2024-25,Andaman & Nicobar,South Andamans,Ferrargunj,Malapuram (Rv),0,22,0,0,22,0,0,22,0,0,22,0,22,0,0,0,22,8,14,22,0,21,1,22,0,22,0,22,0
2024-25,Andaman & Nicobar,South Andamans,Ferrargunj,Mile Tilek (Rv) & Mile Tilek (Efa),0,21,2,0,23,0,0,23,0,0,23,0,23,0,0,10,13,0,23,23,0,16,7,23,0,23,0,23,0
2024-25,Andaman & Nicobar,South Andamans,Ferrargunj,Manglutan (Rv),0,1,1,0,2,0,0,2,0,2,0,0,2,0,0,0,2,0,2,2,0,2,0,2,0,2,0,2,0
2024-25,Andaman & Nicobar,South Andamans,Ferrargunj,Alipur (Rv),0,6,0,0,6,0,0,6,0,2,4,0,6,0,0,0,6,0,6,6,0,5,1,6,0,6,0,6,0
2024-25,Andaman & Nicobar,South Andamans,Ferrargunj,Mithakhari (Rv),0,52,12,0,62,2,0,55,9,0,64,0,64,0,0,0,64,1,63,64,0,61,3,64,0,64,0,64,0
2024-25,Andaman & Nicobar,South Andamans,Ferrargunj,Ferrargunj (Rv),0,89,6,0,95,0,0,95,0,5,90,0,95,0,0,0,95,0,95,95,0,91,4,95,0,95,0,95,0
2024-25,Andaman & Nicobar,South Andamans,Ferrargunj,Knapuram (Rv),0,24,0,0,24,0,0,21,3,0,24,0,24,0,0,0,24,7,17,24,0,21,3,24,0,24,0,24,0
2024-25,Andaman & Nicobar,South Andamans,Ferrargunj,Herbertabad (Rv),0,16,7,0,23,0,0,23,0,3,20,2,11,10,0,0,23,6,17,23,0,23,0,23,0,20,3,23,0
2024-25,Andaman & Nicobar,South Andamans,Ferrargunj,Dundas Point (Rv),0,31,4,0,35,0,0,35,0,5,30,0,35,0,0,31,4,0,35,35,0,33,2,35,0,35,0,35,0
2024-25,Andaman & Nicobar,South Andamans,Ferrargunj,Namunaghar (Rv),0,23,29,0,52,0,0,23,29,13,39,0,46,6,0,0,52,3,49,52,0,52,0,50,2,52,0,52,0
2024-25,Andaman & Nicobar,South Andamans,Ferrargunj,Craikabad (Rv),0,22,2,0,24,0,0,16,8,10,14,0,22,2,0,0,24,2,22,24,0,24,0,24,0,24,0,24,0
2024-25,Andaman & Nicobar,South Andamans,Ferrargunj,Hobdipur (Rv),0,74,0,0,70,4,0,72,2,0,74,0,74,0,0,0,74,17,57,74,0,68,6,73,1,74,0,74,0
2024-25,Andaman & Nicobar,South Andamans,Ferrargunj,Badmash Pahar (Rv),0,7,3,0,10,0,0,10,0,0,10,0,10,0,0,0,10,0,10,10,0,10,0,10,0,9,1,10,0
2024-25,Andaman & Nicobar,South Andamans,Ferrargunj,Hashmatabad (Rv),0,11,4,0,15,0,0,15,0,2,13,0,14,1,0,0,15,0,15,15,0,15,0,15,0,15,0,15,0
2024-25,Andaman & Nicobar,South Andamans,Ferrargunj,Maymyo (Rv),0,17,2,0,19,0,0,19,0,1,18,0,16,3,0,0,19,0,19,19,0,18,1,19,0,19,0,19,0
2024-25,Andaman & Nicobar,South Andamans,Ferrargunj,Wandur (Rv),0,69,9,0,75,3,0,76,2,10,68,0,74,4,0,0,78,8,70,78,0,55,23,74,4,78,0,78,0
2024-25,Andaman & Nicobar,South Andamans,Ferrargunj,Shoal Bay 19 (Fc),0,35,0,0,34,1,0,35,0,3,32,0,35,0,0,0,35,0,35,35,0,30,5,35,0,35,0,35,0
2024-25,Andaman & Nicobar,South Andamans,Ferrargunj,Hashmatabad (Efa),0,22,0,0,21,1,0,22,0,1,21,0,20,2,0,0,22,0,22,22,0,16,6,22,0,22,0,22,0
2024-25,Andaman & Nicobar,South Andamans,Ferrargunj,Maymyo (Efa),0,11,0,0,11,0,0,11,0,0,11,0,11,0,0,0,11,1,10,11,0,8,3,11,0,11,0,11,0
2024-25,Andaman & Nicobar,South Andamans,Ferrargunj,Homfreygunj (Rv),0,8,0,0,8,0,0,8,0,0,8,0,8,0,0,2,6,2,6,8,0,8,0,8,0,8,0,8,0
2024-25,Andaman & Nicobar,South Andamans,Ferrargunj,Mathura (Rv),0,9,7,0,16,0,0,13,3,3,13,0,11,5,0,0,16,2,14,16,0,16,0,16,0,16,0,16,0
2024-25,Andaman & Nicobar,South Andamans,Ferrargunj,Jirkatang No. 2 (Rv),0,2,0,0,2,0,0,2,0,0,2,0,2,0,0,2,0,0,2,2,0,2,0,2,0,2,0,2,0
2024-25,Andaman & Nicobar,South Andamans,Ferrargunj,Mannarghat (Rv),0,27,3,0,30,0,0,30,0,0,30,0,28,2,0,0,30,9,21,30,0,29,1,30,0,30,0,30,0
2024-25,Andaman & Nicobar,South Andamans,Ferrargunj,Muslim Basti (Rv),0,31,1,0,31,1,0,32,0,0,32,0,32,0,0,25,7,14,18,32,0,32,0,31,1,32,0,32,0
2024-25,Andaman & Nicobar,South Andamans,Ferrargunj,Colinpur (Rv),0,14,6,0,14,6,0,14,6,0,20,0,19,0,0,0,20,0,20,20,0,13,7,20,0,20,0,20,0
2024-25,Andaman & Nicobar,South Andamans,Ferrargunj,Ograbraij (Rv),0,26,0,0,25,1,0,26,0,3,23,0,26,0,0,0,26,10,16,26,0,26,0,26,0,26,0,26,0
2024-25,Andaman & Nicobar,South Andamans,Ferrargunj,Manglutan (Efa),0,3,1,0,3,1,0,2,2,2,2,0,4,0,0,2,2,0,4,4,0,4,0,4,0,4,0,4,0
2024-25,Andaman & Nicobar,South Andamans,Ferrargunj,Tirur (Jppc),0,4,2,0,6,0,0,6,0,2,4,0,4,2,0,0,6,2,4,6,0,6,0,6,0,6,0,6,0
2024-25,Andaman & Nicobar,South Andamans,Ferrargunj,Caddlegunj (Rv) (Incl. Sona Pahar & Hazari Bagh (Jppc),0,48,4,0,48,4,0,51,1,0,52,0,52,0,0,5,47,0,52,52,0,49,3,52,0,52,0,52,0
2024-25,Andaman & Nicobar,South Andamans,Ferrargunj,Chouldari(Lohabarrack),0,11,6,0,13,4,0,11,6,0,17,0,17,0,0,0,17,0,17,17,0,17,0,17,0,17,0,17,0
2024-25,Andaman & Nicobar,South Andamans,Ferrargunj,Wimberlygunj (Rv),0,25,0,0,25,0,0,24,1,0,25,0,25,0,0,0,25,7,18,25,0,24,1,25,0,25,0,25,0
2024-25,Andaman & Nicobar,South Andamans,Little Andaman,Vivekanandapuram (Rv),0,64,44,0,104,4,0,108,0,12,96,0,90,18,0,0,108,5,103,108,0,95,13,52,56,107,1,108,0
2024-25,Andaman & Nicobar,South Andamans,Little Andaman,Harmender Bay (Ns),0,69,9,0,75,3,0,74,4,0,78,0,54,24,0,0,78,0,78,78,0,73,5,78,0,78,0,0,78
2024-25,Andaman & Nicobar,South Andamans,Little Andaman,Netaji Nagar (Rv),0,61,12,0,72,1,0,65,8,10,63,0,43,30,0,0,73,18,55,73,0,49,24,73,0,73,0,73,0
2024-25,Andaman & Nicobar,South Andamans,Little Andaman,Ramakrishnapur (Rv),0,194,55,0,204,45,0,215,34,51,198,0,216,33,0,0,249,20,229,249,0,235,14,213,36,249,0,249,0
2024-25,Andaman & Nicobar,South Andamans,Little Andaman,Rabindra Nagar (Rv),0,37,62,0,76,23,0,76,23,50,49,0,85,14,0,0,99,0,99,99,0,70,29,99,0,99,0,99,0
2024-25,Andaman & Nicobar,South Andamans,Prothrapur,Teylorabad (Rv),0,41,9,0,35,15,0,23,27,1,49,0,50,0,0,0,50,0,50,50,0,50,0,50,0,50,0,50,0
2024-25,Andaman & Nicobar,South Andamans,Prothrapur,Radha Nagar (Rv),0,12,2,0,11,3,0,14,0,1,13,0,14,0,0,0,14,5,9,14,0,14,0,12,2,14,0,14,0
2024-25,Andaman & Nicobar,South Andamans,Prothrapur,Govinda Nagar (Rv),0,26,8,0,29,5,1,13,20,0,34,0,34,0,0,0,34,15,19,34,0,34,0,29,5,34,0,34,0
2024-25,Andaman & Nicobar,South Andamans,Prothrapur,Ram Nagar (Rv),0,42,8,0,48,2,0,28,22,0,50,0,47,3,0,0,50,35,15,50,0,49,1,50,0,50,0,50,0
2024-25,Andaman & Nicobar,South Andamans,Prothrapur,Beadnabad (Rv),0,64,0,0,61,3,0,55,9,4,60,0,63,1,0,0,64,1,63,64,0,60,4,64,0,64,0,64,0
2024-25,Andaman & Nicobar,South Andamans,Prothrapur,Shyam Nagar (Rv),0,31,3,0,33,1,0,34,0,0,34,0,34,0,0,0,34,12,22,34,0,32,2,34,0,34,0,34,0
2024-25,Andaman & Nicobar,South Andamans,Prothrapur,Rutland (Rv),0,27,4,0,28,3,0,27,4,0,31,0,28,3,0,3,28,3,28,31,0,29,2,31,0,31,0,31,0
2024-25,Andaman & Nicobar,South Andamans,Prothrapur,Chidiyatapu (Rv),0,42,1,0,40,3,0,43,0,15,28,0,43,0,0,0,43,15,28,43,0,36,7,43,0,43,0,43,0
2024-25,Andaman & Nicobar,South Andamans,Prothrapur,Bejoy Nagar (Rv),0,23,2,0,23,2,0,25,0,0,25,0,24,1,0,0,25,9,16,25,0,25,0,19,6,25,0,25,0
2024-25,Andaman & Nicobar,South Andamans,Prothrapur,Krishna Nagar (Rv),0,49,0,0,41,8,0,48,1,12,37,0,49,0,0,0,49,13,36,49,0,48,1,35,14,49,0,49,0
2024-25,Andaman & Nicobar,South Andamans,Prothrapur,Rangachang (Rv),0,57,3,0,59,1,0,59,1,0,60,0,60,0,0,6,54,12,48,60,0,60,0,60,0,60,0,60,0
2024-25,Andaman & Nicobar,South Andamans,Prothrapur,Sitapur (Rv),0,40,0,0,40,0,0,40,0,0,40,0,40,0,0,0,40,11,29,40,0,40,0,24,16,40,0,40,0
2024-25,Andaman & Nicobar,South Andamans,Prothrapur,Sippighat (Rv),0,20,6,0,25,1,0,16,10,0,26,0,26,0,0,17,9,0,26,26,0,26,0,26,0,26,0,26,0
2024-25,Andaman & Nicobar,South Andamans,Prothrapur,Lakshmanpur (Rv),0,50,6,0,45,11,0,43,13,0,56,0,56,0,0,0,56,20,36,56,0,55,1,55,1,56,0,56,0
2024-25,Andaman & Nicobar,South Andamans,Prothrapur,Bimilitan (Rv) & Kodiyaghat,0,152,1,0,146,7,0,142,11,2,151,0,145,8,0,0,153,0,153,153,0,149,4,153,0,153,0,153,0
2024-25,Andaman & Nicobar,South Andamans,Prothrapur,Neil Kendra (Rv),0,31,1,0,30,2,0,31,1,0,32,0,32,0,0,0,32,18,14,32,0,29,3,32,0,32,0,32,0
2024-25,Andaman & Nicobar,South Andamans,Prothrapur,Bharatpur (Rv),0,30,1,0,31,0,0,24,7,0,31,0,31,0,0,0,31,18,13,31,0,30,1,28,3,31,0,31,0
2024-25,Andaman & Nicobar,South Andamans,Prothrapur,Calicut (Rv),0,55,5,0,41,19,0,57,3,0,60,0,59,1,0,0,60,0,60,60,0,53,7,50,10,60,0,60,0
2024-25,Andaman & Nicobar,South Andamans,Prothrapur,Dollygunj (Rv),0,2,0,0,2,0,0,2,0,0,2,0,2,0,0,0,2,0,2,2,0,1,1,2,0,2,0,2,0
2024-25,Andaman & Nicobar,South Andamans,Prothrapur,Prothrapur (Ct),0,4,1,0,5,0,0,5,0,0,5,0,4,1,0,0,5,2,3,5,0,4,1,5,0,5,0,5,0
2023-24,Andhra Pradesh,Alluri Sitharama Raju,Addateegala,Vetamamidi,0,13,0,12,1,0,2,4,7,10,3,1,7,5,0,0,13,2,11,13,0,8,5,13,0,11,2,13,0
2023-24,Andhra Pradesh,Alluri Sitharama Raju,Addateegala,Anigeru,0,27,1,23,0,5,7,0,21,24,4,3,14,11,1,0,27,6,22,28,0,14,13,28,0,24,4,28,0
2023-24,Andhra Pradesh,Alluri Sitharama Raju,Addateegala,Puligogulapadu,0,8,0,7,0,1,4,0,4,7,1,0,5,3,0,0,8,2,6,8,0,5,3,8,0,8,0,8,0
2023-24,Andhra Pradesh,Alluri Sitharama Raju,Addateegala,Kimmuru,0,9,0,6,0,3,2,0,7,8,1,0,5,4,0,0,9,1,8,9,0,1,7,9,0,9,0,9,0
2023-24,Andhra Pradesh,Alluri Sitharama Raju,Addateegala,Kothurupadu,0,11,0,8,0,3,3,0,8,9,2,1,6,4,0,0,11,2,9,11,0,6,5,11,0,11,0,11,0
2023-24,Andhra Pradesh,Alluri Sitharama Raju,Addateegala,Kinaparti,1,9,0,6,0,4,4,0,6,10,0,0,8,2,0,0,10,2,8,9,1,1,7,10,0,9,1,10,0
2023-24,Andhra Pradesh,Alluri Sitharama Raju,Addateegala,Uppalapadu,0,3,0,2,0,1,1,0,2,3,0,0,2,1,0,0,3,1,2,3,0,3,0,3,0,3,0,3,0
2023-24,Andhra Pradesh,Alluri Sitharama Raju,Addateegala,D. Krishnavaram,0,5,0,5,0,0,1,0,4,5,0,0,4,1,0,0,5,0,5,5,0,0,4,5,0,5,0,5,0
2023-24,Andhra Pradesh,Alluri Sitharama Raju,Addateegala,Gontuvanipalem,1,28,0,21,0,8,12,0,17,29,0,3,17,9,1,0,27,6,23,28,1,3,25,28,1,27,2,29,0
2023-24,Andhra Pradesh,Alluri Sitharama Raju,Addateegala,Gavarayyapeta,0,7,0,7,0,0,3,0,4,6,1,0,3,4,0,0,7,0,7,7,0,3,4,7,0,7,0,7,0
2023-24,Andhra Pradesh,Alluri Sitharama Raju,Addateegala,Kottampalem,0,7,0,6,0,1,4,0,3,7,0,0,5,2,0,0,7,2,5,7,0,0,7,7,0,7,0,7,0
2023-24,Andhra Pradesh,Alluri Sitharama Raju,Addateegala,Rajavaram,0,3,0,3,0,0,1,0,2,3,0,0,1,2,0,0,3,1,2,3,0,2,1,3,0,3,0,3,0
2023-24,Andhra Pradesh,Alluri Sitharama Raju,Addateegala,Bodlanka,1,15,0,16,0,0,3,1,12,16,0,1,9,6,0,0,16,2,14,15,1,10,6,16,0,15,1,16,0
2023-24,Andhra Pradesh,Alluri Sitharama Raju,Addateegala,Veerabhadrapuram,0,3,0,2,0,1,0,0,3,3,0,0,3,0,0,0,3,1,2,3,0,0,2,3,0,3,0,3,0
2023-24,Andhra Pradesh,Alluri Sitharama Raju,Addateegala,Konalova,1,21,0,17,0,5,8,0,14,22,0,1,12,9,0,0,22,5,17,21,1,9,12,22,0,21,1,22,0
2023-24,Andhra Pradesh,Alluri Sitharama Raju,Addateegala,Venkatanagaram,0,5,0,2,0,3,1,0,4,5,0,0,1,4,0,0,5,1,4,4,1,3,2,5,0,5,0,5,0
2023-24,Andhra Pradesh,Alluri Sitharama Raju,Addateegala,Gondolu,0,8,0,5,1,2,0,2,6,7,1,1,3,4,0,0,8,2,6,7,1,5,3,8,0,8,0,8,0
2023-24,Andhra Pradesh,Alluri Sitharama Raju,Addateegala,Languparti,0,5,0,5,0,0,2,0,3,5,0,1,2,2,0,0,5,0,5,5,0,0,5,5,0,5,0,5,0
2023-24,Andhra Pradesh,Alluri Sitharama Raju,Addateegala,Yellavaram,1,7,0,6,0,2,6,0,2,7,1,1,4,3,0,0,8,1,7,8,0,2,6,8,0,7,1,8,0
2023-24,Andhra Pradesh,Alluri Sitharama Raju,Addateegala,Nimmalapalem,1,2,0,3,0,0,1,0,2,2,1,1,2,0,0,0,3,0,3,3,0,2,1,3,0,2,1,3,0
2023-24,Andhra Pradesh,Alluri Sitharama Raju,Addateegala,Matlapadu,0,8,0,6,0,2,1,0,7,6,2,1,3,4,0,0,8,1,7,8,0,4,4,8,0,8,0,8,0
2023-24,Andhra Pradesh,Alluri Sitharama Raju,Addateegala,Thimmapuram,1,21,0,17,0,5,9,0,13,21,1,1,14,7,0,1,21,5,17,22,0,10,11,22,0,20,2,22,0
2023-24,Andhra Pradesh,Alluri Sitharama Raju,Addateegala,Doddivaka,0,5,0,5,0,0,1,0,4,5,0,1,2,2,0,0,5,0,5,5,0,0,4,5,0,5,0,5,0
2023-24,Andhra Pradesh,Alluri Sitharama Raju,Addateegala,Darsinuthula @ Regulapadu,0,2,0,1,0,1,0,0,2,2,0,1,0,1,0,0,2,0,2,2,0,1,1,2,0,2,0,2,0
2023-24,Andhra Pradesh,Alluri Sitharama Raju,Addateegala,Nukarai,0,1,0,1,0,0,0,0,1,1,0,0,1,0,0,0,1,0,1,1,0,0,1,1,0,1,0,1,0
2023-24,Andhra Pradesh,Alluri Sitharama Raju,Addateegala,Thungamadugula,2,16,0,13,0,5,4,0,14,16,2,2,9,7,0,0,18,3,15,18,0,11,7,18,0,16,2,18,0
2023-24,Andhra Pradesh,Alluri Sitharama Raju,Addateegala,Mamidipalem,0,2,0,2,0,0,0,0,2,2,0,0,1,1,0,0,2,0,2,2,0,0,2,2,0,2,0,2,0
2023-24,Andhra Pradesh,Alluri Sitharama Raju,Addateegala,Jajipalem,0,5,0,4,0,1,2,1,2,5,0,0,3,2,0,0,5,1,4,5,0,0,4,5,0,5,0,5,0
2023-24,Andhra Pradesh,Alluri Sitharama Raju,Addateegala,Kalimamidi,0,1,0,1,0,0,0,0,1,1,0,0,1,0,0,0,1,0,1,1,0,0,1,1,0,1,0,1,0
2023-24,Andhra Pradesh,Alluri Sitharama Raju,Addateegala,D. Ramavaram,0,5,0,5,0,0,2,0,3,5,0,0,4,1,0,0,5,1,4,5,0,3,2,5,0,5,0,5,0
2023-24,Andhra Pradesh,Alluri Sitharama Raju,Addateegala,Rayapalle,2,13,0,12,0,3,8,0,7,12,3,0,9,6,0,0,15,5,10,15,0,8,7,15,0,13,2,15,0
2023-24,Andhra Pradesh,Alluri Sitharama Raju,Addateegala,Sarampetapadu,0,1,0,0,0,1,1,0,0,1,0,0,0,1,0,0,1,0,1,1,0,0,1,1,0,1,0,1,0
2023-24,Andhra Pradesh,Alluri Sitharama Raju,Addateegala,Chinavadisakarra,0,8,1,6,0,3,3,1,5,9,0,0,6,3,0,0,9,2,7,8,1,0,9,9,0,9,0,9,0
2023-24,Andhra Pradesh,Alluri Sitharama Raju,Addateegala,Chodavaram,1,6,0,6,0,1,3,0,4,6,1,0,3,4,1,0,6,1,6,7,0,1,6,7,0,6,1,7,0
2023-24,Andhra Pradesh,Alluri Sitharama Raju,Addateegala,Kothurupadu,1,0,0,1,0,0,1,0,0,0,1,0,1,0,0,0,1,0,1,1,0,0,1,1,0,0,1,1,0
2023-24,Andhra Pradesh,Alluri Sitharama Raju,Addateegala,Vangalamadugu,0,2,0,2,0,0,1,0,1,2,0,0,0,2,0,0,2,0,2,2,0,1,1,2,0,2,0,2,0
2023-24,Andhra Pradesh,Alluri Sitharama Raju,Addateegala,Bandamamillu,0,5,0,3,0,2,1,0,4,5,0,0,3,2,0,0,5,1,4,4,1,0,5,5,0,5,0,5,0
2023-24,Andhra Pradesh,Alluri Sitharama Raju,Addateegala,Pothuluru,0,1,0,1,0,0,0,0,1,1,0,0,0,1,0,0,1,0,1,1,0,1,0,1,0,0,1,1,0
2023-24,Andhra Pradesh,Alluri Sitharama Raju,Addateegala,Veeravaram,0,2,0,1,0,1,1,0,0,2,0,0,1,0,0,0,2,0,2,2,0,0,2,2,0,2,0,2,0
2023-24,Andhra Pradesh,Alluri Sitharama Raju,Addateegala,Atchiyyapeta,1,0,0,0,1,0,1,0,0,0,1,0,1,0,0,0,1,0,1,1,0,0,1,1,0,0,1,1,0
2023-24,Andhra Pradesh,Alluri Sitharama Raju,Addateegala,Papampeta,0,7,0,3,0,4,2,0,5,5,2,0,5,2,0,0,7,2,5,7,0,4,3,7,0,7,0,7,0
2023-24,Andhra Pradesh,Alluri Sitharama Raju,Addateegala,Kovelapalem,0,2,0,2,0,0,0,0,2,2,0,0,1,1,0,0,2,0,2,2,0,1,1,2,0,2,0,2,0
2023-24,Andhra Pradesh,Alluri Sitharama Raju,Addateegala,Settipalle,0,15,0,12,0,3,5,0,10,13,2,1,11,3,0,0,15,2,13,15,0,4,10,15,0,15,0,15,0
2023-24,Andhra Pradesh,Alluri Sitharama Raju,Addateegala,Bhimavaram,0,5,0,4,0,1,0,0,5,4,1,1,2,2,0,0,5,0,5,5,0,2,3,5,0,5,0,5,0
2023-24,Andhra Pradesh,Alluri Sitharama Raju,Addateegala,Mallavaram Mamillu,0,2,0,2,0,0,1,0,1,2,0,0,2,0,0,0,2,0,2,2,0,1,1,2,0,2,0,2,0
2023-24,Andhra Pradesh,Alluri Sitharama Raju,Addateegala,Duppalapalem,0,6,0,5,0,1,1,0,5,6,0,1,3,2,0,0,6,1,5,6,0,2,3,6,0,6,0,6,0
2023-24,Andhra Pradesh,Alluri Sitharama Raju,Addateegala,Anukulapalem,0,4,0,4,0,0,1,0,3,4,0,0,2,2,0,0,4,2,2,4,0,4,0,4,0,4,0,4,0
2023-24,Andhra Pradesh,Alluri Sitharama Raju,Addateegala,D. Kothuru,1,3,0,3,0,1,2,0,2,3,1,1,1,2,0,0,4,0,4,4,0,3,1,4,0,3,1,4,0
2023-24,Andhra Pradesh,Alluri Sitharama Raju,Addateegala,Vedullakonda,0,4,0,3,0,1,0,0,4,4,0,1,2,1,0,1,3,1,3,4,0,1,3,4,0,4,0,4,0
2023-24,Andhra Pradesh,Alluri Sitharama Raju,Addateegala,Somannapalem,0,5,0,4,0,1,0,0,5,5,0,0,3,2,0,0,5,1,4,5,0,3,2,5,0,5,0,5,0
2023-24,Andhra Pradesh,Alluri Sitharama Raju,Addateegala,Ducherthi,1,15,0,14,0,2,3,0,13,14,2,1,8,7,0,0,16,1,15,16,0,5,10,16,0,14,2,16,0
2023-24,Andhra Pradesh,Alluri Sitharama Raju,Addateegala,Tirumalawada,0,4,0,3,0,1,2,0,2,4,0,0,3,1,0,0,4,1,3,4,0,2,1,4,0,4,0,4,0
2023-24,Andhra Pradesh,Alluri Sitharama Raju,Addateegala,Mulakayala Bhimavaram,0,6,0,3,0,3,2,0,4,6,0,0,4,2,0,0,6,1,5,6,0,0,6,5,1,6,0,6,0
2023-24,Andhra Pradesh,Alluri Sitharama Raju,Addateegala,Peddavadisakarra,0,1,0,1,0,0,0,0,1,1,0,0,0,1,0,0,1,1,0,1,0,0,1,1,0,1,0,1,0
2023-24,Andhra Pradesh,Alluri Sitharama Raju,Ananthagiri,Kondiba,0,0,13,0,13,0,6,4,3,13,0,13,0,0,0,0,13,0,13,4,9,13,0,13,0,0,13,13,0
2023-24,Andhra Pradesh,Alluri Sitharama Raju,Ananthagiri,Bhagamarivalasa,0,0,7,0,6,1,1,3,3,7,0,3,3,1,0,0,7,0,7,2,5,1,6,7,0,4,3,7,0
2023-24,Andhra Pradesh,Alluri Sitharama Raju,Ananthagiri,Medaparti,0,0,5,0,5,0,2,0,3,5,0,1,1,3,0,0,5,1,4,4,1,3,2,5,0,0,5,5,0
2023-24,Andhra Pradesh,Alluri Sitharama Raju,Ananthagiri,Varakavadu,0,1,11,0,10,2,0,2,10,12,0,0,7,5,0,0,12,0,12,3,9,12,0,12,0,4,8,12,0
2023-24,Andhra Pradesh,Alluri Sitharama Raju,Ananthagiri,Damsarai,0,1,0,0,1,0,0,1,0,0,1,0,1,0,0,0,1,0,1,1,0,0,1,1,0,1,0,1,0
2023-24,Andhra Pradesh,Alluri Sitharama Raju,Ananthagiri,Dekkapuram,0,0,1,0,1,0,0,1,0,1,0,0,1,0,0,0,1,0,1,0,1,0,1,1,0,0,1,1,0
2023-24,Andhra Pradesh,Alluri Sitharama Raju,Ananthagiri,Ananthagiri,0,0,19,0,17,2,1,18,0,17,2,3,8,8,0,0,19,0,19,4,15,10,9,19,0,6,13,19,0
2023-24,Andhra Pradesh,Alluri Sitharama Raju,Ananthagiri,Laxmipuram,0,0,1,0,1,0,0,1,0,1,0,0,0,1,0,0,1,0,1,0,1,0,1,1,0,0,1,1,0
2023-24,Andhra Pradesh,Alluri Sitharama Raju,Ananthagiri,Tadiguda,0,2,1,0,3,0,0,3,0,3,0,2,0,1,0,0,3,0,3,1,2,3,0,3,0,0,3,3,0
2023-24,Andhra Pradesh,Alluri Sitharama Raju,Ananthagiri,Mondijanguda,0,0,3,0,3,0,0,3,0,3,0,0,0,3,0,0,3,0,3,0,3,3,0,3,0,0,3,3,0
2023-24,Andhra Pradesh,Alluri Sitharama Raju,Ananthagiri,Diguvasobha,0,0,7,0,6,1,0,7,0,7,0,0,7,0,0,0,7,0,7,0,7,0,7,7,0,0,7,7,0
2023-24,Andhra Pradesh,Alluri Sitharama Raju,Ananthagiri,Nisaniguda,0,1,1,0,2,0,0,2,0,2,0,0,2,0,0,0,2,0,2,0,2,0,2,2,0,1,1,2,0
2023-24,Andhra Pradesh,Alluri Sitharama Raju,Ananthagiri,Kunapuram,0,1,2,0,3,0,1,1,1,3,0,1,0,2,0,0,2,0,2,0,3,1,2,3,0,0,3,3,0
2023-24,Andhra Pradesh,Alluri Sitharama Raju,Ananthagiri,Bheesupuram,0,0,14,0,5,9,0,14,0,14,0,0,14,0,0,0,14,0,14,0,14,10,4,14,0,1,13,14,0
2023-24,Andhra Pradesh,Alluri Sitharama Raju,Ananthagiri,Getuvalasa,0,0,1,0,1,0,0,1,0,1,0,1,0,0,0,0,1,0,1,0,1,0,1,1,0,1,0,1,0
2023-24,Andhra Pradesh,Alluri Sitharama Raju,Ananthagiri,Kotyaguda,0,4,13,0,15,2,1,6,10,17,0,0,17,0,0,0,17,0,17,4,13,6,11,17,0,3,14,17,0
2023-24,Andhra Pradesh,Alluri Sitharama Raju,Ananthagiri,Singarbha,0,1,5,0,6,0,0,5,1,6,0,3,0,3,0,0,6,0,6,1,5,4,2,6,0,0,6,6,0
2023-24,Andhra Pradesh,Alluri Sitharama Raju,Ananthagiri,Ninnimamidi,0,0,1,0,1,0,0,0,1,1,0,1,0,0,0,0,1,0,1,0,1,1,0,1,0,0,1,1,0
2023-24,Andhra Pradesh,Alluri Sitharama Raju,Ananthagiri,Kivarla,0,0,2,0,2,0,0,1,1,2,0,0,2,0,0,0,2,0,2,0,2,0,2,2,0,0,2,2,0
2023-24,Andhra Pradesh,Alluri Sitharama Raju,Ananthagiri,Billakota,0,0,5,0,5,0,0,5,0,5,0,0,5,0,0,0,5,0,5,1,4,3,2,5,0,1,4,5,0
2023-24,Andhra Pradesh,Alluri Sitharama Raju,Ananthagiri,Muvvamvalasa,0,0,4,0,4,0,0,0,4,3,1,4,0,0,0,0,4,0,4,4,0,3,1,4,0,0,4,4,0
2023-24,Andhra Pradesh,Alluri Sitharama Raju,Ananthagiri,Tattavalasa,0,0,5,2,2,1,0,3,2,5,0,1,1,3,0,0,5,0,5,0,5,0,5,5,0,0,5,5,0
2023-24,Andhra Pradesh,Alluri Sitharama Raju,Ananthagiri,Velagalapadu,0,0,2,0,2,0,0,2,0,2,0,0,0,2,0,0,2,0,2,1,1,2,0,2,0,0,2,2,0
2023-24,Andhra Pradesh,Alluri Sitharama Raju,Ananthagiri,Pulusumamidi,0,1,1,0,2,0,0,1,1,2,0,0,2,0,0,0,2,0,2,1,1,1,1,2,0,0,2,2,0
2023-24,Andhra Pradesh,Alluri Sitharama Raju,Ananthagiri,Nimmavuta,0,0,5,0,5,0,0,5,0,5,0,5,0,0,0,0,5,0,5,0,5,0,5,5,0,5,0,5,0
2023-24,Andhra Pradesh,Alluri Sitharama Raju,Ananthagiri,Jeelugulapadu,0,0,12,0,7,5,1,2,9,11,1,0,3,9,0,0,12,0,12,1,11,6,6,12,0,0,12,12,0
2023-24,Andhra Pradesh,Alluri Sitharama Raju,Ananthagiri,Tummanuvalasa,0,1,0,0,0,1,0,1,0,1,0,0,0,1,0,0,1,0,1,1,0,1,0,1,0,0,1,1,0
2023-24,Andhra Pradesh,Alluri Sitharama Raju,Ananthagiri,Samareddipalem,0,0,3,0,3,0,0,0,3,3,0,0,1,2,0,0,3,0,3,2,1,1,2,2,1,0,3,3,0
2023-24,Andhra Pradesh,Alluri Sitharama Raju,Ananthagiri,Kasipatnam,0,1,4,2,3,0,0,2,3,5,0,1,0,4,0,0,5,0,5,2,3,4,1,5,0,0,5,5,0
2023-24,Andhra Pradesh,Alluri Sitharama Raju,Ananthagiri,Nandikota,0,0,31,0,20,11,0,31,0,30,1,1,1,29,0,1,29,0,30,0,31,28,3,31,0,4,27,31,0
2023-24,Andhra Pradesh,Alluri Sitharama Raju,Ananthagiri,Mardaguda,0,0,1,0,1,0,0,1,0,1,0,0,0,1,0,0,1,0,1,0,1,0,1,1,0,0,1,1,0
2023-24,Andhra Pradesh,Alluri Sitharama Raju,Ananthagiri,Saravani Palem,0,4,1,0,4,1,0,3,2,5,0,1,1,3,0,0,5,0,5,0,5,0,5,5,0,0,5,3,2
2023-24,Andhra Pradesh,Alluri Sitharama Raju,Ananthagiri,Seetampeta,0,2,4,0,0,6,0,2,4,6,0,1,1,4,0,0,6,0,6,0,6,2,4,5,1,1,5,1,5
2023-24,Andhra Pradesh,Alluri Sitharama Raju,Ananthagiri,Mandaparti,0,2,3,0,2,3,0,2,3,5,0,0,0,5,0,0,5,0,5,0,5,0,5,5,0,0,5,5,0
2023-24,Andhra Pradesh,Alluri Sitharama Raju,Ananthagiri,Peda Rabha,2,1,9,1,6,5,0,8,4,10,2,10,0,2,0,0,12,0,12,4,8,9,3,12,0,0,12,12,0
2023-24,Andhra Pradesh,Alluri Sitharama Raju,Ananthagiri,Y.S.R.Puram,0,17,13,6,19,5,1,19,10,30,0,0,17,13,0,0,30,0,30,1,29,15,15,30,0,0,30,30,0
2023-24,Andhra Pradesh,Alluri Sitharama Raju,Ananthagiri,Vanthalamamidi,0,1,0,0,0,1,1,0,0,1,0,0,1,0,0,0,1,0,1,0,1,0,1,1,0,0,1,1,0
2023-24,Andhra Pradesh,Alluri Sitharama Raju,Ananthagiri,Kummarivalasa,0,0,2,1,0,1,2,0,0,2,0,0,0,2,1,0,1,0,2,0,2,0,2,2,0,2,0,2,0
2023-24,Andhra Pradesh,Alluri Sitharama Raju,Ananthagiri,Chilakalagedda,0,5,9,1,9,4,0,4,10,9,5,0,7,7,0,0,14,0,14,5,9,5,9,14,0,2,12,14,0
2023-24,Andhra Pradesh,Alluri Sitharama Raju,Ananthagiri,Nimmalapadu,0,4,5,4,2,3,2,3,4,9,0,0,5,4,0,0,9,0,9,8,1,5,4,9,0,1,8,9,0
2023-24,Andhra Pradesh,Alluri Sitharama Raju,Ananthagiri,Bangarampeta,0,2,3,0,1,4,0,2,3,4,1,0,0,5,0,0,5,0,5,0,5,1,4,5,0,1,4,5,0
2023-24,Andhra Pradesh,Alluri Sitharama Raju,Ananthagiri,Cherukumadata,0,0,5,0,5,0,1,4,0,5,0,4,1,0,0,0,5,0,5,2,3,2,3,5,0,2,3,5,0
2023-24,Andhra Pradesh,Alluri Sitharama Raju,Ananthagiri,Kantipuram,0,3,2,2,0,3,0,5,0,5,0,0,2,3,0,0,5,0,5,3,2,5,0,5,0,1,4,5,0
2023-24,Andhra Pradesh,Alluri Sitharama Raju,Ananthagiri,Kodamaguda,0,1,1,1,1,0,0,2,0,2,0,1,0,1,0,0,2,0,2,1,1,2,0,2,0,0,2,2,0
2023-24,Andhra Pradesh,Alluri Sitharama Raju,Ananthagiri,Tenteliguda,0,0,3,0,3,0,0,3,0,3,0,0,3,0,0,0,3,0,3,0,3,0,3,3,0,0,3,3,0
2023-24,Andhra Pradesh,Alluri Sitharama Raju,Ananthagiri,Doraguda,0,4,9,0,7,6,2,5,6,13,0,0,13,0,0,0,13,0,13,2,11,1,12,13,0,0,13,13,0
2023-24,Andhra Pradesh,Alluri Sitharama Raju,Ananthagiri,Valasi,0,3,7,0,6,4,0,0,10,10,0,0,5,5,0,0,10,0,10,9,1,5,4,9,1,1,9,10,0
2023-24,Andhra Pradesh,Alluri Sitharama Raju,Ananthagiri,Gorregommu,0,5,6,6,2,3,4,4,3,11,0,2,5,4,0,0,11,1,10,4,7,8,3,11,0,0,11,11,0
2023-24,Andhra Pradesh,Alluri Sitharama Raju,Ananthagiri,Chintapaka,0,0,1,0,1,0,0,1,0,1,0,0,0,1,0,0,1,0,1,0,1,1,0,1,0,0,1,1,0
2023-24,Andhra Pradesh,Alluri Sitharama Raju,Ananthagiri,Pedagangavaram,0,8,2,2,4,4,0,9,1,8,1,2,0,8,0,0,10,1,9,3,6,4,5,9,0,2,8,8,1
2023-24,Andhra Pradesh,Alluri Sitharama Raju,Ananthagiri,Chatakamba,0,2,4,3,3,0,0,0,6,6,0,0,3,3,0,0,6,0,6,0,6,3,3,6,0,0,6,6,0
2023-24,Andhra Pradesh,Alluri Sitharama Raju,Ananthagiri,Borrapalem,0,0,2,0,2,0,0,2,0,2,0,0,0,2,0,0,2,0,2,1,1,2,0,2,0,0,2,2,0
2023-24,Andhra Pradesh,Alluri Sitharama Raju,Ananthagiri,Kondemkota,1,1,6,0,5,3,1,5,2,8,0,1,4,3,0,0,8,0,8,6,2,6,2,8,0,0,8,8,0
2023-24,Andhra Pradesh,Alluri Sitharama Raju,Ananthagiri,Pedakota,0,0,8,0,8,0,0,3,5,8,0,0,0,8,0,0,8,0,8,4,4,7,1,8,0,0,8,6,2
2023-24,Andhra Pradesh,Alluri Sitharama Raju,Ananthagiri,Kotaparti,0,0,2,0,2,0,0,2,0,2,0,0,0,2,0,0,2,0,2,0,2,2,0,2,0,0,2,2,0
2023-24,Andhra Pradesh,Alluri Sitharama Raju,Ananthagiri,Tamuta,0,0,3,0,3,0,0,3,0,3,0,0,0,3,0,0,3,0,3,0,3,2,1,3,0,0,3,3,0
2023-24,Andhra Pradesh,Alluri Sitharama Raju,Ananthagiri,Revallapalem,0,0,1,0,1,0,0,0,1,0,1,0,1,0,0,0,1,0,1,1,0,1,0,1,0,0,1,1,0
2023-24,Andhra Pradesh,Alluri Sitharama Raju,Ananthagiri,Cherukubidda,0,0,5,0,1,4,0,5,0,5,0,0,0,5,0,0,5,0,5,0,5,1,4,5,0,5,0,5,0
2023-24,Andhra Pradesh,Alluri Sitharama Raju,Ananthagiri,Patakota,0,0,1,0,1,0,0,1,0,1,0,0,0,1,0,0,1,0,1,0,1,0,1,1,0,0,1,1,0
2023-24,Andhra Pradesh,Alluri Sitharama Raju,Ananthagiri,China Rabha,0,0,5,0,0,5,0,5,0,5,0,0,0,5,0,0,5,0,5,5,0,3,2,5,0,3,2,5,0
2023-24,Andhra Pradesh,Alluri Sitharama Raju,Ananthagiri,Sorasapodaru,0,1,0,0,1,0,0,0,1,0,1,0,0,1,0,0,1,0,1,1,0,1,0,1,0,0,1,0,1
2023-24,Andhra Pradesh,Alluri Sitharama Raju,Ananthagiri,Sottadivalasa,0,4,3,0,4,3,0,3,4,7,0,2,0,5,0,0,7,0,7,4,3,5,2,7,0,0,7,7,0
2023-24,Andhra Pradesh,Alluri Sitharama Raju,Ananthagiri,Kittalingi,0,1,0,0,1,0,0,0,1,1,0,0,0,1,0,0,1,0,1,0,1,0,1,1,0,0,1,1,0
2023-24,Andhra Pradesh,Alluri Sitharama Raju,Ananthagiri,Jeerugedda,0,2,3,0,5,0,1,3,1,5,0,1,3,1,0,0,5,0,5,0,5,0,5,5,0,1,4,5,0
2023-24,Andhra Pradesh,Alluri Sitharama Raju,Ananthagiri,Rampalle,0,1,0,0,1,0,0,0,1,1,0,0,0,1,0,0,1,0,1,1,0,1,0,1,0,0,1,1,0
2023-24,Andhra Pradesh,Alluri Sitharama Raju,Ananthagiri,Ballagaruvu,0,0,2,0,2,0,0,2,0,2,0,0,0,2,0,0,2,0,2,1,1,1,1,2,0,0,2,2,0
2023-24,Andhra Pradesh,Alluri Sitharama Raju,Ananthagiri,Regulapalem,0,3,15,2,14,2,0,5,13,17,1,3,5,9,0,0,18,0,18,1,17,12,6,18,0,0,18,18,0
2023-24,Andhra Pradesh,Alluri Sitharama Raju,Ananthagiri,Pinakota,0,0,10,0,10,0,0,10,0,10,0,0,0,10,0,0,10,0,10,7,3,8,2,10,0,0,10,10,0
2023-24,Andhra Pradesh,Alluri Sitharama Raju,Ananthagiri,Pedabidda,2,0,3,2,0,3,0,5,0,5,0,0,2,3,0,0,5,1,4,0,3,5,0,5,0,0,5,5,0
2023-24,Andhra Pradesh,Alluri Sitharama Raju,Ananthagiri,Jeenapadu,0,12,4,0,4,12,0,9,7,9,7,1,13,2,2,0,14,0,16,9,7,12,4,16,0,1,15,16,0
2023-24,Andhra Pradesh,Alluri Sitharama Raju,Ananthagiri,Rayipadu,0,2,1,0,2,1,0,0,3,3,0,0,2,1,0,0,3,0,3,3,0,2,1,3,0,1,2,3,0
2023-24,Andhra Pradesh,Alluri Sitharama Raju,Ananthagiri,Lungaparti,0,11,11,5,3,14,0,15,7,18,4,2,11,9,0,0,22,2,20,14,5,19,3,20,2,0,22,22,0
2023-24,Andhra Pradesh,Alluri Sitharama Raju,Ananthagiri,Bheemavaram,0,0,4,1,3,0,0,3,1,4,0,0,4,0,0,0,4,0,4,0,4,0,4,4,0,0,4,4,0
2023-24,Andhra Pradesh,Alluri Sitharama Raju,Ananthagiri,Sankuparti,0,0,5,0,5,0,0,5,0,5,0,0,5,0,0,0,5,0,5,1,4,1,4,5,0,1,4,5,0
2023-24,Andhra Pradesh,Alluri Sitharama Raju,Ananthagiri,Chippapalle,0,0,16,0,16,0,0,15,1,16,0,0,10,6,0,0,16,0,16,2,14,8,8,16,0,2,14,16,0
2023-24,Andhra Pradesh,Alluri Sitharama Raju,Ananthagiri,Eetamanuvalasa,0,0,5,0,1,4,0,4,1,5,0,0,1,4,0,0,5,0,5,0,5,4,1,5,0,0,5,5,0
2023-24,Andhra Pradesh,Alluri Sitharama Raju,Ananthagiri,Nandulavalasa,0,0,2,1,1,0,0,1,1,2,0,0,0,2,0,0,2,0,2,2,0,2,0,2,0,0,2,2,0
2023-24,Andhra Pradesh,Alluri Sitharama Raju,Ananthagiri,Vanjalavalasa,0,0,5,0,5,0,0,5,0,5,0,4,0,1,0,0,5,0,5,0,5,4,1,5,0,0,5,5,0
2023-24,Andhra Pradesh,Alluri Sitharama Raju,Ananthagiri,Nelapalem,0,0,2,0,0,2,0,0,2,2,0,0,2,0,0,0,2,0,2,2,0,2,0,2,0,0,2,2,0
2023-24,Andhra Pradesh,Alluri Sitharama Raju,Ananthagiri,Karivesu,0,0,5,0,5,0,0,5,0,5,0,0,0,5,0,0,5,0,5,0,5,3,2,5,0,4,1,5,0
2023-24,Andhra Pradesh,Alluri Sitharama Raju,Ananthagiri,Boraborivalasa,0,0,2,0,2,0,0,2,0,2,0,0,2,0,0,0,2,0,2,0,2,0,2,2,0,0,2,2,0
2023-24,Andhra Pradesh,Alluri Sitharama Raju,Ananthagiri,Buddigaruvu,0,1,0,0,1,0,0,0,1,1,0,0,0,1,0,0,1,0,1,1,0,1,0,1,0,1,0,1,0
2023-24,Andhra Pradesh,Alluri Sitharama Raju,Ananthagiri,Dhanukota,0,4,1,0,5,0,0,4,1,5,0,1,2,2,0,0,5,1,4,5,0,4,1,5,0,0,5,5,0
2023-24,Andhra Pradesh,Alluri Sitharama Raju,Ananthagiri,Eguvasobha,0,0,1,0,1,0,0,1,0,1,0,0,1,0,0,0,1,0,1,0,1,0,1,1,0,0,1,1,0
2023-24,Andhra Pradesh,Alluri Sitharama Raju,Ananthagiri,Heetaguda,0,0,4,0,4,0,0,4,0,4,0,0,4,0,0,0,4,0,4,0,4,1,3,4,0,1,3,4,0
2023-24,Andhra Pradesh,Alluri Sitharama Raju,Ananthagiri,Regam,0,0,4,0,4,0,0,4,0,4,0,0,0,4,0,0,4,0,4,0,4,3,1,4,0,0,4,4,0
2023-24,Andhra Pradesh,Alluri Sitharama Raju,Ananthagiri,Gumma,0,0,4,0,0,4,0,4,0,4,0,0,0,4,0,0,4,0,4,0,4,4,0,4,0,0,4,4,0
2023-24,Andhra Pradesh,Alluri Sitharama Raju,Ananthagiri,Kamalapuram,0,0,4,0,4,0,0,4,0,4,0,0,4,0,0,0,4,0,4,0,4,3,1,4,0,0,4,4,0
2023-24,Andhra Pradesh,Alluri Sitharama Raju,Ananthagiri,R.T.Puram,0,0,8,0,8,0,0,0,8,8,0,0,8,0,0,0,8,0,8,1,7,1,7,8,0,0,8,8,0
2023-24,Andhra Pradesh,Alluri Sitharama Raju,Ananthagiri,Kothavalasa,0,0,1,0,1,0,0,1,0,1,0,0,1,0,0,0,1,0,1,0,1,0,1,1,0,0,1,1,0
2023-24,Andhra Pradesh,Alluri Sitharama Raju,Araku Valley,Siragam,0,3,15,14,0,4,2,9,7,15,3,9,1,8,0,0,18,1,17,16,2,1,17,10,8,0,18,17,1
2023-24,Andhra Pradesh,Alluri Sitharama Raju,Araku Valley,Karakavalasa,0,1,5,3,3,0,1,1,4,6,0,3,0,3,0,0,6,0,6,4,2,1,5,6,0,1,5,6,0
2023-24,Andhra Pradesh,Alluri Sitharama Raju,Araku Valley,Ninnimamidivalasa,0,0,9,3,1,5,1,0,8,9,0,8,0,1,0,0,9,0,9,0,9,1,8,7,2,0,8,4,5
2023-24,Andhra Pradesh,Alluri Sitharama Raju,Araku Valley,Loteru Musiriguda,0,2,7,5,2,2,0,7,2,7,2,5,0,4,0,0,9,0,9,2,7,0,9,9,0,0,9,3,6
2023-24,Andhra Pradesh,Alluri Sitharama Raju,Araku Valley,Bondam,0,5,5,6,2,2,5,0,5,10,0,6,0,4,0,0,10,0,10,7,3,3,7,10,0,0,10,8,2
2023-24,Andhra Pradesh,Alluri Sitharama Raju,Araku Valley,Baliyaguda,0,0,1,1,0,0,0,0,1,1,0,1,0,0,0,0,1,0,1,0,1,0,1,0,1,0,1,1,0
2023-24,Andhra Pradesh,Alluri Sitharama Raju,Araku Valley,Ranginiguda,0,0,21,13,2,6,0,4,17,21,0,8,0,13,0,0,21,0,21,14,7,0,21,16,5,0,21,17,4
2023-24,Andhra Pradesh,Alluri Sitharama Raju,Araku Valley,Korraguda,0,4,10,6,4,4,2,5,7,12,2,2,3,9,0,0,14,0,14,12,2,10,4,10,4,0,14,11,3
2023-24,Andhra Pradesh,Alluri Sitharama Raju,Araku Valley,Korraguda,0,0,3,3,0,0,0,3,0,3,0,3,0,0,0,0,3,0,3,2,1,2,1,3,0,0,3,3,0
2023-24,Andhra Pradesh,Alluri Sitharama Raju,Araku Valley,Sukuruguda,0,1,4,0,4,1,0,4,1,5,0,5,0,0,0,0,5,0,5,4,1,5,0,5,0,0,5,5,0
2023-24,Andhra Pradesh,Alluri Sitharama Raju,Araku Valley,Janamguda,0,1,8,0,7,2,0,9,0,8,1,2,0,7,0,0,9,0,9,8,1,0,9,9,0,0,9,9,0
2023-24,Andhra Pradesh,Alluri Sitharama Raju,Araku Valley,Sunkarametta,0,2,0,0,1,1,2,0,0,1,1,0,2,0,0,0,2,0,2,2,0,0,2,2,0,0,2,2,0
2023-24,Andhra Pradesh,Alluri Sitharama Raju,Araku Valley,Piribanda,0,0,3,0,1,2,1,0,2,3,0,0,0,3,0,0,2,0,3,3,0,0,3,0,3,0,3,3,0
2023-24,Andhra Pradesh,Alluri Sitharama Raju,Araku Valley,Girliguda,0,0,1,1,0,0,0,0,1,1,0,1,0,0,0,0,1,0,1,1,0,0,1,1,0,0,1,0,1
2023-24,Andhra Pradesh,Alluri Sitharama Raju,Araku Valley,Doraguda,0,6,3,3,0,6,2,0,7,2,7,9,0,0,0,0,9,0,9,5,4,1,8,3,6,0,9,5,4
2023-24,Andhra Pradesh,Alluri Sitharama Raju,Araku Valley,Pitraguda,0,4,1,1,0,4,0,0,5,5,0,5,0,0,0,0,5,0,5,3,2,0,5,4,1,0,5,1,4
2023-24,Andhra Pradesh,Alluri Sitharama Raju,Araku Valley,Gadyaguda,0,0,9,0,8,1,0,7,2,5,4,1,7,1,0,2,7,0,9,8,1,2,7,8,1,0,9,6,3
2023-24,Andhra Pradesh,Alluri Sitharama Raju,Araku Valley,Bosubeda,0,0,7,4,1,2,0,0,7,7,0,7,0,0,0,0,7,0,7,6,1,4,3,7,0,1,6,5,2
2023-24,Andhra Pradesh,Alluri Sitharama Raju,Araku Valley,Lotheru,0,4,4,2,2,4,2,0,6,8,0,4,3,1,0,2,6,0,8,7,1,0,8,7,1,0,8,5,3
2023-24,Andhra Pradesh,Alluri Sitharama Raju,Araku Valley,Devarapalle,0,0,5,2,0,3,0,0,5,5,0,2,0,3,0,0,5,0,5,5,0,0,5,4,1,0,5,3,2
2023-24,Andhra Pradesh,Alluri Sitharama Raju,Araku Valley,Jaginivalasa,0,3,2,4,0,1,0,0,5,2,3,5,0,0,0,0,5,0,5,2,3,0,5,4,1,0,5,5,0
2023-24,Andhra Pradesh,Alluri Sitharama Raju,Araku Valley,Bamsuguda,0,0,1,0,0,1,0,0,1,1,0,0,0,1,0,0,1,0,1,1,0,0,1,0,1,0,1,0,1
2023-24,Andhra Pradesh,Alluri Sitharama Raju,Araku Valley,Littiguda,0,0,7,2,4,1,2,0,5,3,4,7,0,0,0,0,7,0,7,0,7,1,6,7,0,2,5,5,2
2023-24,Andhra Pradesh,Alluri Sitharama Raju,Araku Valley,Varra,0,1,9,4,1,5,0,8,2,9,1,1,3,6,0,0,10,0,10,10,0,1,9,7,3,0,10,6,4
2023-24,Andhra Pradesh,Alluri Sitharama Raju,Araku Valley,Chompi,0,9,37,16,3,27,8,0,38,42,4,20,0,26,0,0,46,46,0,36,10,46,0,44,2,46,0,29,17
2023-24,Andhra Pradesh,Alluri Sitharama Raju,Araku Valley,Padmapuram,0,21,32,15,10,29,4,5,44,48,6,8,16,29,0,1,52,0,53,54,0,37,17,50,4,5,49,54,0
2023-24,Andhra Pradesh,Alluri Sitharama Raju,Araku Valley,Kosiguda,0,0,2,1,0,1,0,2,0,2,0,2,0,0,0,0,0,0,2,0,2,1,1,2,0,0,2,2,0
2023-24,Andhra Pradesh,Alluri Sitharama Raju,Araku Valley,Amalaguda,0,1,2,2,0,1,0,1,2,3,0,1,0,2,0,0,3,0,3,0,3,0,3,3,0,0,3,0,3
2023-24,Andhra Pradesh,Alluri Sitharama Raju,Araku Valley,Kandulaguddi,0,0,3,0,3,0,0,3,0,3,0,3,0,0,0,0,3,0,3,3,0,1,2,3,0,0,3,1,2
2023-24,Andhra Pradesh,Alluri Sitharama Raju,Araku Valley,Polamguda,0,2,1,1,0,2,0,3,0,3,0,3,0,0,0,0,1,0,3,3,0,0,3,0,3,0,3,2,1
2023-24,Andhra Pradesh,Alluri Sitharama Raju,Araku Valley,Janamguda,0,6,0,0,5,1,0,0,6,5,1,5,0,1,0,0,6,0,6,4,2,0,6,4,2,0,6,6,0
2023-24,Andhra Pradesh,Alluri Sitharama Raju,Araku Valley,Baski,0,3,11,4,2,8,2,0,12,13,1,7,0,7,0,3,11,0,14,8,6,0,14,14,0,2,12,8,6
2023-24,Andhra Pradesh,Alluri Sitharama Raju,Araku Valley,Gugguda,0,4,16,13,3,4,2,1,17,20,0,7,0,13,0,0,20,0,20,9,11,3,17,19,1,2,18,7,13
2023-24,Andhra Pradesh,Alluri Sitharama Raju,Araku Valley,Gattaraguda,0,6,1,0,7,0,0,7,0,2,5,0,2,5,0,0,7,0,7,7,0,0,7,7,0,0,7,6,1
2023-24,Andhra Pradesh,Alluri Sitharama Raju,Araku Valley,Kusumguda,0,1,4,2,1,2,0,2,3,5,0,5,0,0,0,0,5,0,5,1,4,0,5,3,2,0,5,4,1
2023-24,Andhra Pradesh,Alluri Sitharama Raju,Araku Valley,Pedagangagudi,0,2,6,3,4,1,1,0,7,1,7,7,1,0,0,0,8,0,8,4,4,1,7,5,3,0,8,8,0
2023-24,Andhra Pradesh,Alluri Sitharama Raju,Araku Valley,Limbaguda,0,2,5,0,3,4,0,0,7,5,2,4,3,0,0,0,7,0,7,7,0,1,6,7,0,0,7,3,4
2023-24,Andhra Pradesh,Alluri Sitharama Raju,Araku Valley,Kinnamguda,0,3,1,0,2,2,0,0,4,0,4,4,0,0,0,0,4,0,4,4,0,0,4,0,4,0,4,3,1
2023-24,Andhra Pradesh,Alluri Sitharama Raju,Araku Valley,Kappalagondi,0,6,2,4,0,4,0,5,3,5,3,2,1,5,0,0,8,1,7,4,4,2,6,6,2,1,7,7,1
2023-24,Andhra Pradesh,Alluri Sitharama Raju,Araku Valley,Dalapatiguda,0,0,2,0,0,2,0,1,1,2,0,2,0,0,0,0,2,0,2,0,2,2,0,1,1,0,2,1,1
2023-24,Andhra Pradesh,Alluri Sitharama Raju,Araku Valley,Kothaballuguda,0,3,7,4,3,3,2,2,6,10,0,2,1,7,0,0,10,0,10,10,0,7,3,10,0,1,9,10,0
2023-24,Andhra Pradesh,Alluri Sitharama Raju,Araku Valley,Pathaballuguda,0,4,1,0,3,2,0,0,5,5,0,5,0,0,0,0,5,0,5,5,0,5,0,5,0,0,5,5,0
2023-24,Andhra Pradesh,Alluri Sitharama Raju,Araku Valley,Hattaguda,0,1,7,4,2,2,0,1,7,8,0,4,0,4,0,1,7,0,8,6,2,4,4,8,0,1,7,6,2
2023-24,Andhra Pradesh,Alluri Sitharama Raju,Araku Valley,Pakanaguda,0,8,4,6,2,4,0,0,12,9,3,11,0,1,0,0,12,0,12,0,12,3,9,8,4,0,12,1,11
2023-24,Andhra Pradesh,Alluri Sitharama Raju,Araku Valley,Danirangini,0,0,7,5,1,1,0,4,3,7,0,7,0,0,0,0,7,0,7,0,7,0,7,3,4,0,7,7,0
2023-24,Andhra Pradesh,Alluri Sitharama Raju,Araku Valley,Madaguda,0,3,19,14,0,8,0,4,18,20,2,2,1,19,0,5,17,0,22,18,4,10,12,21,1,3,19,9,13
2023-24,Andhra Pradesh,Alluri Sitharama Raju,Araku Valley,Nandiguda,0,1,9,3,4,3,0,1,9,9,1,9,0,1,0,2,8,0,10,4,6,2,8,9,1,2,8,8,2
2023-24,Andhra Pradesh,Alluri Sitharama Raju,Araku Valley,Dingriputtu,0,0,4,3,0,1,0,2,2,4,0,1,0,3,0,0,4,0,4,1,3,1,3,4,0,0,4,4,0
2023-24,Andhra Pradesh,Alluri Sitharama Raju,Araku Valley,Panirangini,0,5,18,14,1,8,3,8,12,23,0,8,2,13,0,1,22,0,23,7,16,20,3,19,4,0,23,15,8
2023-24,Andhra Pradesh,Alluri Sitharama Raju,Araku Valley,Vanthamuru,0,11,0,4,2,5,0,2,9,5,6,5,0,6,2,0,9,0,11,11,0,1,10,4,7,0,11,7,4
2023-24,Andhra Pradesh,Alluri Sitharama Raju,Araku Valley,Ravvalaguda,0,2,3,2,0,3,0,3,2,5,0,3,0,2,0,0,5,0,5,1,4,3,2,4,1,0,5,5,0
2023-24,Andhra Pradesh,Alluri Sitharama Raju,Araku Valley,Sarabhaguda,0,5,4,5,2,2,0,0,9,9,0,8,0,1,0,0,9,0,9,2,7,1,8,8,1,0,9,8,1
2023-24,Andhra Pradesh,Alluri Sitharama Raju,Araku Valley,Garudaguda,0,1,1,2,0,0,0,2,0,1,1,1,0,1,0,0,2,0,2,0,2,2,0,2,0,0,2,2,0
2023-24,Andhra Pradesh,Alluri Sitharama Raju,Araku Valley,Urumulu,0,1,8,0,2,7,0,6,3,9,0,6,1,2,0,0,8,0,8,7,2,0,9,9,0,0,9,9,0
2023-24,Andhra Pradesh,Alluri Sitharama Raju,Araku Valley,Gannela,0,1,2,2,0,1,0,0,3,3,0,0,0,2,0,0,3,0,3,0,3,0,3,3,0,0,3,0,3
2023-24,Andhra Pradesh,Alluri Sitharama Raju,Araku Valley,Tokavalasa,0,0,9,7,2,0,1,6,2,9,0,0,3,6,0,1,8,0,9,8,1,2,7,7,2,1,7,5,4
2023-24,Andhra Pradesh,Alluri Sitharama Raju,Araku Valley,Tadaka,0,0,3,1,0,2,0,3,0,0,3,2,0,1,0,0,2,0,2,3,0,0,3,3,0,0,3,3,0
2023-24,Andhra Pradesh,Alluri Sitharama Raju,Araku Valley,Pujaribanda,0,1,2,1,1,1,0,3,0,1,2,3,0,0,0,0,3,0,3,3,0,0,3,0,3,0,3,1,2
2023-24,Andhra Pradesh,Alluri Sitharama Raju,Araku Valley,Antiparthi,0,2,3,3,0,2,0,4,1,5,0,4,0,0,0,0,5,0,4,5,0,0,5,5,0,0,5,4,1
2023-24,Andhra Pradesh,Alluri Sitharama Raju,Araku Valley,Kaguvalasa,0,3,6,0,4,5,0,1,8,5,4,4,0,5,0,0,9,0,9,9,0,0,9,9,0,0,9,8,1
2023-24,Andhra Pradesh,Alluri Sitharama Raju,Araku Valley,Iragai,0,4,5,4,1,4,0,0,9,9,0,3,0,6,0,0,8,0,9,0,9,0,9,4,5,0,9,4,5
2023-24,Andhra Pradesh,Alluri Sitharama Raju,Araku Valley,Kundiguda,0,2,9,5,1,5,0,0,11,10,1,8,0,1,0,0,9,0,9,11,0,4,7,6,5,0,11,11,0
2023-24,Andhra Pradesh,Alluri Sitharama Raju,Araku Valley,Beddaguda,0,7,15,5,9,8,1,7,14,20,2,8,8,6,0,0,22,0,22,16,6,2,20,17,5,0,22,20,2
2023-24,Andhra Pradesh,Alluri Sitharama Raju,Araku Valley,Baliyaguda,0,1,7,2,2,4,0,0,8,8,0,7,0,1,0,0,8,0,8,0,8,0,8,5,3,0,8,4,4
2023-24,Andhra Pradesh,Alluri Sitharama Raju,Araku Valley,Tidiguda,0,0,10,0,4,6,0,5,5,10,0,2,0,8,0,0,9,0,9,4,6,1,9,6,4,0,10,9,1
2023-24,Andhra Pradesh,Alluri Sitharama Raju,Araku Valley,Bonduguda,0,0,10,1,3,6,0,7,3,10,0,0,0,10,0,0,9,0,10,4,6,2,8,4,6,0,10,4,6
2023-24,Andhra Pradesh,Alluri Sitharama Raju,Araku Valley,Peda Valasa,0,5,5,1,9,0,0,6,4,9,1,1,2,7,0,0,10,0,10,4,6,1,9,7,3,0,10,7,3
2023-24,Andhra Pradesh,Alluri Sitharama Raju,Araku Valley,Landiguda,0,4,2,0,4,2,0,3,3,6,0,0,3,3,0,0,6,0,6,2,4,0,6,5,1,1,5,5,1
2023-24,Andhra Pradesh,Alluri Sitharama Raju,Araku Valley,Majjivalasa,0,4,0,0,0,4,0,0,4,4,0,0,0,4,0,0,4,0,4,0,4,0,4,2,2,0,4,4,0
2023-24,Andhra Pradesh,Alluri Sitharama Raju,Araku Valley,Gangasanivalasa,0,3,2,3,2,0,0,5,0,2,3,4,0,1,0,0,5,0,5,1,4,1,4,4,1,0,5,1,4
2023-24,Andhra Pradesh,Alluri Sitharama Raju,Araku Valley,Mala Singaram,0,1,19,9,4,7,0,15,5,12,8,10,0,10,0,5,15,0,20,5,15,2,18,15,5,0,20,11,9
2023-24,Andhra Pradesh,Alluri Sitharama Raju,Araku Valley,Tudumu,0,1,8,7,0,2,1,0,8,0,9,9,0,0,0,1,8,0,9,3,6,0,9,5,4,0,9,3,6
2023-24,Andhra Pradesh,Alluri Sitharama Raju,Araku Valley,Chinalabudu,0,12,7,7,2,10,0,11,8,16,3,18,0,1,0,1,14,0,18,13,6,0,19,9,10,1,18,9,10
2023-24,Andhra Pradesh,Alluri Sitharama Raju,Araku Valley,Kantabamsuguda (Ct),0,0,4,3,0,1,1,0,3,0,4,4,0,0,0,0,4,0,4,1,3,2,2,4,0,0,4,4,0
2023-24,Andhra Pradesh,Alluri Sitharama Raju,Araku Valley,Adaru,0,2,3,3,0,2,0,2,3,5,0,5,0,0,0,0,5,0,5,3,2,1,4,5,0,0,5,2,3
2023-24,Andhra Pradesh,Alluri Sitharama Raju,Chintapalle,Rallagedda,0,2,0,0,0,2,0,0,2,2,0,0,0,2,0,0,2,0,2,2,0,0,2,2,0,2,0,1,1
2023-24,Andhra Pradesh,Alluri Sitharama Raju,Chintapalle,Singavaram Kothuru,0,3,1,4,0,0,0,1,3,4,0,3,0,1,0,1,3,0,4,4,0,2,2,4,0,0,4,4,0
2023-24,Andhra Pradesh,Alluri Sitharama Raju,Chintapalle,Anjalam,0,3,2,1,1,3,0,3,2,5,0,0,0,5,0,0,5,0,4,5,0,0,5,5,0,0,5,5,0
2023-24,Andhra Pradesh,Alluri Sitharama Raju,Chintapalle,Bheemanapalle,0,9,0,9,0,0,0,4,5,9,0,0,0,9,0,0,9,0,9,9,0,7,2,9,0,0,9,9,0
2023-24,Andhra Pradesh,Alluri Sitharama Raju,Chintapalle,Gattumpakalu,0,1,8,3,4,2,2,0,7,9,0,5,0,4,0,0,9,0,9,9,0,0,9,9,0,0,9,9,0
2023-24,Andhra Pradesh,Alluri Sitharama Raju,Chintapalle,Yerrabanda,0,4,0,4,0,0,0,0,4,4,0,0,0,4,0,0,4,0,4,4,0,0,4,4,0,0,4,4,0
2023-24,Andhra Pradesh,Alluri Sitharama Raju,Chintapalle,Pedabarada,0,5,6,4,3,4,2,4,5,11,0,4,1,6,0,0,11,0,11,11,0,4,7,11,0,0,11,11,0
2023-24,Andhra Pradesh,Alluri Sitharama Raju,Chintapalle,Gondipakalu,0,2,0,2,0,0,0,0,2,1,1,0,1,1,0,0,2,0,2,2,0,0,2,2,0,0,2,2,0
2023-24,Andhra Pradesh,Alluri Sitharama Raju,Chintapalle,Chinnabarada,0,0,6,5,0,1,0,0,6,6,0,0,2,4,0,0,6,0,6,6,0,0,6,6,0,0,6,6,0
2023-24,Andhra Pradesh,Alluri Sitharama Raju,Chintapalle,Antharla,1,23,20,41,0,3,6,12,26,40,4,10,4,30,0,1,43,0,44,44,0,35,9,42,2,3,41,42,2
2023-24,Andhra Pradesh,Alluri Sitharama Raju,Chintapalle,Lambadampalle,0,2,7,2,4,3,0,3,6,8,1,9,0,0,0,0,9,0,9,8,1,0,9,7,2,0,9,9,0
2023-24,Andhra Pradesh,Alluri Sitharama Raju,Chintapalle,Chinna Rajupakalu,0,12,0,12,0,0,10,0,2,10,2,0,0,12,0,0,12,0,12,12,0,12,0,12,0,0,12,12,0
2023-24,Andhra Pradesh,Alluri Sitharama Raju,Chintapalle,Rajubanda,0,6,0,6,0,0,0,4,2,5,1,0,2,4,0,0,6,0,6,6,0,6,0,6,0,0,6,6,0
2023-24,Andhra Pradesh,Alluri Sitharama Raju,Chintapalle,Chinna Gedda,0,9,8,9,3,5,3,5,9,14,3,1,10,6,0,0,17,0,17,17,0,5,12,16,1,1,16,17,0
2023-24,Andhra Pradesh,Alluri Sitharama Raju,Chintapalle,Basangi Kothuru,0,3,11,13,1,0,0,6,8,14,0,2,0,12,0,0,14,0,14,14,0,7,7,14,0,1,13,14,0
2023-24,Andhra Pradesh,Alluri Sitharama Raju,Chintapalle,Korukonda,0,2,11,9,3,1,0,0,13,11,2,3,5,5,0,0,13,0,13,13,0,8,5,13,0,0,13,13,0
2023-24,Andhra Pradesh,Alluri Sitharama Raju,Chintapalle,Chinthaluru,0,1,4,5,0,0,0,0,5,5,0,5,0,0,0,0,5,0,5,5,0,0,5,5,0,0,5,5,0
2023-24,Andhra Pradesh,Alluri Sitharama Raju,Chintapalle,Kandulagodi,0,1,1,1,0,1,0,1,1,2,0,1,1,0,0,0,2,0,2,2,0,1,1,2,0,0,2,2,0
2023-24,Andhra Pradesh,Alluri Sitharama Raju,Chintapalle,Bayalukinchangi,0,2,9,5,1,5,0,10,1,10,1,2,0,9,0,0,11,0,11,11,0,10,1,8,3,0,11,11,0
2023-24,Andhra Pradesh,Alluri Sitharama Raju,Chintapalle,Cherapalle,0,11,5,14,2,0,4,2,10,13,3,1,5,10,0,0,16,0,16,16,0,0,16,16,0,1,15,16,0
2023-24,Andhra Pradesh,Alluri Sitharama Raju,Chintapalle,Vurisingi,4,9,31,20,9,15,10,17,17,42,2,35,0,9,0,1,43,0,44,44,0,7,37,42,2,11,33,44,0
2023-24,Andhra Pradesh,Alluri Sitharama Raju,Chintapalle,Kinnerla,0,6,3,5,1,3,0,2,7,7,2,4,1,4,0,0,9,0,9,9,0,2,7,5,4,1,8,9,0
2023-24,Andhra Pradesh,Alluri Sitharama Raju,Chintapalle,Kothavuru,0,5,14,19,0,0,5,6,8,17,2,0,0,19,0,0,19,0,19,19,0,17,2,19,0,0,19,19,0
2023-24,Andhra Pradesh,Alluri Sitharama Raju,Chintapalle,Kothapalem,0,2,13,14,0,1,0,10,5,13,2,0,1,14,0,0,15,0,15,15,0,0,15,15,0,0,15,15,0
2023-24,Andhra Pradesh,Alluri Sitharama Raju,Chintapalle,Domalagondhi,0,2,0,2,0,0,0,2,0,1,1,0,0,2,0,0,2,0,2,2,0,0,2,2,0,1,1,2,0
2023-24,Andhra Pradesh,Alluri Sitharama Raju,Chintapalle,Kolanubanda,0,2,0,2,0,0,0,1,1,1,1,0,0,2,0,0,2,0,2,2,0,0,2,2,0,0,2,2,0
2023-24,Andhra Pradesh,Alluri Sitharama Raju,Chintapalle,Vanthalapadu,0,1,4,3,1,1,0,3,2,5,0,4,0,1,0,0,5,0,5,5,0,2,3,5,0,0,5,5,0
2023-24,Andhra Pradesh,Alluri Sitharama Raju,Chintapalle,Votti Busulu,0,9,0,9,0,0,3,1,5,6,3,0,5,4,0,0,9,0,9,9,0,8,1,8,1,1,8,9,0
2023-24,Andhra Pradesh,Alluri Sitharama Raju,Chintapalle,Suddagaruvu,0,1,5,4,0,2,0,5,1,4,2,1,0,5,0,0,6,0,6,6,0,1,5,6,0,0,6,6,0
2023-24,Andhra Pradesh,Alluri Sitharama Raju,Chintapalle,Siripuram,0,3,2,3,0,2,1,0,4,5,0,4,0,1,0,0,5,0,5,5,0,0,5,5,0,0,5,5,0
2023-24,Andhra Pradesh,Alluri Sitharama Raju,Chintapalle,Diguvapakalu,0,4,0,3,1,0,0,0,4,4,0,0,0,4,0,0,4,0,4,4,0,0,4,4,0,1,3,4,0
2023-24,Andhra Pradesh,Alluri Sitharama Raju,Chintapalle,Mandipalle,0,1,9,8,0,2,0,10,0,7,3,0,2,8,0,0,10,0,10,10,0,0,10,10,0,0,10,10,0
2023-24,Andhra Pradesh,Alluri Sitharama Raju,Chintapalle,Baddimetta,0,1,0,1,0,0,0,0,1,1,0,0,0,1,0,0,1,0,1,1,0,0,1,1,0,0,1,1,0
2023-24,Andhra Pradesh,Alluri Sitharama Raju,Chintapalle,Cheruvuru,0,0,1,1,0,0,0,1,0,1,0,0,0,1,0,0,1,0,1,1,0,0,1,1,0,0,1,1,0
2023-24,Andhra Pradesh,Alluri Sitharama Raju,Chintapalle,Porlubanda,0,0,2,2,0,0,0,0,2,2,0,0,2,0,0,0,2,0,2,2,0,2,0,2,0,0,2,2,0
2023-24,Andhra Pradesh,Alluri Sitharama Raju,Chintapalle,Terapalle,0,0,2,2,0,0,0,0,2,2,0,2,0,0,0,0,2,0,2,2,0,1,1,1,1,0,2,2,0
2023-24,Andhra Pradesh,Alluri Sitharama Raju,Chintapalle,Kommangi,0,7,0,5,0,2,0,3,4,7,0,0,2,5,0,0,7,0,7,7,0,0,7,5,2,2,5,7,0
2023-24,Andhra Pradesh,Alluri Sitharama Raju,Chintapalle,Kudupusingi,0,8,12,20,0,0,7,5,8,18,2,1,6,13,0,0,20,0,20,20,0,1,19,20,0,0,20,20,0
2023-24,Andhra Pradesh,Alluri Sitharama Raju,Chintapalle,Bayapadu,0,7,8,12,2,1,2,3,10,14,1,4,0,11,0,0,15,0,15,15,0,5,10,15,0,1,14,15,0
2023-24,Andhra Pradesh,Alluri Sitharama Raju,Chintapalle,Barikadorapakalu @ Rajupakalu,0,0,1,1,0,0,0,0,1,1,0,0,0,1,0,0,1,0,1,1,0,0,1,1,0,0,1,1,0
2023-24,Andhra Pradesh,Alluri Sitharama Raju,Chintapalle,Bandabayalu,0,2,1,3,0,0,0,3,0,3,0,1,1,1,0,0,3,0,3,3,0,0,3,2,1,0,3,3,0
2023-24,Andhra Pradesh,Alluri Sitharama Raju,Chintapalle,Routhupayalu,0,2,8,10,0,0,4,0,6,9,1,0,5,5,0,0,10,0,10,10,0,2,8,7,3,0,10,10,0
2023-24,Andhra Pradesh,Alluri Sitharama Raju,Chintapalle,Sadika,0,5,7,9,0,3,0,7,5,10,2,2,0,10,0,0,12,0,12,12,0,4,8,9,3,0,12,12,0
2023-24,Andhra Pradesh,Alluri Sitharama Raju,Chintapalle,Chavatapadu,0,2,4,4,1,1,0,1,5,4,2,5,0,1,0,0,6,0,6,6,0,6,0,2,4,0,6,6,0
2023-24,Andhra Pradesh,Alluri Sitharama Raju,Chintapalle,Chowdupalle,0,6,16,6,9,7,0,16,6,20,2,18,0,4,0,0,22,0,22,22,0,17,5,20,0,2,20,21,1
2023-24,Andhra Pradesh,Alluri Sitharama Raju,Chintapalle,Vamigedda Kothuru,0,11,12,3,13,7,0,13,10,23,0,10,0,13,0,0,23,0,23,23,0,19,4,23,0,0,23,23,0
2023-24,Andhra Pradesh,Alluri Sitharama Raju,Chintapalle,Pasuvulabanda,1,14,18,7,15,11,0,13,20,29,4,9,11,13,0,0,33,0,33,33,0,18,15,33,0,1,32,33,0
2023-24,Andhra Pradesh,Alluri Sitharama Raju,Chintapalle,Pothurajugummalu,0,5,8,11,0,2,0,2,11,10,3,0,0,12,0,0,13,0,13,13,0,10,3,13,0,0,13,11,2
2023-24,Andhra Pradesh,Alluri Sitharama Raju,Chintapalle,Junnulu,1,1,6,2,2,4,0,4,4,8,0,7,0,1,0,0,8,0,8,8,0,0,8,8,0,0,8,8,0
2023-24,Andhra Pradesh,Alluri Sitharama Raju,Chintapalle,Pedapakalu,0,4,0,3,1,0,1,0,3,4,0,0,0,4,0,0,4,0,4,4,0,0,4,4,0,0,4,4,0
2023-24,Andhra Pradesh,Alluri Sitharama Raju,Chintapalle,Umrasigondi,0,2,1,0,3,0,1,0,2,2,1,0,0,3,0,0,3,0,3,3,0,1,2,3,0,0,3,3,0
2023-24,Andhra Pradesh,Alluri Sitharama Raju,Chintapalle,Bheemasingi,0,10,4,8,2,4,0,3,11,14,0,11,0,3,0,0,14,0,14,14,0,0,14,14,0,1,13,14,0
2023-24,Andhra Pradesh,Alluri Sitharama Raju,Chintapalle,Teegalametta,0,3,6,7,0,2,0,3,6,9,0,6,0,3,0,0,9,0,9,9,0,0,9,9,0,0,9,9,0
2023-24,Andhra Pradesh,Alluri Sitharama Raju,Chintapalle,Bennavaram,0,1,0,1,0,0,0,1,0,1,0,0,0,1,0,1,0,0,1,1,0,0,1,1,0,0,1,1,0
2023-24,Andhra Pradesh,Alluri Sitharama Raju,Chintapalle,Pinapadu,0,1,5,1,2,3,1,0,5,6,0,0,3,3,0,0,6,0,6,6,0,0,6,6,0,0,6,6,0
2023-24,Andhra Pradesh,Alluri Sitharama Raju,Chintapalle,Kadasilpa,0,0,13,13,0,0,0,11,2,12,1,4,2,7,0,0,13,0,13,13,0,0,13,13,0,0,13,13,0
2023-24,Andhra Pradesh,Alluri Sitharama Raju,Chintapalle,Pedakonda,0,8,0,8,0,0,1,1,6,5,3,0,0,8,0,0,8,0,8,8,0,7,1,8,0,0,8,8,0
2023-24,Andhra Pradesh,Alluri Sitharama Raju,Chintapalle,Cherukumpakalu,0,9,6,14,0,1,0,9,6,14,1,1,10,4,0,1,14,0,15,14,1,0,15,15,0,1,14,15,0
2023-24,Andhra Pradesh,Alluri Sitharama Raju,Chintapalle,Lingalagudi,0,4,0,4,0,0,0,3,1,3,1,0,2,2,0,0,4,0,4,4,0,0,4,4,0,0,4,4,0
2023-24,Andhra Pradesh,Alluri Sitharama Raju,Chintapalle,Annavaram,0,1,1,2,0,0,0,2,0,1,1,1,1,0,0,0,2,0,2,2,0,0,2,2,0,0,2,2,0
2023-24,Andhra Pradesh,Alluri Sitharama Raju,Chintapalle,Lothugedda,0,1,0,1,0,0,0,1,0,1,0,0,0,1,0,0,1,0,1,1,0,0,1,1,0,1,0,1,0
2023-24,Andhra Pradesh,Alluri Sitharama Raju,Chintapalle,Meduru,0,2,8,10,0,0,0,9,1,9,1,0,1,9,0,0,10,0,10,10,0,0,10,9,1,0,10,10,0
2023-24,Andhra Pradesh,Alluri Sitharama Raju,Chintapalle,Kuramanapakalu,0,5,8,10,1,2,0,6,7,10,3,8,2,3,0,0,13,0,13,13,0,9,4,13,0,1,12,13,0
2023-24,Andhra Pradesh,Alluri Sitharama Raju,Chintapalle,Pusalapalem,1,5,16,19,1,2,4,9,9,21,1,12,2,8,0,0,22,0,22,22,0,16,6,18,4,3,19,22,0
2023-24,Andhra Pradesh,Alluri Sitharama Raju,Chintapalle,Somavaram,0,5,11,14,0,2,0,12,4,16,0,7,5,4,0,0,16,0,16,16,0,8,8,16,0,0,16,16,0
2023-24,Andhra Pradesh,Alluri Sitharama Raju,Chintapalle,Itikabedda,0,0,2,2,0,0,0,2,0,2,0,0,0,2,0,0,2,0,2,2,0,0,2,2,0,0,2,2,0
2023-24,Andhra Pradesh,Alluri Sitharama Raju,Chintapalle,Kappagondhi,0,1,5,6,0,0,0,5,1,6,0,1,1,4,0,0,6,0,6,6,0,0,6,6,0,1,5,6,0
2023-24,Andhra Pradesh,Alluri Sitharama Raju,Chintapalle,Burugubailu,0,0,8,6,0,2,0,8,0,7,1,0,0,8,0,0,8,0,8,8,0,0,8,8,0,1,7,8,0
2023-24,Andhra Pradesh,Alluri Sitharama Raju,Chintapalle,Veeravaram,0,0,1,1,0,0,0,1,0,1,0,0,0,1,0,0,1,0,1,1,0,0,1,1,0,0,1,1,0
2023-24,Andhra Pradesh,Alluri Sitharama Raju,Chintapalle,Korukonda,0,2,1,3,0,0,0,2,1,3,0,0,1,2,0,0,3,0,3,3,0,1,2,1,2,0,3,3,0
2023-24,Andhra Pradesh,Alluri Sitharama Raju,Chintapalle,Chintapalle (Ct),0,3,9,11,0,1,0,2,10,11,1,8,0,4,0,0,12,0,12,12,0,8,4,12,0,0,12,12,0
2023-24,Andhra Pradesh,Alluri Sitharama Raju,Chintapalle,Lammasingi,0,9,1,10,0,0,10,0,0,9,1,0,0,10,0,0,10,0,10,10,0,5,5,10,0,0,10,10,0
2023-24,Andhra Pradesh,Alluri Sitharama Raju,Chintapalle,Asirada,0,12,1,11,0,2,0,5,8,13,0,0,5,8,0,0,13,0,13,13,0,11,2,13,0,0,13,13,0
2023-24,Andhra Pradesh,Alluri Sitharama Raju,Chintapalle,Sanivaram,0,4,5,1,4,4,1,7,1,7,2,0,4,5,0,2,7,0,9,8,1,0,9,9,0,0,9,9,0
2023-24,Andhra Pradesh,Alluri Sitharama Raju,Chintapalle,Tamarapalle,0,3,3,1,4,1,1,5,0,6,0,0,4,2,0,0,6,0,6,6,0,0,6,6,0,0,6,6,0
2023-24,Andhra Pradesh,Alluri Sitharama Raju,Chintapalle,Chinnayyapalem,0,2,4,2,0,4,1,2,3,6,0,0,5,1,0,0,6,0,6,6,0,1,5,6,0,0,6,6,0
2023-24,Andhra Pradesh,Alluri Sitharama Raju,Chintapalle,Balabadram,0,5,8,8,2,3,1,3,9,13,0,2,0,11,0,0,13,0,13,13,0,1,12,13,0,0,13,13,0
2023-24,Andhra Pradesh,Alluri Sitharama Raju,Chintapalle,Singavaram,0,5,7,6,3,3,1,8,3,10,2,3,0,9,0,0,12,0,12,12,0,10,2,12,0,0,12,12,0
2023-24,Andhra Pradesh,Alluri Sitharama Raju,Chintapalle,Tajangi,0,10,7,9,5,3,0,6,11,17,0,6,0,11,0,0,17,0,17,17,0,3,14,17,0,0,17,17,0
2023-24,Andhra Pradesh,Alluri Sitharama Raju,Chintoor,Lakkavaram,0,15,0,7,0,8,0,7,8,15,0,1,9,5,0,0,15,0,15,11,4,2,13,5,10,10,5,13,2
2023-24,Andhra Pradesh,Alluri Sitharama Raju,Chintoor,Tulugonda,0,3,0,3,0,0,0,0,3,3,0,0,3,0,0,0,2,0,3,0,4,0,4,4,0,0,4,0,4
2023-24,Andhra Pradesh,Alluri Sitharama Raju,Chintoor,Gondigudem,0,0,1,1,0,0,0,0,1,1,0,0,1,0,0,0,1,0,1,0,3,0,3,4,0,1,0,4,0
2023-24,Andhra Pradesh,Alluri Sitharama Raju,Chintoor,Nelakota,0,0,0,0,0,0,0,0,0,0,0,0,0,0,0,0,0,0,0,0,2,0,2,3,0,0,2,1,2
2023-24,Andhra Pradesh,Alluri Sitharama Raju,Chintoor,Devarapalle,0,3,0,2,0,2,0,4,0,5,0,0,0,2,0,1,1,0,2,0,5,0,5,5,0,3,2,3,2
2023-24,Andhra Pradesh,Alluri Sitharama Raju,Chintoor,Stafordpeta,0,3,0,2,0,1,0,1,2,3,0,1,2,0,0,0,3,0,3,0,3,0,3,1,2,0,3,1,2
2023-24,Andhra Pradesh,Alluri Sitharama Raju,Chintoor,Yerrampeta,0,9,0,6,0,3,0,5,4,9,0,0,2,4,0,0,5,0,5,0,10,1,9,8,2,6,3,4,6
2023-24,Andhra Pradesh,Alluri Sitharama Raju,Chintoor,Kolthuru,0,4,0,4,0,0,0,0,4,4,0,0,2,2,0,0,4,0,4,3,1,0,4,0,4,1,3,4,0
2023-24,Andhra Pradesh,Alluri Sitharama Raju,Chintoor,Pedda Seetanapalle,1,4,1,4,0,2,0,3,3,6,0,0,4,2,0,0,6,0,6,3,3,0,6,6,0,2,4,6,0
2023-24,Andhra Pradesh,Alluri Sitharama Raju,Chintoor,Mallethota,0,5,0,4,0,2,0,3,3,7,0,0,0,4,0,0,4,0,4,1,6,0,7,7,0,0,7,1,6
2023-24,Andhra Pradesh,Alluri Sitharama Raju,Chintoor,Chidumurum,0,3,0,3,0,0,0,2,1,3,0,0,2,1,0,0,3,0,3,3,0,0,3,1,2,1,2,3,0
2023-24,Andhra Pradesh,Alluri Sitharama Raju,Chintoor,Tummala,1,5,0,3,0,3,0,3,3,6,0,0,4,2,0,0,6,0,6,3,3,0,6,4,2,2,4,3,3
2023-24,Andhra Pradesh,Alluri Sitharama Raju,Chintoor,Burakanakota,0,17,0,12,0,5,0,6,11,17,0,0,16,1,0,0,17,0,17,7,10,0,17,8,9,7,10,16,1
2023-24,Andhra Pradesh,Alluri Sitharama Raju,Chintoor,Ganganametta,0,5,0,3,0,2,0,2,3,5,0,1,1,3,0,3,2,0,5,0,5,0,5,2,3,0,5,0,5
2023-24,Andhra Pradesh,Alluri Sitharama Raju,Chintoor,Pega,0,2,0,2,0,0,0,2,0,2,0,0,2,0,0,0,2,0,2,2,0,0,2,0,2,1,1,2,0
2023-24,Andhra Pradesh,Alluri Sitharama Raju,Chintoor,Boddugudem,0,5,0,3,0,2,0,3,2,5,0,0,4,1,0,0,5,0,4,2,3,0,5,5,0,3,2,4,1
2023-24,Andhra Pradesh,Alluri Sitharama Raju,Chintoor,Tatilanka,0,1,0,1,0,0,0,0,1,1,0,0,1,0,0,1,0,0,1,0,1,0,1,1,0,1,0,0,1
2023-24,Andhra Pradesh,Alluri Sitharama Raju,Chintoor,Yedugurallapalle,0,6,0,3,1,2,0,5,2,6,0,1,3,1,0,0,5,0,5,0,7,0,7,5,2,4,3,4,3
2023-24,Andhra Pradesh,Alluri Sitharama Raju,Chintoor,Irkampeta,0,3,0,4,0,0,0,0,4,4,0,0,2,1,0,0,3,0,3,0,4,0,4,0,4,0,4,0,4
2023-24,Andhra Pradesh,Alluri Sitharama Raju,Chintoor,Katukapalle,0,4,0,3,0,1,0,1,3,4,0,0,3,1,0,0,4,0,4,1,3,0,4,2,2,1,3,3,1
2023-24,Andhra Pradesh,Alluri Sitharama Raju,Chintoor,Surakunta,0,3,0,3,0,0,0,0,3,3,0,0,1,2,0,0,3,0,3,1,3,0,4,2,2,2,2,4,0
2023-24,Andhra Pradesh,Alluri Sitharama Raju,Chintoor,Alligudem,0,7,0,5,0,2,0,3,4,7,0,1,3,3,0,0,7,0,7,2,5,1,6,5,2,7,0,6,1
2023-24,Andhra Pradesh,Alluri Sitharama Raju,Chintoor,Narakonda,0,0,0,0,0,1,0,1,0,1,0,0,0,0,0,0,0,0,0,1,0,0,1,0,1,1,0,1,0
2023-24,Andhra Pradesh,Alluri Sitharama Raju,Chintoor,Narsingapeta,0,4,1,4,0,1,0,1,4,5,0,1,2,2,0,0,5,0,5,1,4,0,5,5,0,5,0,4,1
2023-24,Andhra Pradesh,Alluri Sitharama Raju,Chintoor,Mittavada,0,5,0,3,0,2,0,2,3,5,0,0,5,0,0,1,4,0,5,4,1,0,5,2,3,2,3,4,1
2023-24,Andhra Pradesh,Alluri Sitharama Raju,Chintoor,Mothugudem,0,20,0,13,0,7,0,8,12,20,0,0,8,12,0,3,17,0,20,0,20,0,20,12,8,0,20,5,15
2023-24,Andhra Pradesh,Alluri Sitharama Raju,Chintoor,Guduru,0,4,0,1,1,2,0,4,1,5,0,0,1,2,0,0,1,0,2,1,4,1,4,4,1,4,1,0,5
2023-24,Andhra Pradesh,Alluri Sitharama Raju,Chintoor,Surannagandi,0,5,0,3,0,2,0,2,3,5,0,0,2,3,0,0,5,0,5,0,5,0,5,2,3,1,4,1,4
2023-24,Andhra Pradesh,Alluri Sitharama Raju,Chintoor,Madugur,0,3,0,2,0,1,0,1,2,3,0,0,2,1,0,0,3,0,3,0,3,0,3,0,3,0,3,1,2
2023-24,Andhra Pradesh,Alluri Sitharama Raju,Chintoor,Kalleru,0,7,2,4,0,5,0,5,4,8,1,0,7,2,0,1,8,0,9,3,6,2,7,8,1,4,5,6,3
2023-24,Andhra Pradesh,Alluri Sitharama Raju,Chintoor,Kuyuguru,0,2,1,2,0,1,0,1,2,3,0,0,3,0,0,0,3,0,3,0,3,0,3,2,1,2,1,1,2
2023-24,Andhra Pradesh,Alluri Sitharama Raju,Chintoor,Ratnapuram,0,2,0,0,0,2,0,2,0,2,0,0,1,1,0,0,1,0,1,1,1,0,2,2,0,0,2,1,1
2023-24,Andhra Pradesh,Alluri Sitharama Raju,Chintoor,Pothanapalle,0,3,0,3,0,0,0,0,3,3,0,0,1,2,0,0,3,0,3,2,1,0,2,3,0,1,2,3,0
2023-24,Andhra Pradesh,Alluri Sitharama Raju,Chintoor,Chintur,0,3,0,2,0,1,0,2,1,3,0,0,3,0,0,0,3,0,3,0,3,0,3,3,0,0,3,2,1
2023-24,Andhra Pradesh,Alluri Sitharama Raju,Chintoor,Kannayagudem,0,2,0,2,0,0,0,0,2,2,0,0,1,1,0,0,2,0,2,1,1,0,2,2,0,0,2,1,1
2023-24,Andhra Pradesh,Alluri Sitharama Raju,Chintoor,Vegithota,0,1,0,1,0,0,0,0,2,2,0,0,1,0,0,0,0,0,1,0,2,0,2,1,1,1,1,2,0
2023-24,Andhra Pradesh,Alluri Sitharama Raju,Chintoor,Chinna Seethannapalle,0,2,0,0,0,2,0,2,0,2,0,0,1,1,0,0,2,0,2,1,1,0,2,2,0,2,0,2,0
2023-24,Andhra Pradesh,Alluri Sitharama Raju,Chintoor,Ramannapalem,0,5,0,4,0,1,0,4,1,4,1,0,2,3,0,0,5,0,5,4,1,1,4,1,4,4,1,5,0
2023-24,Andhra Pradesh,Alluri Sitharama Raju,Chintoor,Agraharapu Koderu,1,7,1,7,0,2,0,3,6,8,1,0,5,4,0,0,9,0,9,3,6,0,9,9,0,3,6,5,4
2023-24,Andhra Pradesh,Alluri Sitharama Raju,Chintoor,Ulumuru,0,6,0,5,0,1,0,3,4,7,0,0,1,5,0,0,5,0,6,2,5,0,7,6,1,0,7,0,7
2023-24,Andhra Pradesh,Alluri Sitharama Raju,Chintoor,Kummuru,0,3,0,3,0,0,0,1,2,3,0,0,3,0,0,0,3,0,3,0,3,0,3,3,0,0,3,2,1
2023-24,Andhra Pradesh,Alluri Sitharama Raju,Chintoor,Chatti,0,24,2,16,0,10,0,13,13,26,0,1,16,9,0,0,26,0,26,9,17,0,26,21,5,11,15,24,2
2023-24,Andhra Pradesh,Alluri Sitharama Raju,Chintoor,Narayanapuram,0,3,0,2,0,1,0,1,2,3,0,0,3,0,0,0,2,0,3,0,3,0,3,3,0,0,3,2,1
2023-24,Andhra Pradesh,Alluri Sitharama Raju,Chintoor,Venkatrampuram,0,3,0,2,0,1,0,2,1,3,0,0,3,0,0,0,3,0,3,0,3,0,3,3,0,3,0,3,0
2023-24,Andhra Pradesh,Alluri Sitharama Raju,Chintoor,Sarivela,0,3,0,1,0,2,0,2,1,3,0,0,3,0,0,0,3,0,3,0,3,0,3,3,0,2,1,1,2
2023-24,Andhra Pradesh,Alluri Sitharama Raju,Chintoor,Lachigudem,0,3,0,3,0,0,0,0,3,3,0,0,3,0,0,0,3,0,3,0,3,0,3,2,1,2,1,3,0
2023-24,Andhra Pradesh,Alluri Sitharama Raju,Chintoor,Maddigudem,0,1,0,0,0,1,0,1,0,1,0,0,1,0,0,0,1,0,1,0,1,0,1,0,1,0,1,1,0
2023-24,Andhra Pradesh,Alluri Sitharama Raju,Chintoor,Balimela,0,1,0,1,0,0,0,0,1,1,0,0,0,1,0,0,1,0,1,0,1,0,1,0,1,0,1,1,0
2023-24,Andhra Pradesh,Alluri Sitharama Raju,Chintoor,Mallampeta,0,1,0,1,0,0,0,0,2,2,0,0,1,0,0,0,1,0,1,1,1,0,2,2,0,0,2,1,1
2023-24,Andhra Pradesh,Alluri Sitharama Raju,Devipatnam,Indukuru,0,2,1,3,0,0,0,0,3,3,0,1,0,2,0,0,3,0,3,3,0,0,3,3,0,0,3,2,1
2023-24,Andhra Pradesh,Alluri Sitharama Raju,Devipatnam,Anguluru,0,5,3,8,0,0,0,7,1,8,0,0,2,6,0,0,8,0,8,8,0,0,8,7,1,0,8,7,1
2023-24,Andhra Pradesh,Alluri Sitharama Raju,Devipatnam,Ravilanka,0,0,5,4,1,0,0,3,2,5,0,1,3,1,0,0,5,0,5,4,1,0,5,3,2,0,5,4,1
2023-24,Andhra Pradesh,Alluri Sitharama Raju,Devipatnam,Nelakota,0,3,12,15,0,0,0,5,10,15,0,9,4,2,0,0,15,0,15,15,0,0,15,11,4,0,15,11,4
2023-24,Andhra Pradesh,Alluri Sitharama Raju,Devipatnam,Pedduru,0,6,0,6,0,0,0,6,0,6,0,0,0,6,0,0,6,0,6,6,0,0,6,6,0,0,6,4,2
2023-24,Andhra Pradesh,Alluri Sitharama Raju,Devipatnam,Lakshmipuram,0,2,0,2,0,0,0,1,1,0,2,0,0,2,0,0,2,0,2,2,0,2,0,2,0,1,1,2,0
2023-24,Andhra Pradesh,Alluri Sitharama Raju,Devipatnam,Thatiwada,0,0,2,2,0,0,0,0,2,2,0,1,0,1,0,0,2,0,2,1,1,0,2,2,0,0,2,2,0
2023-24,Andhra Pradesh,Alluri Sitharama Raju,Devipatnam,Paluru,0,5,6,8,0,3,0,10,1,11,0,5,0,6,0,0,11,0,11,10,1,0,11,10,1,0,11,2,9
2023-24,Andhra Pradesh,Alluri Sitharama Raju,Devipatnam,Lothupalem,0,0,16,16,0,0,0,6,10,16,0,0,14,2,0,0,16,0,16,16,0,0,16,10,6,0,16,12,4
2023-24,Andhra Pradesh,Alluri Sitharama Raju,Devipatnam,Indukurupeta,0,10,23,29,0,4,11,8,14,27,6,14,16,3,2,0,31,0,33,33,0,9,24,28,5,3,30,29,4
2023-24,Andhra Pradesh,Alluri Sitharama Raju,Devipatnam,Velagapalle,0,19,7,21,1,4,2,12,12,25,1,0,13,13,0,0,26,0,26,26,0,1,25,24,2,0,26,24,2
2023-24,Andhra Pradesh,Alluri Sitharama Raju,Devipatnam,Sarabhavaram,0,1,12,12,0,1,2,1,10,13,0,5,5,3,0,0,12,0,13,12,1,1,12,10,3,0,13,12,1
2023-24,Andhra Pradesh,Alluri Sitharama Raju,Devipatnam,Devaram,0,0,4,4,0,0,0,0,4,4,0,2,1,1,0,0,4,0,4,4,0,0,4,2,2,0,4,1,3
2023-24,Andhra Pradesh,Alluri Sitharama Raju,Devipatnam,Pothavaram,0,3,8,9,1,1,0,3,8,11,0,2,5,3,0,0,9,0,9,11,0,0,11,8,3,0,11,10,1
2023-24,Andhra Pradesh,Alluri Sitharama Raju,Devipatnam,V. Ramannapalem,0,1,0,0,0,1,0,1,0,0,1,0,1,0,0,0,1,0,1,1,0,1,0,1,0,0,1,1,0
2023-24,Andhra Pradesh,Alluri Sitharama Raju,Devipatnam,Rayavaram,0,6,1,7,0,0,2,2,3,0,7,0,1,6,0,0,7,0,7,7,0,7,0,7,0,1,6,7,0
2023-24,Andhra Pradesh,Alluri Sitharama Raju,Devipatnam,Devipatnam,0,0,1,1,0,0,0,1,0,1,0,1,0,0,0,0,1,0,1,1,0,0,1,1,0,0,1,0,1
2023-24,Andhra Pradesh,Alluri Sitharama Raju,Dumbriguda,Jurripadu,0,1,0,1,0,0,1,0,0,1,0,0,1,0,0,0,1,0,1,0,1,1,0,1,0,0,1,1,0
2023-24,Andhra Pradesh,Alluri Sitharama Raju,Dumbriguda,Korrai,10,4,6,3,3,14,0,9,11,20,0,0,8,12,0,1,19,0,20,0,20,20,0,20,0,1,19,20,0
2023-24,Andhra Pradesh,Alluri Sitharama Raju,Dumbriguda,Billaputtu,0,0,7,5,0,2,0,2,5,4,3,0,0,7,0,0,5,0,6,7,0,6,1,7,0,1,6,7,0
2023-24,Andhra Pradesh,Alluri Sitharama Raju,Dumbriguda,Dumbriguda,2,1,7,5,5,0,0,8,2,6,4,0,1,9,0,0,8,0,9,6,4,10,0,10,0,4,6,10,0
2023-24,Andhra Pradesh,Alluri Sitharama Raju,Dumbriguda,Padi,0,8,6,13,1,0,8,1,5,14,0,0,0,14,0,0,14,0,14,14,0,0,14,8,6,0,14,14,0
2023-24,Andhra Pradesh,Alluri Sitharama Raju,Dumbriguda,Arama,0,19,3,22,0,0,18,0,5,23,0,0,18,3,0,6,9,0,19,7,16,6,17,18,5,0,23,23,0
2023-24,Andhra Pradesh,Alluri Sitharama Raju,Dumbriguda,Borrapalem,1,8,2,4,4,3,1,7,3,1,10,0,0,11,0,1,10,0,11,10,1,6,5,8,3,6,5,11,0
2023-24,Andhra Pradesh,Alluri Sitharama Raju,Dumbriguda,Sangamvalasa,0,5,7,5,4,3,0,3,9,12,0,0,3,9,0,0,12,0,12,4,8,3,9,8,4,1,11,12,0
2023-24,Andhra Pradesh,Alluri Sitharama Raju,Dumbriguda,Mamidivalasa,0,2,8,7,1,2,4,1,5,8,2,0,0,10,0,0,10,0,10,3,7,0,10,7,3,0,10,10,0
2023-24,Andhra Pradesh,Alluri Sitharama Raju,Dumbriguda,Kosangi,0,0,1,0,0,1,1,0,0,0,1,0,0,1,0,0,1,0,1,1,0,1,0,1,0,0,1,1,0
2023-24,Andhra Pradesh,Alluri Sitharama Raju,Dumbriguda,Seelamgondi,0,4,0,4,0,0,0,1,3,2,2,0,2,2,0,0,4,0,4,4,0,4,0,4,0,0,4,4,0
2023-24,Andhra Pradesh,Alluri Sitharama Raju,Dumbriguda,Kithalangi,0,28,4,13,9,10,23,6,3,32,0,0,8,24,0,0,32,0,32,31,1,3,29,26,6,0,32,25,7
2023-24,Andhra Pradesh,Alluri Sitharama Raju,Dumbriguda,Champaputtu,0,3,3,7,0,0,0,4,3,7,0,0,4,2,0,0,3,0,3,4,3,7,0,7,0,0,7,7,0
2023-24,Andhra Pradesh,Alluri Sitharama Raju,Dumbriguda,Kusumavalasa,0,0,2,0,0,2,0,2,0,2,0,0,0,2,0,1,1,0,2,1,1,2,0,2,0,0,2,2,0
2023-24,Andhra Pradesh,Alluri Sitharama Raju,Dumbriguda,Thutangi,4,2,20,8,0,18,0,8,18,23,3,0,11,15,0,0,26,0,26,2,23,26,0,26,0,1,25,26,0
2023-24,Andhra Pradesh,Alluri Sitharama Raju,Dumbriguda,Vayya,0,6,0,6,0,0,2,4,0,6,0,0,0,6,0,0,6,0,6,6,0,0,6,2,4,0,6,6,0
2023-24,Andhra Pradesh,Alluri Sitharama Raju,Dumbriguda,Kuridi,2,8,10,7,4,9,17,0,3,19,1,1,7,12,0,0,20,0,20,2,18,11,9,13,7,1,19,13,7
2023-24,Andhra Pradesh,Alluri Sitharama Raju,Dumbriguda,Nimmagedda,3,4,9,10,6,0,3,9,4,11,5,0,4,12,1,0,15,0,16,0,16,0,16,13,3,0,16,7,9
2023-24,Andhra Pradesh,Alluri Sitharama Raju,Dumbriguda,Chelimarivalasa,0,9,5,11,1,2,4,1,9,14,0,0,1,13,0,0,10,0,11,10,4,14,0,14,0,0,14,14,0
2023-24,Andhra Pradesh,Alluri Sitharama Raju,Dumbriguda,Paridi,0,8,3,7,0,4,11,0,0,11,0,0,7,4,0,1,10,0,11,0,12,4,8,11,1,0,11,9,3
2023-24,Andhra Pradesh,Alluri Sitharama Raju,Dumbriguda,Gondiguda,0,0,1,1,0,0,0,0,1,1,0,1,0,0,0,0,1,0,1,0,1,0,1,1,0,0,1,0,1
2023-24,Andhra Pradesh,Alluri Sitharama Raju,Dumbriguda,Guntaseema,2,3,12,16,1,0,0,13,4,13,4,0,1,16,0,0,17,0,17,9,8,16,1,17,0,1,16,17,0
2023-24,Andhra Pradesh,Alluri Sitharama Raju,Dumbriguda,Lyganda,4,5,13,2,10,11,0,9,14,23,0,0,0,22,0,2,19,0,22,6,17,23,0,23,0,0,23,18,5
2023-24,Andhra Pradesh,Alluri Sitharama Raju,Dumbriguda,Musiri,0,8,0,8,0,0,8,0,0,8,0,0,6,2,0,1,6,1,6,0,8,3,5,8,0,0,8,8,0
2023-24,Andhra Pradesh,Alluri Sitharama Raju,Dumbriguda,Bodimela,0,3,2,6,0,0,6,0,0,6,0,0,4,2,0,0,5,0,6,0,6,2,4,6,0,0,6,6,0
2023-24,Andhra Pradesh,Alluri Sitharama Raju,Dumbriguda,Kandram,7,5,12,5,3,16,0,6,18,20,4,0,6,18,0,2,22,0,24,1,23,23,1,24,0,0,24,12,12
2023-24,Andhra Pradesh,Alluri Sitharama Raju,Dumbriguda,Sornayakguda @ Surusyaguda,0,2,12,3,0,11,0,3,11,13,1,0,0,14,0,0,14,0,14,0,14,14,0,14,0,0,14,10,3
2023-24,Andhra Pradesh,Alluri Sitharama Raju,Dumbriguda,Rangilisingi,1,1,9,0,2,9,0,9,2,11,0,0,8,3,0,0,11,0,11,0,11,11,0,11,0,0,11,11,0
2023-24,Andhra Pradesh,Alluri Sitharama Raju,Dumbriguda,Kujabangi,3,3,3,0,4,5,0,9,0,6,3,0,5,4,0,0,9,0,9,4,5,9,0,9,0,0,9,9,0
2023-24,Andhra Pradesh,Alluri Sitharama Raju,Dumbriguda,Jamguda,4,12,40,8,17,31,17,23,16,54,2,0,6,50,0,1,55,1,55,2,54,56,0,56,0,0,56,56,0
2023-24,Andhra Pradesh,Alluri Sitharama Raju,Dumbriguda,Gadabagolugu,0,0,7,2,2,3,2,0,5,7,0,0,0,7,0,0,7,0,7,0,7,4,3,6,0,1,6,0,7
2023-24,Andhra Pradesh,Alluri Sitharama Raju,Dumbriguda,Kinjeru,4,3,2,4,5,0,0,9,0,9,0,0,0,9,0,0,9,0,9,9,0,9,0,9,0,0,9,9,0
2023-24,Andhra Pradesh,Alluri Sitharama Raju,Dumbriguda,Ujjangi,0,2,2,0,1,3,0,0,4,3,1,0,1,3,0,0,4,0,4,0,4,4,0,4,0,0,4,4,0
2023-24,Andhra Pradesh,Alluri Sitharama Raju,Dumbriguda,Dathuru,0,0,2,1,0,1,0,0,2,2,0,0,0,2,0,0,2,0,2,1,1,2,0,2,0,0,2,2,0
2023-24,Andhra Pradesh,Alluri Sitharama Raju,Dumbriguda,Vasabanda,1,6,2,8,1,0,0,7,2,9,0,0,5,4,0,0,9,0,9,8,2,1,9,7,3,0,9,10,0
2023-24,Andhra Pradesh,Alluri Sitharama Raju,Dumbriguda,Sovva,3,0,4,0,6,1,3,1,3,3,4,0,0,7,0,0,7,0,7,1,6,7,0,7,0,0,7,7,0
2023-24,Andhra Pradesh,Alluri Sitharama Raju,Dumbriguda,Kamalabanda,0,2,0,0,1,1,0,0,2,2,0,0,0,2,1,0,1,0,2,0,2,2,0,2,0,0,2,0,2
2023-24,Andhra Pradesh,Alluri Sitharama Raju,Dumbriguda,Karakavalasa,0,0,4,0,0,4,0,0,4,4,0,0,3,1,0,0,4,0,4,0,4,4,0,4,0,0,4,3,1
2023-24,Andhra Pradesh,Alluri Sitharama Raju,Dumbriguda,Sarai,0,8,2,6,0,4,0,0,10,10,0,1,5,4,0,0,10,0,10,1,9,9,1,10,0,0,10,10,0
2023-24,Andhra Pradesh,Alluri Sitharama Raju,Dumbriguda,Ranginivalasa,0,0,14,14,0,0,0,7,8,15,0,0,4,10,0,0,12,0,13,0,15,15,0,15,0,0,15,15,0
2023-24,Andhra Pradesh,Alluri Sitharama Raju,Dumbriguda,Panasavalasa,5,0,0,0,3,2,3,0,2,5,0,0,0,5,0,0,5,0,5,0,5,5,0,5,0,0,5,5,0
2023-24,Andhra Pradesh,Alluri Sitharama Raju,Dumbriguda,Anjoda,6,5,5,3,8,5,0,9,7,16,0,0,4,12,0,5,11,2,14,0,16,16,0,16,0,2,14,16,0
2023-24,Andhra Pradesh,Alluri Sitharama Raju,Dumbriguda,Araku,1,23,30,46,4,4,22,31,1,53,1,0,12,42,0,37,17,0,54,16,38,15,39,44,10,0,54,45,9
2023-24,Andhra Pradesh,Alluri Sitharama Raju,Dumbriguda,Logili,0,0,3,0,2,1,0,0,3,3,0,0,2,1,0,0,3,0,3,0,3,3,0,3,0,0,3,3,0
2023-24,Andhra Pradesh,Alluri Sitharama Raju,Dumbriguda,Demuduvalasa,1,3,1,1,1,3,2,0,3,5,0,0,0,5,0,1,3,0,5,1,5,5,0,6,0,0,5,6,0
2023-24,Andhra Pradesh,Alluri Sitharama Raju,Dumbriguda,Koranjiguda,0,4,1,0,3,2,0,5,0,5,0,0,2,3,0,0,5,0,5,0,5,5,0,5,0,0,5,5,0
2023-24,Andhra Pradesh,Alluri Sitharama Raju,Dumbriguda,Gorapur,3,1,6,9,0,1,0,8,2,5,5,1,1,8,0,2,8,0,10,0,10,2,8,8,2,0,10,10,0
2023-24,Andhra Pradesh,Alluri Sitharama Raju,Dumbriguda,Sagara,4,12,25,33,4,4,16,17,8,41,1,0,28,13,0,0,37,0,39,13,29,1,41,34,8,0,42,29,13
2023-24,Andhra Pradesh,Alluri Sitharama Raju,Dumbriguda,Kuda,1,1,2,0,4,0,1,0,3,4,0,0,3,1,0,0,4,0,4,0,4,4,0,4,0,0,4,4,0
2023-24,Andhra Pradesh,Alluri Sitharama Raju,Dumbriguda,Kotragondi,0,1,4,0,5,0,5,0,0,5,0,0,3,2,0,0,5,0,5,0,5,5,0,5,0,0,5,5,0
2023-24,Andhra Pradesh,Alluri Sitharama Raju,Dumbriguda,Chamadapadu,0,3,0,0,0,3,3,0,0,3,0,0,0,3,0,0,3,0,3,0,3,3,0,3,0,0,3,3,0
2023-24,Andhra Pradesh,Alluri Sitharama Raju,Dumbriguda,Gasaba,4,0,10,1,9,5,3,2,10,15,0,0,4,10,0,0,14,0,13,0,15,15,0,15,0,1,14,15,0
2023-24,Andhra Pradesh,Alluri Sitharama Raju,Dumbriguda,Gatharagilleda,4,1,5,0,4,6,0,7,3,10,0,0,1,9,0,1,9,0,10,0,10,10,0,10,0,1,9,10,0
2023-24,Andhra Pradesh,Alluri Sitharama Raju,Dumbriguda,Bitragonda,0,0,5,0,5,0,0,5,0,5,0,0,0,5,0,2,2,0,5,0,5,5,0,5,0,0,5,5,0
2023-24,Andhra Pradesh,Alluri Sitharama Raju,Dumbriguda,Korra,0,8,14,16,5,1,6,11,5,22,0,0,10,12,0,0,21,0,21,19,3,3,19,9,13,0,22,22,0
2023-24,Andhra Pradesh,Alluri Sitharama Raju,G.Madugula,Peda Bayalu,1,0,1,2,0,0,0,2,0,1,1,2,0,0,0,2,0,0,2,2,0,0,2,2,0,1,1,1,1
2023-24,Andhra Pradesh,Alluri Sitharama Raju,G.Madugula,Jerrai,0,1,0,1,0,0,1,0,0,1,0,0,0,1,0,0,1,0,1,1,0,0,1,1,0,0,1,1,0
2023-24,Andhra Pradesh,Alluri Sitharama Raju,G.Madugula,Kummaragunta,1,7,3,10,0,1,10,0,1,10,1,6,3,2,0,0,11,0,11,7,4,4,7,11,0,6,5,10,1
2023-24,Andhra Pradesh,Alluri Sitharama Raju,G.Madugula,Tiyyamamidi,0,10,4,12,1,1,14,0,0,11,3,4,6,4,0,0,14,0,13,11,3,10,4,14,0,13,1,13,1
2023-24,Andhra Pradesh,Alluri Sitharama Raju,G.Madugula,Godda,0,0,1,0,0,1,1,0,0,1,0,0,0,1,0,0,1,0,1,0,1,1,0,1,0,0,1,1,0
2023-24,Andhra Pradesh,Alluri Sitharama Raju,G.Madugula,Solabham,0,0,1,1,0,0,1,0,0,1,0,1,0,0,0,1,0,0,1,1,0,0,1,1,0,0,1,1,0
2023-24,Andhra Pradesh,Alluri Sitharama Raju,G.Madugula,Pedakantavaram,0,1,1,2,0,0,0,2,0,2,0,2,0,0,0,0,2,0,2,2,0,1,1,2,0,0,2,2,0
2023-24,Andhra Pradesh,Alluri Sitharama Raju,G.Madugula,Urlumetta,0,0,2,2,0,0,1,0,1,2,0,1,1,0,0,0,2,0,2,1,1,2,0,2,0,2,0,2,0
2023-24,Andhra Pradesh,Alluri Sitharama Raju,G.Madugula,K.Kodapalle,0,14,5,19,0,0,18,0,1,17,2,3,8,8,0,0,19,0,19,9,10,13,6,19,0,14,5,18,1
2023-24,Andhra Pradesh,Alluri Sitharama Raju,G.Madugula,Bandaveedhi,0,1,1,2,0,0,2,0,0,2,0,0,1,1,0,0,2,0,2,2,0,0,2,2,0,2,0,1,1
2023-24,Andhra Pradesh,Alluri Sitharama Raju,G.Madugula,Sangam,0,3,2,5,0,0,4,0,1,5,0,1,0,4,0,0,5,0,5,2,3,2,3,5,0,3,2,4,1
2023-24,Andhra Pradesh,Alluri Sitharama Raju,G.Madugula,Pedaurumu,0,8,1,8,0,1,7,0,2,9,0,1,4,4,0,0,9,0,9,6,3,3,6,9,0,7,2,8,1
2023-24,Andhra Pradesh,Alluri Sitharama Raju,G.Madugula,Chinnaurumu,0,7,1,5,1,2,8,0,0,5,3,3,4,1,0,0,8,0,8,6,2,6,2,8,0,8,0,7,1
2023-24,Andhra Pradesh,Alluri Sitharama Raju,G.Madugula,Kuntalam,0,1,4,3,1,1,4,0,1,4,1,0,3,2,0,0,5,0,5,1,4,1,4,5,0,4,1,3,2
2023-24,Andhra Pradesh,Alluri Sitharama Raju,G.Madugula,Lakkulu,0,13,2,14,0,1,13,0,2,14,1,2,6,7,0,0,15,0,15,10,5,7,8,15,0,11,4,15,0
2023-24,Andhra Pradesh,Alluri Sitharama Raju,G.Madugula,Vallangula,0,2,0,2,0,0,2,0,0,2,0,0,1,0,0,0,2,0,2,2,0,2,0,2,0,1,1,2,0
2023-24,Andhra Pradesh,Alluri Sitharama Raju,G.Madugula,Jannera,0,3,0,3,0,0,2,0,1,3,0,1,2,0,0,0,3,0,3,1,2,0,3,3,0,1,2,3,0
2023-24,Andhra Pradesh,Alluri Sitharama Raju,G.Madugula,Vemarajukodapalle,0,8,5,13,0,0,13,0,0,12,1,4,2,7,0,0,13,0,13,6,7,7,6,13,0,9,4,12,1
2023-24,Andhra Pradesh,Alluri Sitharama Raju,G.Madugula,Agampadu,0,6,3,7,1,1,8,0,1,7,2,3,4,2,0,0,7,0,9,7,2,4,5,9,0,7,2,7,2
2023-24,Andhra Pradesh,Alluri Sitharama Raju,G.Madugula,Vannelabha,0,11,2,12,1,0,9,0,4,10,3,2,8,3,0,0,13,0,13,7,6,5,8,13,0,7,6,9,4
2023-24,Andhra Pradesh,Alluri Sitharama Raju,G.Madugula,Gannelba,0,5,0,3,2,0,3,1,1,2,3,3,1,1,0,0,5,0,5,2,3,4,1,5,0,3,2,4,1
2023-24,Andhra Pradesh,Alluri Sitharama Raju,G.Madugula,M.Nittaputtu,0,0,1,1,0,0,1,0,0,1,0,0,0,1,0,0,1,0,1,0,1,1,0,1,0,1,0,1,0
2023-24,Andhra Pradesh,Alluri Sitharama Raju,G.Madugula,Korapalle,0,2,2,3,0,1,4,0,0,4,0,0,3,1,0,0,4,0,4,3,1,2,2,4,0,2,2,4,0
2023-24,Andhra Pradesh,Alluri Sitharama Raju,G.Madugula,Anarbha,1,9,3,13,0,0,10,0,3,13,0,5,7,1,0,0,13,0,13,9,4,7,6,13,0,9,4,12,1
2023-24,Andhra Pradesh,Alluri Sitharama Raju,G.Madugula,Thadiveedhi,1,3,0,2,2,0,2,1,1,4,0,0,1,3,0,1,3,0,4,3,1,1,2,4,0,3,1,4,0
2023-24,Andhra Pradesh,Alluri Sitharama Raju,G.Madugula,Thaggimetta,1,0,0,0,1,0,0,1,0,1,0,1,0,0,0,0,1,0,1,1,0,1,0,1,0,0,1,1,0
2023-24,Andhra Pradesh,Alluri Sitharama Raju,G.Madugula,Mulagaruvu,0,3,0,3,0,0,3,0,0,3,0,1,1,1,0,0,3,0,3,2,1,2,1,3,0,3,0,3,0
2023-24,Andhra Pradesh,Alluri Sitharama Raju,G.Madugula,A.Bandaveedhi,0,4,3,6,0,1,7,0,0,7,0,1,5,1,0,0,7,0,7,3,4,3,4,7,0,6,1,6,1
2023-24,Andhra Pradesh,Alluri Sitharama Raju,G.Madugula,Thiyyagundam,0,1,0,1,0,0,1,0,0,1,0,0,0,1,0,0,1,0,1,1,0,1,0,1,0,0,1,1,0
2023-24,Andhra Pradesh,Alluri Sitharama Raju,G.Madugula,Nurmathi,1,0,0,1,0,0,0,1,0,1,0,0,1,0,0,0,1,0,1,1,0,0,1,1,0,0,1,1,0
2023-24,Andhra Pradesh,Alluri Sitharama Raju,G.Madugula,Digarapalle,0,1,0,1,0,0,1,0,0,1,0,1,0,0,0,0,1,0,1,1,0,1,0,1,0,0,1,1,0
2023-24,Andhra Pradesh,Alluri Sitharama Raju,G.Madugula,Subbulu,1,0,0,0,1,0,0,1,0,1,0,0,0,1,0,0,1,0,1,1,0,0,1,1,0,0,1,1,0
2023-24,Andhra Pradesh,Alluri Sitharama Raju,G.Madugula,Guntapalle,0,1,1,2,0,0,2,0,0,2,0,1,1,0,0,0,2,0,2,0,2,1,1,2,0,1,1,1,1
2023-24,Andhra Pradesh,Alluri Sitharama Raju,G.Madugula,Vanthala,0,7,2,8,1,0,9,0,0,9,0,2,6,1,0,0,9,0,9,4,5,1,8,9,0,7,2,9,0
2023-24,Andhra Pradesh,Alluri Sitharama Raju,G.Madugula,Rachapanuku,0,12,6,15,1,2,15,0,3,15,3,2,8,8,0,0,18,0,18,12,6,13,5,18,0,16,2,17,1
2023-24,Andhra Pradesh,Alluri Sitharama Raju,G.Madugula,Pachinapalle,1,5,3,9,0,0,8,0,1,7,2,3,1,5,0,0,9,0,9,7,2,7,2,9,0,7,2,9,0
2023-24,Andhra Pradesh,Alluri Sitharama Raju,G.Madugula,Gaduthuru,0,1,1,2,0,0,2,0,0,2,0,1,0,1,0,0,2,0,2,0,2,1,1,2,0,1,1,2,0
2023-24,Andhra Pradesh,Alluri Sitharama Raju,G.Madugula,Mangathapalem,0,2,4,5,1,0,5,0,1,5,1,0,2,4,0,0,6,0,6,5,1,4,2,6,0,4,2,6,0
2023-24,Andhra Pradesh,Alluri Sitharama Raju,G.Madugula,Mulagaruvu,0,1,1,2,0,0,2,0,0,1,1,1,1,0,0,0,2,0,2,1,1,1,1,2,0,2,0,1,1
2023-24,Andhra Pradesh,Alluri Sitharama Raju,G.Madugula,Pedapadu,0,11,2,8,2,3,11,0,2,13,0,5,5,3,0,0,13,0,13,7,6,7,6,13,0,8,5,11,2
2023-24,Andhra Pradesh,Alluri Sitharama Raju,G.Madugula,Andangisingi,0,3,1,4,0,0,2,0,2,3,1,0,3,1,0,0,4,0,4,3,1,2,2,4,0,2,2,3,1
2023-24,Andhra Pradesh,Alluri Sitharama Raju,G.Madugula,Chintalagondi,0,2,0,2,0,0,2,0,0,1,1,1,1,0,0,0,2,0,2,2,0,2,0,2,0,2,0,2,0
2023-24,Andhra Pradesh,Alluri Sitharama Raju,G.Madugula,Pedalanka,0,10,8,16,0,2,14,0,4,16,2,6,9,3,0,0,18,0,18,9,9,11,7,18,0,12,6,16,2
2023-24,Andhra Pradesh,Alluri Sitharama Raju,G.Madugula,Cheekumbanda,0,6,0,4,1,1,4,0,2,6,0,2,3,1,0,0,6,0,6,3,3,4,2,6,0,3,3,5,1
2023-24,Andhra Pradesh,Alluri Sitharama Raju,G.Madugula,Sadeku,1,20,3,23,0,1,24,0,0,23,1,4,11,9,0,0,24,0,24,15,9,13,11,24,0,18,6,23,1
2023-24,Andhra Pradesh,Alluri Sitharama Raju,G.Madugula,Beeram,2,7,2,11,0,0,10,0,1,11,0,4,4,3,0,1,10,0,11,6,5,5,6,11,0,8,3,10,1
2023-24,Andhra Pradesh,Alluri Sitharama Raju,G.Madugula,Mandivanam,0,2,0,2,0,0,2,0,0,2,0,0,1,1,0,0,2,0,2,1,1,1,1,2,0,1,1,2,0
2023-24,Andhra Pradesh,Alluri Sitharama Raju,G.Madugula,Sanguloya,0,1,0,1,0,0,1,0,0,1,0,1,0,0,0,0,1,0,1,1,0,0,1,1,0,0,1,1,0
2023-24,Andhra Pradesh,Alluri Sitharama Raju,G.Madugula,Mosaidipanuku Kothuru,0,1,0,0,1,0,0,1,0,1,0,0,0,1,0,0,1,0,1,1,0,0,1,1,0,0,1,1,0
2023-24,Andhra Pradesh,Alluri Sitharama Raju,G.Madugula,Nugumamidi,0,0,1,1,0,0,1,0,0,0,1,0,0,1,0,0,1,0,1,1,0,1,0,1,0,1,0,1,0
2023-24,Andhra Pradesh,Alluri Sitharama Raju,G.Madugula,Vakapalle,0,1,0,1,0,0,0,1,0,1,0,1,0,0,0,0,1,0,1,1,0,0,1,1,0,0,1,1,0
2023-24,Andhra Pradesh,Alluri Sitharama Raju,G.Madugula,Mandibha,0,1,0,1,0,0,1,0,0,1,0,0,0,1,0,0,1,0,1,1,0,1,0,1,0,0,1,1,0
2023-24,Andhra Pradesh,Alluri Sitharama Raju,Gangavaram,Jiyyampalem,0,0,5,2,2,1,0,5,0,5,0,0,5,0,0,0,5,0,5,3,2,0,5,5,0,0,5,4,1
2023-24,Andhra Pradesh,Alluri Sitharama Raju,Gangavaram,B.Sivaramapatnam,0,5,0,0,5,0,3,0,2,5,0,0,4,1,0,0,5,0,5,5,0,1,4,4,1,0,5,5,0
2023-24,Andhra Pradesh,Alluri Sitharama Raju,Gangavaram,Loddipalem,0,0,5,2,3,0,0,3,2,5,0,0,3,2,0,0,5,0,5,4,1,1,4,5,0,0,5,5,0
2023-24,Andhra Pradesh,Alluri Sitharama Raju,Gangavaram,Ojubanda,0,0,6,1,2,3,2,0,4,6,0,0,6,0,0,0,6,0,6,2,4,6,0,6,0,0,6,6,0
2023-24,Andhra Pradesh,Alluri Sitharama Raju,Gangavaram,Kusumarai,0,1,1,0,1,1,0,1,1,2,0,0,1,1,0,0,2,0,2,2,0,0,2,2,0,1,1,2,0
2023-24,Andhra Pradesh,Alluri Sitharama Raju,Gangavaram,Marripalem,0,1,2,0,2,1,0,1,2,3,0,0,2,1,0,0,3,0,3,0,3,0,3,2,1,0,3,3,0
2023-24,Andhra Pradesh,Alluri Sitharama Raju,Gangavaram,Amudalabanda,0,17,0,2,14,1,8,1,8,17,0,0,13,4,0,0,17,0,17,10,7,5,12,16,1,1,16,17,0
2023-24,Andhra Pradesh,Alluri Sitharama Raju,Gangavaram,Chinagarlapadu,0,0,3,1,2,0,0,2,1,3,0,0,3,0,0,0,3,0,3,3,0,1,2,3,0,0,3,3,0
2023-24,Andhra Pradesh,Alluri Sitharama Raju,Gangavaram,Pidathamamidi,0,2,0,1,1,0,1,0,1,2,0,0,2,0,0,0,2,0,2,2,0,0,2,2,0,0,2,2,0
2023-24,Andhra Pradesh,Alluri Sitharama Raju,Gangavaram,Surampalem,0,7,28,8,14,13,21,6,8,29,6,0,28,7,0,0,35,1,34,10,25,13,22,34,0,2,33,35,0
2023-24,Andhra Pradesh,Alluri Sitharama Raju,Gangavaram,Zaderu,0,2,12,1,4,9,0,10,4,10,4,0,13,1,0,0,14,0,14,3,11,3,11,14,0,2,12,14,0
2023-24,Andhra Pradesh,Alluri Sitharama Raju,Gangavaram,Doramamidi,0,0,2,1,1,0,1,0,1,2,0,0,1,1,0,0,2,0,2,1,1,1,1,2,0,0,2,1,1
2023-24,Andhra Pradesh,Alluri Sitharama Raju,Gangavaram,Goragommi,0,0,8,0,5,3,0,8,0,8,0,0,6,2,0,0,8,0,8,5,3,1,7,8,0,0,8,8,0
2023-24,Andhra Pradesh,Alluri Sitharama Raju,Gangavaram,Gangavaram,0,1,8,0,7,2,1,4,4,9,0,0,7,2,0,0,9,0,9,5,4,3,6,9,0,0,9,9,0
2023-24,Andhra Pradesh,Alluri Sitharama Raju,Gangavaram,Lakkonda,0,1,4,1,3,1,2,2,1,5,0,0,5,0,0,0,5,0,5,5,0,2,3,5,0,1,4,5,0
2023-24,Andhra Pradesh,Alluri Sitharama Raju,Gangavaram,Rajampalem,0,0,7,1,2,4,5,0,2,2,5,0,7,0,0,0,7,0,7,3,4,7,0,7,0,0,7,7,0
2023-24,Andhra Pradesh,Alluri Sitharama Raju,Gangavaram,Pandraprolu,0,0,10,0,3,6,7,0,2,9,0,0,6,4,0,0,10,0,10,7,3,10,0,8,2,1,9,9,1
2023-24,Andhra Pradesh,Alluri Sitharama Raju,Gangavaram,Jaggampalem,0,0,12,2,9,1,0,11,1,11,1,0,11,1,0,0,12,0,12,9,3,0,12,9,3,1,11,11,1
2023-24,Andhra Pradesh,Alluri Sitharama Raju,Gangavaram,Rajavaram,0,10,3,2,5,6,1,7,5,9,4,0,11,2,0,0,13,0,13,11,2,13,0,13,0,0,13,13,0
2023-24,Andhra Pradesh,Alluri Sitharama Raju,Gangavaram,Patharamavaram,0,3,0,2,1,0,0,2,1,3,0,1,0,2,0,0,3,0,3,3,0,3,0,3,0,3,0,3,0
2023-24,Andhra Pradesh,Alluri Sitharama Raju,Gangavaram,Bayyanapalle,0,10,0,8,1,1,0,6,4,10,0,1,8,1,0,0,10,0,10,6,4,7,3,10,0,6,4,10,0
2023-24,Andhra Pradesh,Alluri Sitharama Raju,Gangavaram,Molleru,0,6,7,4,6,3,5,5,3,12,1,0,11,2,0,1,9,0,13,13,0,11,2,12,1,2,11,13,0
2023-24,Andhra Pradesh,Alluri Sitharama Raju,Gangavaram,Ramuldevapuram,0,1,10,2,4,5,6,1,4,11,0,0,9,1,0,0,10,0,10,7,4,11,0,11,0,0,11,11,0
2023-24,Andhra Pradesh,Alluri Sitharama Raju,Gangavaram,Ummetha,0,13,0,12,1,0,0,13,0,13,0,0,3,10,0,0,13,0,13,12,1,13,0,12,1,13,0,13,0
2023-24,Andhra Pradesh,Alluri Sitharama Raju,Gangavaram,Nellipudi,0,3,30,1,22,10,6,18,9,32,1,0,26,7,0,0,33,1,32,27,6,33,0,30,3,1,32,31,2
2023-24,Andhra Pradesh,Alluri Sitharama Raju,Gangavaram,Vemulova,0,0,5,0,1,4,2,2,1,5,0,0,4,1,0,0,3,0,4,4,1,4,1,5,0,1,4,5,0
2023-24,Andhra Pradesh,Alluri Sitharama Raju,Gangavaram,Yellapuram,0,1,4,1,4,0,0,4,1,5,0,0,4,1,0,0,5,0,5,2,3,0,5,5,0,1,4,5,0
2023-24,Andhra Pradesh,Alluri Sitharama Raju,Gangavaram,Yendapalle,0,4,0,0,4,0,2,0,2,4,0,0,4,0,0,0,4,0,4,4,0,2,2,4,0,0,4,4,0
2023-24,Andhra Pradesh,Alluri Sitharama Raju,Gangavaram,Peda Addapalle,0,0,6,0,7,0,3,1,3,7,0,0,6,0,0,0,4,0,5,3,4,7,0,7,0,0,7,7,0
2023-24,Andhra Pradesh,Alluri Sitharama Raju,Gangavaram,Yetipalle,0,1,11,1,4,7,0,6,6,12,0,0,10,2,0,0,12,0,12,1,11,3,9,10,1,1,11,11,1
2023-24,Andhra Pradesh,Alluri Sitharama Raju,Gangavaram,China Addapalle,0,0,3,0,2,1,0,2,1,3,0,0,3,0,0,0,3,0,3,2,1,0,3,3,0,0,3,3,0
2023-24,Andhra Pradesh,Alluri Sitharama Raju,Gangavaram,E. Ramavaram,0,0,5,0,3,2,0,2,3,5,0,0,4,1,0,0,4,0,5,5,0,0,5,5,0,0,5,5,0
2023-24,Andhra Pradesh,Alluri Sitharama Raju,Gangavaram,Cheedipalem,0,4,4,1,4,3,0,3,5,8,0,0,8,0,0,0,8,0,8,6,2,0,8,7,1,1,7,8,0
2023-24,Andhra Pradesh,Alluri Sitharama Raju,Gangavaram,Komaravaram,0,5,1,3,1,2,3,0,3,1,5,1,4,1,0,0,5,0,6,1,5,5,1,6,0,4,2,2,4
2023-24,Andhra Pradesh,Alluri Sitharama Raju,Gangavaram,Mohanapuram,0,1,25,7,17,2,6,14,6,26,0,0,19,7,0,0,26,0,26,18,8,9,17,26,0,2,24,25,1
2023-24,Andhra Pradesh,Alluri Sitharama Raju,Gangavaram,Neelavaram,0,1,0,0,0,1,0,0,1,1,0,0,1,0,0,0,1,0,1,1,0,1,0,1,0,1,0,1,0
2023-24,Andhra Pradesh,Alluri Sitharama Raju,Gudem Kotha Veedhi,Gangavaram,0,9,14,16,5,2,10,4,9,22,1,2,1,20,0,1,22,0,23,21,2,2,21,23,0,3,20,23,0
2023-24,Andhra Pradesh,Alluri Sitharama Raju,Gudem Kotha Veedhi,Rallagedda,0,8,12,14,3,3,10,1,9,17,3,1,6,13,0,0,20,0,20,20,0,0,20,20,0,0,20,20,0
2023-24,Andhra Pradesh,Alluri Sitharama Raju,Gudem Kotha Veedhi,Valasagedda,0,7,4,4,5,2,6,0,5,11,0,0,9,2,0,0,11,0,11,11,0,0,11,11,0,0,11,11,0
2023-24,Andhra Pradesh,Alluri Sitharama Raju,Gudem Kotha Veedhi,Duppalawada,0,2,2,2,1,1,4,0,0,4,0,0,0,4,0,0,4,0,4,4,0,0,4,4,0,0,4,4,0
2023-24,Andhra Pradesh,Alluri Sitharama Raju,Gudem Kotha Veedhi,Damanapalle,0,9,6,11,2,2,0,5,10,12,3,0,10,5,0,0,15,0,15,15,0,7,8,15,0,0,15,15,0
2023-24,Andhra Pradesh,Alluri Sitharama Raju,Gudem Kotha Veedhi,Madimalla,0,2,0,1,1,0,1,0,1,2,0,0,1,1,0,0,2,0,2,2,0,0,2,2,0,0,2,2,0
2023-24,Andhra Pradesh,Alluri Sitharama Raju,Gudem Kotha Veedhi,Chinnajadumuru,0,4,0,3,1,0,1,2,1,3,1,0,0,4,0,0,4,0,4,4,0,0,4,4,0,0,4,4,0
2023-24,Andhra Pradesh,Alluri Sitharama Raju,Gudem Kotha Veedhi,Kodisingi,1,0,19,13,5,2,12,0,8,20,0,8,0,12,0,0,20,0,20,20,0,0,20,20,0,0,20,17,3
2023-24,Andhra Pradesh,Alluri Sitharama Raju,Gudem Kotha Veedhi,Kothagudem,0,2,0,2,0,0,0,2,0,2,0,0,1,1,0,0,2,0,2,2,0,1,1,2,0,0,2,2,0
2023-24,Andhra Pradesh,Alluri Sitharama Raju,Gudem Kotha Veedhi,Yerravaram,0,1,1,1,1,0,1,1,0,2,0,0,1,1,0,0,2,0,2,2,0,0,2,2,0,0,2,2,0
2023-24,Andhra Pradesh,Alluri Sitharama Raju,Gudem Kotha Veedhi,Yernabilli,0,3,4,6,0,1,2,2,2,5,2,1,0,5,0,0,7,0,6,4,2,0,6,6,0,1,5,6,0
2023-24,Andhra Pradesh,Alluri Sitharama Raju,Gudem Kotha Veedhi,Peddavalasa,0,2,0,2,0,0,0,1,1,1,1,0,0,2,0,2,0,0,2,2,0,1,1,2,0,2,0,2,0
2023-24,Andhra Pradesh,Alluri Sitharama Raju,Gudem Kotha Veedhi,Jadumuru,0,2,2,2,1,1,2,1,1,3,1,1,0,3,0,0,4,0,4,3,1,0,4,4,0,1,3,4,0
2023-24,Andhra Pradesh,Alluri Sitharama Raju,Gudem Kotha Veedhi,Boddamanupakalu,0,7,9,8,4,4,4,4,8,16,0,1,7,8,0,0,16,0,16,16,0,2,14,16,0,1,15,16,0
2023-24,Andhra Pradesh,Alluri Sitharama Raju,Gudem Kotha Veedhi,Vadamamidi,0,6,9,12,1,2,6,6,3,14,1,1,3,11,0,0,15,0,15,15,0,5,10,15,0,1,14,15,0
2023-24,Andhra Pradesh,Alluri Sitharama Raju,Gudem Kotha Veedhi,Kothapalem,0,6,6,4,1,7,4,7,1,10,2,1,3,8,0,2,10,0,12,10,2,3,9,12,0,0,12,12,0
2023-24,Andhra Pradesh,Alluri Sitharama Raju,Gudem Kotha Veedhi,Vanchula,0,2,18,16,2,2,6,7,7,17,3,1,0,19,0,0,20,0,20,18,2,11,9,20,0,2,18,19,1
2023-24,Andhra Pradesh,Alluri Sitharama Raju,Gudem Kotha Veedhi,Veeravaram,0,5,6,3,6,2,3,1,7,11,0,1,0,10,0,0,11,0,11,11,0,1,10,11,0,0,11,11,0
2023-24,Andhra Pradesh,Alluri Sitharama Raju,Gudem Kotha Veedhi,Vanthadapalle,0,6,6,10,1,1,2,3,7,12,0,3,0,9,0,0,12,0,12,12,0,2,10,12,0,0,12,4,8
2023-24,Andhra Pradesh,Alluri Sitharama Raju,Gudem Kotha Veedhi,Nittamamidi Palem,0,0,2,1,0,1,1,1,0,1,1,0,0,2,0,0,2,0,2,1,1,0,2,2,0,0,2,2,0
2023-24,Andhra Pradesh,Alluri Sitharama Raju,Gudem Kotha Veedhi,Jerrila,0,5,1,5,1,0,1,2,3,6,0,1,4,1,0,0,6,0,6,4,2,1,5,6,0,0,6,4,2
2023-24,Andhra Pradesh,Alluri Sitharama Raju,Gudem Kotha Veedhi,Panasapalle,0,3,6,7,2,0,0,8,1,8,1,3,0,6,0,0,9,0,9,9,0,4,5,9,0,0,9,9,0
2023-24,Andhra Pradesh,Alluri Sitharama Raju,Gudem Kotha Veedhi,Petrai,0,4,0,3,1,0,0,1,3,4,0,1,0,3,0,0,4,0,4,4,0,0,4,4,0,0,4,4,0
2023-24,Andhra Pradesh,Alluri Sitharama Raju,Gudem Kotha Veedhi,Nimmachettu,0,5,3,2,5,1,0,5,3,8,0,0,4,4,0,0,8,0,8,8,0,1,7,8,0,0,8,5,3
2023-24,Andhra Pradesh,Alluri Sitharama Raju,Gudem Kotha Veedhi,Gollapalle,0,4,0,0,2,2,3,0,1,3,1,0,2,2,0,0,4,0,4,4,0,0,4,4,0,0,4,3,1
2023-24,Andhra Pradesh,Alluri Sitharama Raju,Gudem Kotha Veedhi,Pebbampalle,0,1,6,5,0,2,4,2,1,7,0,1,5,1,0,0,7,0,7,7,0,5,2,7,0,0,7,3,4
2023-24,Andhra Pradesh,Alluri Sitharama Raju,Gudem Kotha Veedhi,Agraharam,0,2,1,2,1,0,1,0,2,2,1,0,2,1,0,0,3,0,3,3,0,0,3,3,0,0,3,2,1
2023-24,Andhra Pradesh,Alluri Sitharama Raju,Gudem Kotha Veedhi,Neredupalle,0,6,5,10,1,0,5,0,6,10,1,5,1,5,0,0,11,0,11,11,0,0,11,11,0,0,11,11,0
2023-24,Andhra Pradesh,Alluri Sitharama Raju,Gudem Kotha Veedhi,Gummirevulu,0,3,7,4,4,2,5,0,5,9,1,0,5,5,0,0,10,0,10,10,0,0,10,10,0,0,10,10,0
2023-24,Andhra Pradesh,Alluri Sitharama Raju,Gudem Kotha Veedhi,Tadakapalle,0,0,2,2,0,0,1,1,0,2,0,0,1,1,0,0,2,0,2,2,0,1,1,2,0,0,2,2,0
2023-24,Andhra Pradesh,Alluri Sitharama Raju,Gudem Kotha Veedhi,Galikonda,0,2,3,1,2,2,2,0,3,4,1,0,1,4,0,0,5,0,5,5,0,2,3,5,0,0,5,5,0
2023-24,Andhra Pradesh,Alluri Sitharama Raju,Gudem Kotha Veedhi,Pujaripakalu,1,6,12,9,5,5,12,6,1,15,4,0,8,11,0,0,19,0,19,19,0,3,16,19,0,0,19,14,5
2023-24,Andhra Pradesh,Alluri Sitharama Raju,Gudem Kotha Veedhi,Gudem Kotha Veedhi,0,1,7,5,1,2,5,2,1,8,0,0,6,2,0,0,8,0,8,8,0,5,3,8,0,0,8,5,3
2023-24,Andhra Pradesh,Alluri Sitharama Raju,Gudem Kotha Veedhi,Cheedigunta,0,12,19,25,0,6,4,13,14,30,1,2,13,16,0,0,31,0,31,30,1,12,19,31,0,0,31,27,4
2023-24,Andhra Pradesh,Alluri Sitharama Raju,Gudem Kotha Veedhi,Kongapakalu,0,3,0,2,0,1,0,3,0,1,2,3,0,0,0,0,3,0,3,2,1,1,2,3,0,3,0,3,0
2023-24,Andhra Pradesh,Alluri Sitharama Raju,Gudem Kotha Veedhi,Gudiwada,0,1,0,1,0,0,1,0,0,1,0,0,0,1,0,0,1,0,1,1,0,0,1,1,0,0,1,1,0
2023-24,Andhra Pradesh,Alluri Sitharama Raju,Gudem Kotha Veedhi,Rampulu,0,1,0,1,0,0,0,1,0,0,1,1,0,0,0,0,1,0,1,1,0,0,1,1,0,1,0,1,0
2023-24,Andhra Pradesh,Alluri Sitharama Raju,Gudem Kotha Veedhi,Chaparathipalem,0,3,0,3,0,0,0,3,0,2,1,1,0,2,0,3,0,0,3,3,0,0,3,3,0,2,1,3,0
2023-24,Andhra Pradesh,Alluri Sitharama Raju,Gudem Kotha Veedhi,Doddikonda,0,8,2,10,0,0,0,6,4,10,0,0,3,7,0,0,10,0,10,10,0,2,8,10,0,0,10,9,1
2023-24,Andhra Pradesh,Alluri Sitharama Raju,Gudem Kotha Veedhi,Pippaladoddi,0,7,2,5,2,2,0,4,5,9,0,0,1,8,0,0,9,0,9,9,0,1,8,9,0,0,9,9,0
2023-24,Andhra Pradesh,Alluri Sitharama Raju,Gudem Kotha Veedhi,Mangalapalem,0,11,16,18,4,5,0,15,12,25,2,0,16,11,0,0,27,0,27,22,5,2,25,27,0,1,26,27,0
2023-24,Andhra Pradesh,Alluri Sitharama Raju,Gudem Kotha Veedhi,Sankada,0,7,5,9,1,2,7,1,2,11,1,2,0,8,0,1,10,0,10,6,4,0,10,10,0,0,11,10,0
2023-24,Andhra Pradesh,Alluri Sitharama Raju,Gudem Kotha Veedhi,Neelavaram,0,12,9,9,4,8,8,6,7,18,3,0,6,15,0,0,21,1,20,21,0,10,11,21,0,0,21,20,1
2023-24,Andhra Pradesh,Alluri Sitharama Raju,Gudem Kotha Veedhi,Ducharapalem,0,8,8,9,6,1,0,5,11,15,1,1,4,11,0,0,16,0,16,16,0,0,16,16,0,0,16,16,0
2023-24,Andhra Pradesh,Alluri Sitharama Raju,Gudem Kotha Veedhi,Devarapalle,1,4,9,11,0,3,4,3,7,14,0,4,0,10,0,0,14,0,14,14,0,0,14,14,0,0,14,10,4
2023-24,Andhra Pradesh,Alluri Sitharama Raju,Gudem Kotha Veedhi,Lakkavarapupeta,1,4,18,17,1,5,10,6,7,17,6,7,0,16,0,1,22,0,23,23,0,6,17,23,0,1,22,23,0
2023-24,Andhra Pradesh,Alluri Sitharama Raju,Gudem Kotha Veedhi,Vusurugudem,0,7,1,8,0,0,3,1,4,7,1,0,3,5,0,0,8,0,8,8,0,0,8,8,0,0,8,8,0
2023-24,Andhra Pradesh,Alluri Sitharama Raju,Gudem Kotha Veedhi,Rallagedda,0,4,3,3,4,0,0,4,3,7,0,2,0,5,0,0,7,0,7,3,4,3,4,7,0,1,6,7,0
2023-24,Andhra Pradesh,Alluri Sitharama Raju,Gudem Kotha Veedhi,Kakanuru,0,2,7,5,1,3,5,0,4,7,2,1,2,6,0,0,9,1,8,9,0,0,9,9,0,0,9,9,0
2023-24,Andhra Pradesh,Alluri Sitharama Raju,Gudem Kotha Veedhi,Chekkalamaddi,0,1,4,2,3,0,0,1,4,5,0,0,0,5,0,0,5,0,5,5,0,0,5,5,0,0,5,3,2
2023-24,Andhra Pradesh,Alluri Sitharama Raju,Gudem Kotha Veedhi,Yebulum,0,10,15,19,3,3,2,10,13,19,6,0,8,17,1,0,24,0,25,22,3,2,23,25,0,0,25,23,2
2023-24,Andhra Pradesh,Alluri Sitharama Raju,Hukumpeta,Veerendla,0,2,0,0,0,3,0,0,3,3,0,1,0,1,0,0,1,0,1,2,1,0,3,3,0,3,0,3,0
2023-24,Andhra Pradesh,Alluri Sitharama Raju,Hukumpeta,Daragedda,0,2,8,0,9,1,0,0,10,10,0,6,0,4,0,0,10,0,10,8,2,0,10,9,1,0,10,10,0
2023-24,Andhra Pradesh,Alluri Sitharama Raju,Hukumpeta,Peda Nandiputtu,0,9,6,4,5,7,0,1,15,16,0,3,1,10,0,0,14,0,14,4,12,0,16,10,6,16,0,9,7
2023-24,Andhra Pradesh,Alluri Sitharama Raju,Hukumpeta,Sesaipanuku,0,1,0,1,0,0,0,0,1,1,0,1,0,0,0,0,1,0,1,1,0,0,1,1,0,0,1,0,1
2023-24,Andhra Pradesh,Alluri Sitharama Raju,Hukumpeta,Sarasapadu,0,6,12,0,15,3,0,0,18,18,0,6,0,12,0,0,18,0,18,17,1,0,17,7,11,0,18,13,5
2023-24,Andhra Pradesh,Alluri Sitharama Raju,Hukumpeta,Chittampadu,0,2,0,0,2,0,0,0,2,2,0,0,0,2,0,0,2,0,2,0,2,0,2,2,0,2,0,0,2
2023-24,Andhra Pradesh,Alluri Sitharama Raju,Hukumpeta,Goppulapalem,0,0,5,0,5,0,0,2,3,5,0,0,0,5,0,0,5,0,5,2,3,0,5,4,1,5,0,3,2
2023-24,Andhra Pradesh,Alluri Sitharama Raju,Hukumpeta,Dabbagaruvu,0,0,1,1,0,0,0,0,1,1,0,0,1,0,0,1,0,0,1,1,0,0,1,1,0,1,0,1,0
2023-24,Andhra Pradesh,Alluri Sitharama Raju,Hukumpeta,Bakuru,2,3,3,2,5,1,1,0,7,7,1,1,0,7,0,0,8,0,8,3,5,2,6,6,2,8,0,5,3
2023-24,Andhra Pradesh,Alluri Sitharama Raju,Hukumpeta,Nurupanuku,0,5,0,2,1,2,0,0,5,5,0,5,0,0,0,0,5,0,5,0,5,0,5,1,4,5,0,5,0
2023-24,Andhra Pradesh,Alluri Sitharama Raju,Hukumpeta,M.Kothavuru,0,5,11,1,15,0,0,2,14,16,0,0,2,14,0,0,16,0,16,6,10,0,16,14,2,0,16,8,8
2023-24,Andhra Pradesh,Alluri Sitharama Raju,Hukumpeta,Mulusobha,0,0,1,0,1,0,0,0,1,1,0,1,0,0,0,0,1,0,1,1,0,0,1,0,1,1,0,1,0
2023-24,Andhra Pradesh,Alluri Sitharama Raju,Hukumpeta,Matham,0,1,2,0,3,0,0,1,2,3,0,2,0,1,0,0,3,0,3,3,0,0,3,3,0,0,3,2,1
2023-24,Andhra Pradesh,Alluri Sitharama Raju,Hukumpeta,Boorja,0,2,0,0,2,0,0,0,2,2,0,0,0,2,0,0,2,0,2,0,2,0,2,0,2,0,2,0,2
2023-24,Andhra Pradesh,Alluri Sitharama Raju,Hukumpeta,Pattam,0,3,4,0,5,2,0,1,6,7,0,0,0,7,0,0,7,1,6,6,1,1,6,6,1,7,0,4,3
2023-24,Andhra Pradesh,Alluri Sitharama Raju,Hukumpeta,Kodeli,0,6,19,1,12,12,0,3,22,25,0,0,8,17,0,0,25,1,23,8,17,1,24,15,10,25,0,14,11
2023-24,Andhra Pradesh,Alluri Sitharama Raju,Hukumpeta,Rudi @ Degarudi,0,2,9,0,11,0,0,0,11,11,0,1,3,7,0,0,11,0,11,11,0,0,11,9,2,11,0,5,6
2023-24,Andhra Pradesh,Alluri Sitharama Raju,Hukumpeta,Mangalamamidi,0,0,3,0,3,0,0,2,1,3,0,0,0,3,0,0,3,0,3,0,3,1,2,0,3,0,3,3,0
2023-24,Andhra Pradesh,Alluri Sitharama Raju,Hukumpeta,Chintalaveedhi,0,5,5,0,6,4,0,0,11,11,0,4,1,4,0,0,6,0,7,10,1,0,11,6,6,11,0,10,2
2023-24,Andhra Pradesh,Alluri Sitharama Raju,Hukumpeta,Urrada,0,9,2,1,10,0,0,0,11,10,1,4,1,6,0,2,9,0,11,10,1,0,11,10,1,11,0,10,1
2023-24,Andhra Pradesh,Alluri Sitharama Raju,Hukumpeta,Hukumpeta,0,1,0,0,1,0,0,0,1,1,0,0,0,1,0,0,1,0,1,1,0,0,1,1,0,1,0,1,0
2023-24,Andhra Pradesh,Alluri Sitharama Raju,Hukumpeta,Chatraiputtu,0,9,1,2,4,4,0,0,10,10,0,3,2,5,0,0,7,0,9,3,7,1,9,9,1,10,0,6,4
2023-24,Andhra Pradesh,Alluri Sitharama Raju,Hukumpeta,Gadugupalle,0,15,11,3,11,12,0,0,26,25,1,3,0,23,0,0,26,0,26,17,9,1,25,20,6,25,1,21,5
2023-24,Andhra Pradesh,Alluri Sitharama Raju,Hukumpeta,Andiba,0,0,11,1,5,5,0,0,11,11,0,8,0,3,0,0,11,0,11,3,8,0,11,7,4,8,3,7,4
2023-24,Andhra Pradesh,Alluri Sitharama Raju,Hukumpeta,Teegalavalasa,0,14,5,0,13,7,0,0,20,20,0,0,1,17,0,0,13,0,15,10,10,1,19,14,6,18,2,16,4
2023-24,Andhra Pradesh,Alluri Sitharama Raju,Hukumpeta,Chilakalaputtu,0,2,10,0,10,2,0,0,12,12,0,3,1,8,0,0,12,0,12,10,2,1,11,6,6,12,0,4,8
2023-24,Andhra Pradesh,Alluri Sitharama Raju,Hukumpeta,Kamayyapeta,0,3,0,2,1,0,0,0,3,3,0,1,2,0,0,0,3,0,3,3,0,0,3,3,0,1,2,1,2
2023-24,Andhra Pradesh,Alluri Sitharama Raju,Hukumpeta,Sundruputtu,0,8,2,0,5,5,0,0,10,10,0,3,1,6,0,1,9,0,10,5,5,0,10,8,2,9,1,4,6
2023-24,Andhra Pradesh,Alluri Sitharama Raju,Hukumpeta,Sobakota,0,4,8,4,5,3,2,0,10,12,0,1,1,10,0,0,12,0,12,10,2,1,11,4,8,11,1,10,2
2023-24,Andhra Pradesh,Alluri Sitharama Raju,Hukumpeta,Arlada,0,7,3,1,4,5,0,0,10,10,0,3,2,5,0,0,10,0,10,7,3,1,9,7,3,10,0,9,1
2023-24,Andhra Pradesh,Alluri Sitharama Raju,Hukumpeta,Amuru,0,8,6,4,5,5,0,0,14,15,0,0,3,11,0,1,13,0,14,15,0,0,15,10,5,0,15,12,3
2023-24,Andhra Pradesh,Alluri Sitharama Raju,Hukumpeta,Rangapalle,0,1,15,0,16,0,0,1,15,15,1,3,0,13,0,0,16,0,16,10,6,1,15,11,5,15,1,10,6
2023-24,Andhra Pradesh,Alluri Sitharama Raju,Hukumpeta,Masada,0,8,7,0,13,2,0,0,15,15,0,6,1,7,0,0,13,0,14,11,4,0,15,8,7,14,1,13,2
2023-24,Andhra Pradesh,Alluri Sitharama Raju,Hukumpeta,D.Chintalaveedhi,2,18,35,5,37,13,0,8,47,55,0,14,3,38,0,0,54,0,55,36,19,4,51,34,21,54,1,39,16
2023-24,Andhra Pradesh,Alluri Sitharama Raju,Hukumpeta,Tadigiri,0,5,4,3,1,5,0,0,9,10,0,0,2,7,0,0,8,0,9,6,4,0,10,6,4,2,8,8,2
2023-24,Andhra Pradesh,Alluri Sitharama Raju,Hukumpeta,Baluroda,0,11,10,2,14,5,0,0,21,21,0,2,0,19,0,0,21,1,20,12,9,1,20,18,3,21,0,12,9
2023-24,Andhra Pradesh,Alluri Sitharama Raju,Hukumpeta,Ontipaka,0,0,10,2,5,3,0,0,10,10,0,0,2,8,0,0,10,0,10,5,5,1,9,6,4,10,0,8,2
2023-24,Andhra Pradesh,Alluri Sitharama Raju,Hukumpeta,Duggam,0,3,7,2,7,1,0,0,10,10,0,2,0,8,0,0,10,0,10,10,0,0,10,4,6,10,0,8,2
2023-24,Andhra Pradesh,Alluri Sitharama Raju,Hukumpeta,Cheediputtu,0,1,0,0,0,1,0,0,1,1,0,0,0,1,0,0,1,0,1,1,0,0,1,0,1,0,1,1,0
2023-24,Andhra Pradesh,Alluri Sitharama Raju,Hukumpeta,Palamamidi,0,1,0,0,1,0,0,0,1,1,0,0,0,1,0,0,1,0,1,1,0,0,1,1,0,0,1,1,0
2023-24,Andhra Pradesh,Alluri Sitharama Raju,Hukumpeta,Donkinavalasa,0,2,10,0,12,0,0,0,12,12,0,0,3,9,0,0,11,0,12,5,7,2,10,0,12,12,0,6,6
2023-24,Andhra Pradesh,Alluri Sitharama Raju,Hukumpeta,Patiguruvu,0,1,6,0,7,0,0,0,7,7,0,1,0,6,0,0,5,0,6,7,0,0,7,5,2,0,7,3,4
2023-24,Andhra Pradesh,Alluri Sitharama Raju,Hukumpeta,Bangarubuddi,0,1,0,0,0,1,0,0,1,1,0,1,0,0,0,0,1,0,1,0,1,0,1,1,0,0,1,0,1
2023-24,Andhra Pradesh,Alluri Sitharama Raju,Hukumpeta,Gedelapadu,0,7,14,2,11,8,0,0,21,21,0,8,0,13,0,0,21,0,21,17,4,1,20,11,10,14,7,11,10
2023-24,Andhra Pradesh,Alluri Sitharama Raju,Hukumpeta,Merakachinta,0,5,7,0,9,3,1,1,10,12,0,2,0,10,0,0,12,1,11,8,4,0,12,8,4,12,0,9,3
2023-24,Andhra Pradesh,Alluri Sitharama Raju,Hukumpeta,Gasarapalle,0,0,5,0,5,0,0,0,5,5,0,0,1,4,0,0,5,0,5,5,0,0,5,4,1,5,0,5,0
2023-24,Andhra Pradesh,Alluri Sitharama Raju,Hukumpeta,Gangudi,0,10,11,1,8,12,0,1,20,20,1,3,1,17,0,0,21,0,21,12,9,2,19,16,5,20,1,17,4
2023-24,Andhra Pradesh,Alluri Sitharama Raju,Hukumpeta,Bheemavaram,0,0,6,0,5,1,0,0,6,6,0,1,0,5,0,0,6,0,6,5,1,1,5,3,3,0,6,5,1
2023-24,Andhra Pradesh,Alluri Sitharama Raju,Hukumpeta,Maddiputtu,0,0,4,1,3,0,0,0,4,4,0,1,0,3,0,0,4,0,4,2,2,1,3,1,3,4,0,2,2
2023-24,Andhra Pradesh,Alluri Sitharama Raju,Hukumpeta,Ramachandrapuram,0,3,1,1,2,1,0,0,4,4,0,2,1,1,0,0,4,0,4,3,1,1,3,2,2,4,0,3,1
2023-24,Andhra Pradesh,Alluri Sitharama Raju,Hukumpeta,Sukuru,0,0,3,0,1,2,0,0,3,3,0,2,0,1,0,0,3,0,3,3,0,0,3,0,3,3,0,3,0
2023-24,Andhra Pradesh,Alluri Sitharama Raju,Hukumpeta,Burmanguda,0,7,0,0,2,5,0,0,7,7,0,2,0,5,0,0,7,0,7,1,6,0,7,7,0,0,7,1,6
2023-24,Andhra Pradesh,Alluri Sitharama Raju,Hukumpeta,Kanguputtu,0,1,2,1,1,1,0,0,3,3,0,2,0,1,0,0,3,0,3,2,1,0,3,3,0,0,3,3,0
2023-24,Andhra Pradesh,Alluri Sitharama Raju,Hukumpeta,Jakaramputtu,0,10,0,2,2,6,0,0,10,10,0,4,0,6,0,0,8,0,10,2,8,0,10,10,0,10,0,1,9
2023-24,Andhra Pradesh,Alluri Sitharama Raju,Hukumpeta,Kulapadu,0,9,0,0,3,6,0,0,9,9,0,7,0,2,0,0,9,0,9,1,8,0,9,5,4,0,9,9,0
2023-24,Andhra Pradesh,Alluri Sitharama Raju,Hukumpeta,Koditala,0,13,0,6,3,4,1,0,12,13,0,4,0,9,0,0,13,0,13,7,6,0,13,9,4,0,13,13,0
2023-24,Andhra Pradesh,Alluri Sitharama Raju,Hukumpeta,Bairodivalasa @ Uppa,1,0,0,1,0,0,0,0,1,1,0,0,0,1,0,1,0,0,1,1,0,1,0,1,0,1,0,1,0
2023-24,Andhra Pradesh,Alluri Sitharama Raju,Hukumpeta,Pedirai,0,1,0,0,0,1,0,0,1,1,0,1,0,0,0,0,1,0,1,0,1,0,1,1,0,1,0,1,0
2023-24,Andhra Pradesh,Alluri Sitharama Raju,Hukumpeta,Maddiputtu,0,0,1,1,0,0,0,1,0,1,0,1,0,0,0,0,1,0,1,1,0,0,1,1,0,1,0,1,0
2023-24,Andhra Pradesh,Alluri Sitharama Raju,Hukumpeta,Gatham,0,0,1,0,1,0,0,0,1,1,0,1,0,0,0,0,1,0,1,1,0,0,1,0,1,1,0,1,0
2023-24,Andhra Pradesh,Alluri Sitharama Raju,Hukumpeta,Vallangiputtu,0,0,1,1,0,0,0,1,0,1,0,0,1,0,0,0,1,0,1,1,0,1,0,1,0,1,0,1,0
2023-24,Andhra Pradesh,Alluri Sitharama Raju,Hukumpeta,Marripalem,0,4,5,0,9,0,0,2,8,10,0,0,0,9,0,0,7,0,7,4,6,0,10,10,0,10,0,4,6
2023-24,Andhra Pradesh,Alluri Sitharama Raju,Hukumpeta,Pathakota,0,0,2,0,2,0,0,0,2,2,0,0,0,1,0,0,1,0,1,2,0,0,2,1,1,2,0,1,1
2023-24,Andhra Pradesh,Alluri Sitharama Raju,Hukumpeta,Konthili,0,3,1,0,4,0,0,0,4,4,0,3,0,1,0,0,4,0,4,1,3,0,4,2,2,1,3,2,2
2023-24,Andhra Pradesh,Alluri Sitharama Raju,Hukumpeta,Beeram,0,5,0,1,3,1,0,0,5,5,0,3,0,2,0,0,5,0,5,0,5,0,5,5,0,0,5,3,2
2023-24,Andhra Pradesh,Alluri Sitharama Raju,Hukumpeta,Kontapalle,0,16,3,2,8,9,2,0,18,18,2,3,4,12,0,0,18,0,18,11,9,2,18,18,2,19,1,11,9
2023-24,Andhra Pradesh,Alluri Sitharama Raju,Hukumpeta,Pedagaruvu,0,0,9,0,9,0,0,0,9,9,0,0,0,9,0,0,9,0,9,7,2,0,9,4,5,9,0,6,3
2023-24,Andhra Pradesh,Alluri Sitharama Raju,Hukumpeta,Kunturla,0,0,1,0,1,0,0,0,1,1,0,1,0,0,0,0,1,0,1,1,0,0,1,1,0,1,0,1,0
2023-24,Andhra Pradesh,Alluri Sitharama Raju,Hukumpeta,M.Boddaputtu,0,1,10,0,11,0,0,3,8,11,0,1,0,10,0,0,11,1,10,7,4,0,11,7,4,0,11,4,7
2023-24,Andhra Pradesh,Alluri Sitharama Raju,Hukumpeta,Gotchari,0,10,15,4,15,6,0,0,25,25,0,6,4,15,0,1,24,0,25,20,5,0,25,17,8,23,2,21,4
2023-24,Andhra Pradesh,Alluri Sitharama Raju,Hukumpeta,Nakkalaputtu,1,13,10,2,15,7,1,1,23,24,1,4,3,17,0,0,22,0,23,13,12,3,22,11,14,13,12,17,8
2023-24,Andhra Pradesh,Alluri Sitharama Raju,Hukumpeta,Bijjapalle,0,0,2,2,0,0,0,0,2,0,2,0,1,1,0,1,1,0,2,2,0,1,1,2,0,2,0,2,0
2023-24,Andhra Pradesh,Alluri Sitharama Raju,Hukumpeta,Rangaseela,0,16,6,1,15,6,0,0,22,22,0,4,3,15,0,0,22,0,22,21,1,0,22,15,7,22,0,16,6
2023-24,Andhra Pradesh,Alluri Sitharama Raju,Hukumpeta,Vukkurba,0,4,9,0,8,5,0,0,13,13,0,1,0,12,0,0,11,0,12,11,2,0,13,9,4,0,13,11,2
2023-24,Andhra Pradesh,Alluri Sitharama Raju,Hukumpeta,Boddapattu (Pathakota),0,1,11,1,11,0,1,0,11,12,0,1,0,11,0,0,12,0,12,5,7,0,12,11,1,1,11,7,5
2023-24,Andhra Pradesh,Alluri Sitharama Raju,Hukumpeta,Malaguda,0,1,0,1,0,0,0,1,0,0,1,0,0,1,0,0,1,0,1,0,1,1,0,1,0,1,0,1,0
2023-24,Andhra Pradesh,Alluri Sitharama Raju,Hukumpeta,Boddaputtu,0,12,3,2,10,4,0,0,16,16,0,3,2,10,0,0,15,0,15,5,11,0,16,12,4,16,0,6,10
2023-24,Andhra Pradesh,Alluri Sitharama Raju,Hukumpeta,Dalemputtu,0,6,1,1,2,4,0,0,7,7,0,2,0,5,0,0,7,0,7,1,6,0,7,6,1,7,0,2,5
2023-24,Andhra Pradesh,Alluri Sitharama Raju,Koyyuru,Gopavaram,0,0,1,1,0,0,0,1,0,0,1,1,0,0,0,0,1,0,1,1,0,1,0,1,0,0,1,1,0
2023-24,Andhra Pradesh,Alluri Sitharama Raju,Koyyuru,Paradesipakalu,0,2,7,4,2,3,8,0,1,0,9,0,0,0,0,0,9,0,9,9,0,6,3,9,0,9,0,9,0
2023-24,Andhra Pradesh,Alluri Sitharama Raju,Koyyuru,Kinchavanipalem,0,0,6,3,1,2,0,3,3,6,0,0,2,4,0,0,6,0,6,3,3,5,1,6,0,2,4,6,0
2023-24,Andhra Pradesh,Alluri Sitharama Raju,Koyyuru,Ginjarthi,2,0,7,9,0,0,7,0,2,7,2,5,0,4,0,0,9,0,9,6,2,5,3,9,0,0,9,9,0
2023-24,Andhra Pradesh,Alluri Sitharama Raju,Koyyuru,Panasalapadu,5,0,2,6,0,1,7,0,0,5,2,5,0,2,0,0,7,0,7,6,1,7,0,7,0,0,7,7,0
2023-24,Andhra Pradesh,Alluri Sitharama Raju,Koyyuru,Chintalapudi,1,5,8,10,2,2,1,1,12,11,3,1,1,12,0,0,13,0,14,12,2,10,4,14,0,3,11,14,0
2023-24,Andhra Pradesh,Alluri Sitharama Raju,Koyyuru,Ramarajupalem,0,1,0,1,0,0,0,0,1,1,0,1,0,0,0,0,1,0,1,1,0,1,0,1,0,0,1,1,0
2023-24,Andhra Pradesh,Alluri Sitharama Raju,Koyyuru,Valasarajupadu,4,3,10,17,0,0,6,6,5,17,0,1,0,16,0,0,17,0,17,13,4,10,7,17,0,0,17,17,0
2023-24,Andhra Pradesh,Alluri Sitharama Raju,Koyyuru,Anthada,0,2,0,2,0,0,1,0,1,2,0,0,1,1,0,0,2,0,2,2,0,0,2,2,0,2,0,2,0
2023-24,Andhra Pradesh,Alluri Sitharama Raju,Koyyuru,Ravanapalle,1,10,10,17,1,3,14,1,6,11,10,0,1,1,0,0,21,0,21,20,1,15,6,21,0,15,6,21,0
2023-24,Andhra Pradesh,Alluri Sitharama Raju,Koyyuru,Kommika,2,15,34,36,7,8,47,1,3,43,8,16,7,28,0,0,51,0,51,43,8,31,20,50,1,0,51,51,0
2023-24,Andhra Pradesh,Alluri Sitharama Raju,Koyyuru,Yerrinaidu Pakalu,0,2,7,8,1,0,7,0,2,2,7,0,2,0,0,0,8,0,9,7,2,1,8,8,1,9,0,9,0
2023-24,Andhra Pradesh,Alluri Sitharama Raju,Koyyuru,Gummadimanupalem,0,0,2,1,0,1,0,2,0,0,2,0,0,2,0,0,2,0,2,2,0,2,0,2,0,0,2,2,0
2023-24,Andhra Pradesh,Alluri Sitharama Raju,Koyyuru,Pedamakavaram,0,2,9,11,0,0,1,9,1,10,1,4,0,7,0,0,10,0,11,8,3,9,2,11,0,0,11,11,0
2023-24,Andhra Pradesh,Alluri Sitharama Raju,Koyyuru,Ganugula,3,0,0,3,0,0,0,3,0,3,0,0,0,3,0,0,3,0,3,3,0,0,3,3,0,0,3,3,0
2023-24,Andhra Pradesh,Alluri Sitharama Raju,Koyyuru,Kothuru,0,0,2,2,0,0,0,2,0,2,0,1,0,1,0,0,2,0,2,2,0,1,1,2,0,0,2,2,0
2023-24,Andhra Pradesh,Alluri Sitharama Raju,Koyyuru,Ramannapalem,1,3,3,7,0,0,0,4,3,7,0,4,0,3,0,0,7,0,7,7,0,4,3,7,0,0,7,7,0
2023-24,Andhra Pradesh,Alluri Sitharama Raju,Koyyuru,Dharmavaram,1,0,1,2,0,0,0,1,1,2,0,2,0,0,0,0,2,0,2,2,0,0,2,2,0,0,2,2,0
2023-24,Andhra Pradesh,Alluri Sitharama Raju,Koyyuru,Ravimanupalem,0,5,15,19,0,1,1,17,2,16,4,2,2,16,0,0,20,0,20,18,2,13,7,20,0,0,20,20,0
2023-24,Andhra Pradesh,Alluri Sitharama Raju,Koyyuru,Nallagonda,1,0,6,7,0,0,5,1,1,6,1,0,0,0,0,0,7,0,7,5,2,6,1,7,0,5,2,7,0
2023-24,Andhra Pradesh,Alluri Sitharama Raju,Koyyuru,Kathiralloddi,0,2,0,2,0,0,1,0,1,2,0,0,0,2,0,0,2,0,2,2,0,1,1,2,0,0,2,2,0
2023-24,Andhra Pradesh,Alluri Sitharama Raju,Koyyuru,Nadimpalem,0,2,0,1,0,1,0,0,2,2,0,0,0,2,0,0,2,0,2,2,0,0,2,2,0,2,0,2,0
2023-24,Andhra Pradesh,Alluri Sitharama Raju,Koyyuru,Seekayipalem,0,0,5,4,0,1,0,2,3,4,1,1,0,4,0,0,5,0,5,5,0,3,2,5,0,0,5,5,0
2023-24,Andhra Pradesh,Alluri Sitharama Raju,Koyyuru,Kothapalem,6,1,4,9,1,1,1,8,2,11,0,7,1,3,0,0,11,0,11,11,0,8,3,11,0,0,11,11,0
2023-24,Andhra Pradesh,Alluri Sitharama Raju,Koyyuru,Velagalapalem,0,6,7,11,0,2,3,10,0,8,5,0,0,13,0,0,13,0,13,12,1,5,8,13,0,0,13,13,0
2023-24,Andhra Pradesh,Alluri Sitharama Raju,Koyyuru,Pothavaram,3,8,10,10,3,8,0,6,15,12,9,2,1,18,0,0,20,0,21,15,6,15,6,21,0,0,21,21,0
2023-24,Andhra Pradesh,Alluri Sitharama Raju,Koyyuru,Nallagonda,0,1,3,2,1,1,0,3,1,2,2,0,0,4,0,0,4,0,4,3,1,0,4,4,0,0,3,4,0
2023-24,Andhra Pradesh,Alluri Sitharama Raju,Koyyuru,Lubbarthi,0,1,0,1,0,0,1,0,0,1,0,0,1,0,0,0,1,0,1,1,0,1,0,1,0,1,0,1,0
2023-24,Andhra Pradesh,Alluri Sitharama Raju,Koyyuru,Singavaram,0,13,4,16,0,1,0,0,17,14,3,0,3,14,0,0,15,0,17,15,2,8,9,17,0,0,17,17,0
2023-24,Andhra Pradesh,Alluri Sitharama Raju,Koyyuru,Cheedipalem,0,5,7,8,2,2,0,4,8,10,2,0,1,11,0,0,12,0,12,10,2,9,3,12,0,5,7,12,0
2023-24,Andhra Pradesh,Alluri Sitharama Raju,Koyyuru,Revallu,1,23,26,38,3,9,0,16,34,36,14,13,4,33,0,0,50,0,50,48,2,34,16,50,0,3,47,50,0
2023-24,Andhra Pradesh,Alluri Sitharama Raju,Koyyuru,Gangavaram,0,4,15,7,5,7,1,8,10,19,0,1,1,17,0,0,19,0,19,12,7,13,6,19,0,3,16,19,0
2023-24,Andhra Pradesh,Alluri Sitharama Raju,Koyyuru,Mampa,0,2,29,14,11,6,0,18,13,31,0,0,5,26,0,0,30,0,30,27,4,22,9,31,0,7,24,31,0
2023-24,Andhra Pradesh,Alluri Sitharama Raju,Koyyuru,Thallapalem,0,0,2,1,0,1,0,1,1,2,0,0,2,0,0,0,2,0,2,2,0,1,1,2,0,0,2,2,0
2023-24,Andhra Pradesh,Alluri Sitharama Raju,Koyyuru,Pidathamamidi,3,0,11,10,0,4,0,11,3,9,5,2,1,11,0,0,13,0,13,7,7,13,1,12,2,2,11,14,0
2023-24,Andhra Pradesh,Alluri Sitharama Raju,Koyyuru,Marriwada,0,13,9,15,1,6,0,8,14,22,0,3,7,12,0,0,22,0,22,17,5,9,13,20,2,2,20,22,0
2023-24,Andhra Pradesh,Alluri Sitharama Raju,Koyyuru,Budaralla,0,16,32,39,4,5,2,13,33,37,11,4,8,35,0,0,45,0,46,44,4,33,15,48,0,2,46,48,0
2023-24,Andhra Pradesh,Alluri Sitharama Raju,Koyyuru,Gudapalle,1,6,7,6,5,3,0,8,6,14,0,7,1,6,0,0,14,0,14,9,5,10,4,14,0,3,11,14,0
2023-24,Andhra Pradesh,Alluri Sitharama Raju,Koyyuru,Katragedda,0,4,5,7,0,2,0,8,1,7,2,2,0,7,0,0,9,0,9,5,4,7,2,9,0,0,9,9,0
2023-24,Andhra Pradesh,Alluri Sitharama Raju,Koyyuru,Ganerlapalem,5,0,2,7,0,0,0,7,0,7,0,0,0,7,0,0,7,0,7,7,0,4,3,7,0,0,7,7,0
2023-24,Andhra Pradesh,Alluri Sitharama Raju,Koyyuru,Gamakonda,0,1,0,0,0,1,0,1,0,0,1,0,0,1,0,0,1,0,1,1,0,1,0,1,0,0,1,1,0
2023-24,Andhra Pradesh,Alluri Sitharama Raju,Koyyuru,Nadimpalem,0,2,17,5,4,10,9,0,10,17,2,1,0,18,0,0,19,0,18,18,1,16,3,19,0,1,18,19,0
2023-24,Andhra Pradesh,Alluri Sitharama Raju,Koyyuru,Ankampalem,6,8,15,22,0,7,7,11,11,0,29,28,0,1,0,0,29,0,29,25,4,20,9,29,0,29,0,29,0
2023-24,Andhra Pradesh,Alluri Sitharama Raju,Koyyuru,Thotaluru,0,1,0,1,0,0,1,0,0,0,1,0,0,0,0,0,1,0,1,1,0,0,1,1,0,1,0,1,0
2023-24,Andhra Pradesh,Alluri Sitharama Raju,Koyyuru,Downuru,2,1,4,3,0,4,0,7,0,7,0,3,1,3,0,0,7,1,6,7,0,0,7,7,0,1,6,7,0
2023-24,Andhra Pradesh,Alluri Sitharama Raju,Koyyuru,Kamparegulu,2,0,10,12,0,0,0,12,0,11,1,5,0,7,0,0,12,1,11,10,2,8,4,12,0,0,12,12,0
2023-24,Andhra Pradesh,Alluri Sitharama Raju,Koyyuru,Battumetta,2,0,0,2,0,0,0,0,2,1,1,1,0,1,0,0,2,0,2,2,0,2,0,2,0,0,2,2,0
2023-24,Andhra Pradesh,Alluri Sitharama Raju,Koyyuru,Gadabapalem,0,0,4,4,0,0,0,4,0,1,3,1,0,3,0,0,4,0,4,3,1,4,0,4,0,0,4,4,0
2023-24,Andhra Pradesh,Alluri Sitharama Raju,Koyyuru,Mallavaram,0,0,4,4,0,0,0,4,0,4,0,4,0,0,0,0,4,0,4,4,0,4,0,4,0,0,4,4,0
2023-24,Andhra Pradesh,Alluri Sitharama Raju,Koyyuru,Rabbasingi,0,0,4,4,0,0,0,4,0,4,0,3,0,1,0,0,4,0,4,4,0,2,2,4,0,0,4,4,0
2023-24,Andhra Pradesh,Alluri Sitharama Raju,Koyyuru,Jammavaram,0,0,1,1,0,0,0,1,0,1,0,1,0,0,0,0,1,0,1,1,0,1,0,1,0,0,1,1,0
2023-24,Andhra Pradesh,Alluri Sitharama Raju,Koyyuru,Kantharam,0,0,4,4,0,0,1,2,1,2,2,1,0,3,0,0,4,0,4,4,0,4,0,4,0,0,4,4,0
2023-24,Andhra Pradesh,Alluri Sitharama Raju,Koyyuru,Chittempadu,1,0,5,6,0,0,0,6,0,6,0,6,0,0,0,0,6,0,6,6,0,5,1,6,0,0,6,6,0
2023-24,Andhra Pradesh,Alluri Sitharama Raju,Koyyuru,Adakula,8,12,19,29,5,5,7,14,18,22,17,6,1,32,0,0,39,1,38,37,2,28,11,39,0,10,29,39,0
2023-24,Andhra Pradesh,Alluri Sitharama Raju,Koyyuru,Balaram,0,2,2,1,0,3,1,2,1,4,0,0,1,3,0,0,4,0,4,4,0,3,1,4,0,1,3,4,0
2023-24,Andhra Pradesh,Alluri Sitharama Raju,Kunavaram,Repaka,0,0,3,2,0,1,0,3,0,3,0,0,0,3,0,0,3,0,3,3,0,3,0,3,0,3,0,3,0
2023-24,Andhra Pradesh,Alluri Sitharama Raju,Kunavaram,Koderu,1,0,0,1,0,0,0,1,0,1,0,0,0,1,0,1,0,0,1,1,0,1,0,1,0,1,0,1,0
2023-24,Andhra Pradesh,Alluri Sitharama Raju,Kunavaram,Karakagudem,1,0,0,1,0,0,0,1,0,1,0,0,1,0,0,0,1,0,1,1,0,1,0,1,0,1,0,1,0
2023-24,Andhra Pradesh,Alluri Sitharama Raju,Kunavaram,Jaggavaram,4,0,4,8,0,0,0,7,1,8,0,0,5,3,0,0,8,0,8,8,0,7,1,8,0,7,1,8,0
2023-24,Andhra Pradesh,Alluri Sitharama Raju,Kunavaram,Abicherla,0,0,2,2,0,0,0,2,0,2,0,0,1,1,0,1,1,0,2,2,0,2,0,2,0,2,0,2,0
2023-24,Andhra Pradesh,Alluri Sitharama Raju,Kunavaram,Peddarukur,2,0,3,4,1,0,1,4,0,4,1,0,0,5,0,0,5,0,5,5,0,4,1,5,0,3,2,5,0
2023-24,Andhra Pradesh,Alluri Sitharama Raju,Kunavaram,Regulapadu,1,0,4,5,0,0,0,5,0,5,0,0,0,5,0,1,4,0,5,5,0,4,1,5,0,5,0,5,0
2023-24,Andhra Pradesh,Alluri Sitharama Raju,Kunavaram,Walfordpeta,0,0,2,2,0,0,0,2,0,2,0,0,0,2,0,0,2,0,2,2,0,2,0,2,0,2,0,2,0
2023-24,Andhra Pradesh,Alluri Sitharama Raju,Kunavaram,Harvegudem,1,0,0,1,0,0,0,1,0,1,0,0,0,1,0,1,0,0,1,1,0,1,0,1,0,1,0,1,0
2023-24,Andhra Pradesh,Alluri Sitharama Raju,Kunavaram,S.Kothagudem,1,0,2,3,0,0,0,3,0,3,0,0,3,0,0,0,3,0,3,3,0,2,1,3,0,3,0,3,0
2023-24,Andhra Pradesh,Alluri Sitharama Raju,Kunavaram,Bhagavanpuram,0,0,1,1,0,0,0,1,0,1,0,0,0,1,0,0,1,0,1,1,0,1,0,1,0,1,0,1,0
2023-24,Andhra Pradesh,Alluri Sitharama Raju,Kunavaram,Kudalipadu,1,0,0,1,0,0,0,1,0,1,0,0,1,0,0,0,1,0,1,1,0,0,1,1,0,1,0,1,0
2023-24,Andhra Pradesh,Alluri Sitharama Raju,Kunavaram,Dugutta,2,0,1,3,0,0,1,2,0,3,0,0,3,0,0,0,3,0,3,3,0,2,1,3,0,2,1,3,0
2023-24,Andhra Pradesh,Alluri Sitharama Raju,Kunavaram,Chinnapolipaka,0,0,2,2,0,0,0,2,0,2,0,0,1,1,0,0,2,0,2,2,0,2,0,2,0,2,0,2,0
2023-24,Andhra Pradesh,Alluri Sitharama Raju,Kunavaram,Kondarajupeta,0,0,2,2,0,0,0,2,0,2,0,0,2,0,0,0,2,0,2,2,0,1,1,2,0,2,0,2,0
2023-24,Andhra Pradesh,Alluri Sitharama Raju,Kunavaram,Gunduvarigudem,0,0,1,1,0,0,0,1,0,1,0,0,1,0,0,0,1,0,1,1,0,1,0,1,0,1,0,1,0
2023-24,Andhra Pradesh,Alluri Sitharama Raju,Kunavaram,Pedda Polipaka,1,0,1,2,0,0,1,1,0,2,0,0,1,1,0,0,2,0,2,2,0,1,1,2,0,1,1,2,0
2023-24,Andhra Pradesh,Alluri Sitharama Raju,Kunavaram,Ayyavarigudem,0,0,1,1,0,0,0,1,0,1,0,0,1,0,0,0,1,0,1,1,0,1,0,1,0,1,0,1,0
2023-24,Andhra Pradesh,Alluri Sitharama Raju,Kunavaram,Narasingapeta,4,0,2,6,0,0,3,2,1,6,0,0,4,2,0,0,6,0,6,6,0,5,1,6,0,2,4,6,0
2023-24,Andhra Pradesh,Alluri Sitharama Raju,Kunavaram,Pochavaram,4,0,2,5,1,0,1,2,3,6,0,0,4,2,0,0,6,0,6,6,0,4,2,6,0,3,3,6,0
2023-24,Andhra Pradesh,Alluri Sitharama Raju,Kunavaram,Kondaigudem,1,0,1,2,0,0,0,2,0,2,0,0,1,1,0,0,2,0,2,2,0,2,0,2,0,2,0,2,0
2023-24,Andhra Pradesh,Alluri Sitharama Raju,Kunavaram,Laxmipuram,2,0,0,1,1,0,1,0,1,2,0,0,1,1,0,0,2,0,2,2,0,0,2,2,0,1,1,2,0
2023-24,Andhra Pradesh,Alluri Sitharama Raju,Kunavaram,Lellavai,0,0,1,1,0,0,0,1,0,1,0,0,0,1,0,0,1,0,1,1,0,1,0,1,0,1,0,1,0
2023-24,Andhra Pradesh,Alluri Sitharama Raju,Kunavaram,Kachavaram,1,0,0,1,0,0,0,1,0,1,0,0,1,0,0,0,1,0,1,1,0,1,0,1,0,1,0,1,0
2023-24,Andhra Pradesh,Alluri Sitharama Raju,Kunavaram,Paidigudem,0,0,3,1,1,1,0,3,0,3,0,0,2,1,0,0,3,0,3,3,0,3,0,3,0,3,0,3,0
2023-24,Andhra Pradesh,Alluri Sitharama Raju,Kunavaram,Turakalagudem,2,0,0,2,0,0,0,0,2,1,1,0,2,0,0,0,2,0,2,2,0,1,1,2,0,1,1,2,0
2023-24,Andhra Pradesh,Alluri Sitharama Raju,Kunavaram,Potlavarigudem,7,0,0,2,5,0,4,2,1,7,0,0,0,7,0,1,6,0,7,7,0,3,4,7,0,4,3,7,0
2023-24,Andhra Pradesh,Alluri Sitharama Raju,Kunavaram,Palluru,0,0,1,1,0,0,0,1,0,1,0,0,1,0,0,0,1,0,1,1,0,0,1,1,0,1,0,1,0
2023-24,Andhra Pradesh,Alluri Sitharama Raju,Kunavaram,Kuturu,3,0,1,4,0,0,0,4,0,4,0,0,3,1,0,0,4,0,4,4,0,4,0,4,0,4,0,4,0
2023-24,Andhra Pradesh,Alluri Sitharama Raju,Maredumilli,Akumamidikota,1,0,5,2,3,1,3,2,1,5,1,3,0,3,0,0,6,0,6,6,0,3,3,4,2,0,6,6,0
2023-24,Andhra Pradesh,Alluri Sitharama Raju,Maredumilli,Madduluru,2,0,4,6,0,0,0,0,6,4,2,5,1,0,0,0,6,0,6,0,6,0,6,6,0,0,6,6,0
2023-24,Andhra Pradesh,Alluri Sitharama Raju,Maredumilli,Pusiwada,0,0,3,2,0,1,2,0,1,2,1,1,1,1,0,0,3,0,3,3,0,2,1,3,0,0,3,3,0
2023-24,Andhra Pradesh,Alluri Sitharama Raju,Maredumilli,Pandirimamidikota,0,2,0,1,1,0,2,0,0,2,0,1,0,1,0,0,2,0,2,0,2,0,2,0,2,0,2,0,2
2023-24,Andhra Pradesh,Alluri Sitharama Raju,Maredumilli,Vetukuru,0,0,2,2,0,0,0,1,1,2,0,0,0,2,0,0,2,0,2,2,0,0,2,2,0,0,2,0,2
2023-24,Andhra Pradesh,Alluri Sitharama Raju,Maredumilli,Ramannavalasa,0,6,2,8,0,0,5,2,1,8,0,2,2,4,0,0,8,0,8,4,4,5,3,8,0,0,8,3,5
2023-24,Andhra Pradesh,Alluri Sitharama Raju,Maredumilli,Sripuram,0,0,1,1,0,0,1,0,0,1,0,1,0,0,0,0,1,0,1,1,0,1,0,1,0,0,1,1,0
2023-24,Andhra Pradesh,Alluri Sitharama Raju,Maredumilli,Dorachintalapalem,0,1,0,1,0,0,1,0,0,0,1,0,0,1,0,0,1,0,1,1,0,1,0,1,0,0,1,1,0
2023-24,Andhra Pradesh,Alluri Sitharama Raju,Maredumilli,Thadepalle,0,0,13,10,3,0,3,3,7,12,1,3,6,4,0,0,13,0,13,13,0,8,5,10,3,1,12,13,0
2023-24,Andhra Pradesh,Alluri Sitharama Raju,Maredumilli,Daravada,0,1,1,2,0,0,2,0,0,1,1,0,0,2,0,0,2,0,2,2,0,1,1,2,0,0,2,2,0
2023-24,Andhra Pradesh,Alluri Sitharama Raju,Maredumilli,Pedduru,0,1,2,3,0,0,2,1,0,2,1,2,0,1,0,0,3,0,3,2,1,2,1,3,0,0,3,3,0
2023-24,Andhra Pradesh,Alluri Sitharama Raju,Maredumilli,Maddiveedu,0,0,5,2,2,1,2,0,3,5,0,3,0,2,0,0,5,0,5,5,0,4,1,5,0,0,5,5,0
2023-24,Andhra Pradesh,Alluri Sitharama Raju,Maredumilli,Nurupudi,0,0,12,12,0,0,8,2,2,12,0,0,9,3,0,0,12,0,12,0,12,1,10,11,1,0,12,12,0
2023-24,Andhra Pradesh,Alluri Sitharama Raju,Maredumilli,Mallavaram,0,0,5,3,0,2,2,2,1,5,0,0,3,2,0,0,5,0,5,5,0,5,0,4,1,0,5,5,0
2023-24,Andhra Pradesh,Alluri Sitharama Raju,Maredumilli,Pujaripakalu,0,0,5,5,0,0,0,0,5,5,0,4,1,0,0,0,5,0,5,0,5,0,5,5,0,0,5,4,1
2023-24,Andhra Pradesh,Alluri Sitharama Raju,Maredumilli,Kundada,3,2,7,6,1,5,9,0,3,9,3,4,1,7,0,0,12,0,12,12,0,8,4,9,3,0,12,12,0
2023-24,Andhra Pradesh,Alluri Sitharama Raju,Maredumilli,Kuduru,1,2,6,9,0,0,2,0,7,7,2,7,2,0,0,0,9,0,9,6,3,7,2,6,3,1,8,6,3
2023-24,Andhra Pradesh,Alluri Sitharama Raju,Maredumilli,Munjamamidi,0,0,7,3,1,3,7,0,0,7,0,3,1,3,0,0,7,0,7,7,0,4,3,7,0,1,6,7,0
2023-24,Andhra Pradesh,Alluri Sitharama Raju,Maredumilli,Musuru,3,0,2,5,0,0,0,0,5,5,0,5,0,0,0,0,5,0,5,5,0,4,1,1,4,0,5,5,0
2023-24,Andhra Pradesh,Alluri Sitharama Raju,Maredumilli,Gujjumamidivalasa,0,0,5,2,1,2,3,1,1,5,0,5,0,0,0,0,5,0,5,5,0,0,5,4,1,0,5,5,0
2023-24,Andhra Pradesh,Alluri Sitharama Raju,Maredumilli,Addarivalasa,1,0,0,1,0,0,0,0,1,1,0,1,0,0,0,0,1,0,1,0,1,0,1,0,1,1,0,1,0
2023-24,Andhra Pradesh,Alluri Sitharama Raju,Maredumilli,Bodlanka,0,9,0,5,2,2,7,1,1,9,0,1,7,1,0,0,9,0,9,9,0,2,7,9,0,0,9,9,0
2023-24,Andhra Pradesh,Alluri Sitharama Raju,Maredumilli,Gundrathi,0,0,1,1,0,0,0,0,1,1,0,1,0,0,0,0,1,0,1,1,0,0,1,0,1,0,1,1,0
2023-24,Andhra Pradesh,Alluri Sitharama Raju,Maredumilli,Egavalasa,0,0,1,1,0,0,0,0,1,1,0,0,1,0,0,0,1,0,1,0,1,0,1,1,0,0,1,1,0
2023-24,Andhra Pradesh,Alluri Sitharama Raju,Maredumilli,Vyadapudi,0,0,4,3,0,1,1,0,3,4,0,0,0,4,0,0,4,0,4,4,0,4,0,4,0,0,4,4,0
2023-24,Andhra Pradesh,Alluri Sitharama Raju,Maredumilli,Denduluru,0,0,4,4,0,0,3,0,1,4,0,2,0,2,0,0,4,0,4,4,0,4,0,4,0,0,4,4,0
2023-24,Andhra Pradesh,Alluri Sitharama Raju,Maredumilli,Goramamidi,0,0,3,1,0,2,2,0,1,3,0,2,0,1,0,0,3,0,3,3,0,3,0,3,0,0,3,3,0
2023-24,Andhra Pradesh,Alluri Sitharama Raju,Maredumilli,Narsapuram,0,1,1,1,1,0,1,0,1,1,1,2,0,0,0,0,2,0,2,2,0,2,0,2,0,0,2,2,0
2023-24,Andhra Pradesh,Alluri Sitharama Raju,Maredumilli,Puttagondilanka,0,0,1,1,0,0,1,0,0,1,0,0,0,1,0,0,1,0,1,1,0,1,0,1,0,0,1,1,0
2023-24,Andhra Pradesh,Alluri Sitharama Raju,Maredumilli,D. Velamalakota,0,0,14,8,4,2,8,3,3,11,3,7,1,6,0,0,14,0,14,13,1,12,2,14,0,2,12,14,0
2023-24,Andhra Pradesh,Alluri Sitharama Raju,Maredumilli,Doramamidi,0,0,2,2,0,0,2,0,0,2,0,0,2,0,0,2,0,0,2,2,0,0,2,2,0,0,2,2,0
2023-24,Andhra Pradesh,Alluri Sitharama Raju,Maredumilli,Chakkavada,0,1,6,4,1,2,5,1,1,6,1,1,1,5,0,0,7,0,7,5,2,3,4,7,0,0,7,7,0
2023-24,Andhra Pradesh,Alluri Sitharama Raju,Maredumilli,Madduluru,0,0,0,0,0,0,0,0,0,0,0,1,0,0,0,0,0,0,1,0,0,0,0,0,0,0,0,0,0
2023-24,Andhra Pradesh,Alluri Sitharama Raju,Maredumilli,Maredumilli,4,0,1,5,0,0,0,0,5,5,0,4,1,0,0,0,5,0,5,0,5,2,3,5,0,1,4,5,0
2023-24,Andhra Pradesh,Alluri Sitharama Raju,Maredumilli,Elivada,0,1,0,0,0,1,0,0,1,1,0,1,0,0,0,0,1,0,1,0,1,1,0,1,0,0,1,0,1
2023-24,Andhra Pradesh,Alluri Sitharama Raju,Maredumilli,Kutravada,0,11,1,8,2,2,12,0,0,11,1,1,4,7,0,0,12,0,12,7,5,7,5,12,0,1,11,1,11
2023-24,Andhra Pradesh,Alluri Sitharama Raju,Maredumilli,Pamuleru,0,7,1,4,1,3,8,0,0,7,1,0,3,5,0,0,8,0,8,8,0,1,7,8,0,0,8,8,0
2023-24,Andhra Pradesh,Alluri Sitharama Raju,Maredumilli,Boduluru,2,2,4,8,0,0,7,1,0,5,3,4,2,2,0,0,8,0,8,5,3,5,3,6,2,0,8,8,0
2023-24,Andhra Pradesh,Alluri Sitharama Raju,Maredumilli,Gumpenagandi,0,0,1,1,0,0,0,0,1,1,0,1,0,0,0,0,1,0,1,1,0,0,1,0,1,0,1,1,0
2023-24,Andhra Pradesh,Alluri Sitharama Raju,Maredumilli,Peddamarri,0,0,2,1,0,1,0,2,0,1,1,1,0,1,0,0,2,0,2,2,0,2,0,2,0,0,2,2,0
2023-24,Andhra Pradesh,Alluri Sitharama Raju,Maredumilli,Gudisa,0,0,1,1,0,0,1,0,0,1,0,0,1,0,0,0,1,0,1,1,0,1,0,1,0,0,1,1,0
2023-24,Andhra Pradesh,Alluri Sitharama Raju,Maredumilli,Banda,0,1,5,2,4,0,4,0,2,6,0,1,2,3,0,0,6,0,6,6,0,3,3,6,0,2,4,6,0
2023-24,Andhra Pradesh,Alluri Sitharama Raju,Maredumilli,Potlavada,3,0,0,2,1,0,3,0,0,3,0,1,2,0,0,0,3,0,3,0,3,1,2,1,2,2,1,3,0
2023-24,Andhra Pradesh,Alluri Sitharama Raju,Maredumilli,Chatlavada,4,1,1,4,0,2,5,1,0,3,3,0,3,3,0,0,6,0,6,4,2,2,4,3,3,0,6,6,0
2023-24,Andhra Pradesh,Alluri Sitharama Raju,Munchingi Puttu,Ontiputtu,0,1,0,1,0,0,0,0,1,0,1,1,0,0,0,1,0,0,1,1,0,0,1,1,0,0,1,1,0
2023-24,Andhra Pradesh,Alluri Sitharama Raju,Munchingi Puttu,Kumada,0,1,0,1,0,0,0,0,1,0,1,1,0,0,0,1,0,0,1,1,0,1,0,1,0,0,1,1,0
2023-24,Andhra Pradesh,Alluri Sitharama Raju,Munchingi Puttu,Jarjula,0,1,0,1,0,0,0,1,0,0,1,1,0,0,0,1,0,0,1,1,0,1,0,1,0,0,1,1,0
2023-24,Andhra Pradesh,Alluri Sitharama Raju,Munchingi Puttu,Kadutula,0,1,0,1,0,0,0,0,1,1,0,1,0,0,0,0,1,0,1,1,0,0,1,1,0,0,1,1,0
2023-24,Andhra Pradesh,Alluri Sitharama Raju,Munchingi Puttu,Vanugumma,0,1,0,1,0,0,0,0,1,0,1,1,0,0,0,0,1,0,1,1,0,1,0,1,0,0,1,1,0
2023-24,Andhra Pradesh,Alluri Sitharama Raju,Munchingi Puttu,Kumbri Pada,0,1,0,1,0,0,0,0,1,0,1,0,0,1,0,0,1,0,1,1,0,0,1,1,0,0,1,1,0
2023-24,Andhra Pradesh,Alluri Sitharama Raju,Munchingi Puttu,Peda Guda,0,1,0,1,0,0,1,0,0,0,1,1,0,0,0,0,1,0,1,1,0,1,0,1,0,0,1,1,0
2023-24,Andhra Pradesh,Alluri Sitharama Raju,Munchingi Puttu,Baliyaguda,0,1,0,0,0,1,0,1,0,1,0,0,0,1,0,0,1,0,1,1,0,0,1,1,0,1,0,1,0
2023-24,Andhra Pradesh,Alluri Sitharama Raju,Munchingi Puttu,Kummari Puttu,0,1,0,1,0,0,0,0,1,0,1,1,0,0,0,0,1,0,1,1,0,1,0,1,0,0,1,1,0
2023-24,Andhra Pradesh,Alluri Sitharama Raju,Munchingi Puttu,Bangarumetta,0,1,0,1,0,0,0,0,1,0,1,1,0,0,0,1,0,0,1,1,0,0,1,1,0,1,0,1,0
2023-24,Andhra Pradesh,Alluri Sitharama Raju,Munchingi Puttu,Chinamukkiputtu,0,1,0,1,0,0,0,1,0,1,0,0,0,1,0,1,0,0,1,1,0,0,1,1,0,1,0,1,0
2023-24,Andhra Pradesh,Alluri Sitharama Raju,Munchingi Puttu,Chippaputtu,0,1,0,1,0,0,0,0,1,0,1,0,1,0,0,0,1,0,1,1,0,1,0,1,0,0,1,1,0
2023-24,Andhra Pradesh,Alluri Sitharama Raju,Munchingi Puttu,Kilagada,0,1,0,0,0,1,0,0,1,0,1,1,0,0,0,0,1,0,1,1,0,1,0,1,0,0,1,1,0
2023-24,Andhra Pradesh,Alluri Sitharama Raju,Munchingi Puttu,Dasariputtu,0,1,0,1,0,0,0,1,0,0,1,1,0,0,0,1,0,0,1,1,0,1,0,1,0,1,0,1,0
2023-24,Andhra Pradesh,Alluri Sitharama Raju,Munchingi Puttu,Tamarapalle,0,1,0,1,0,0,0,0,1,1,0,1,0,0,0,0,1,0,1,1,0,1,0,1,0,0,1,1,0
2023-24,Andhra Pradesh,Alluri Sitharama Raju,Munchingi Puttu,Karimikiputtu,0,1,0,1,0,0,1,0,0,0,1,1,0,0,0,1,0,0,1,1,0,0,1,1,0,1,0,1,0
2023-24,Andhra Pradesh,Alluri Sitharama Raju,Munchingi Puttu,Bokkeraputtu,0,1,0,1,0,0,0,1,0,0,1,1,0,0,0,0,1,0,1,1,0,1,0,1,0,0,1,1,0
2023-24,Andhra Pradesh,Alluri Sitharama Raju,Munchingi Puttu,Babusala,0,2,0,2,0,0,0,0,2,0,2,0,0,2,0,0,2,0,2,2,0,2,0,2,0,0,2,2,0
2023-24,Andhra Pradesh,Alluri Sitharama Raju,Munchingi Puttu,Mehba,0,1,0,1,0,0,0,1,0,0,1,0,0,1,0,1,0,0,1,1,0,1,0,1,0,0,1,1,0
2023-24,Andhra Pradesh,Alluri Sitharama Raju,Munchingi Puttu,Ganneda,0,1,0,1,0,0,0,1,0,0,1,1,0,0,0,0,1,0,1,1,0,1,0,1,0,0,1,1,0
2023-24,Andhra Pradesh,Alluri Sitharama Raju,Nellipaka,Yetapaka,0,7,0,4,0,3,0,3,4,6,1,0,6,1,0,0,7,0,7,4,3,3,4,4,3,6,1,7,0
2023-24,Andhra Pradesh,Alluri Sitharama Raju,Nellipaka,Chandrampalem,0,9,1,4,1,5,0,6,4,10,0,0,10,0,0,0,10,0,10,9,1,0,10,6,4,6,4,9,1
2023-24,Andhra Pradesh,Alluri Sitharama Raju,Nellipaka,Yerraboru,0,5,2,0,0,7,0,7,0,7,0,0,1,6,0,0,7,0,7,2,5,2,5,7,0,2,5,6,1
2023-24,Andhra Pradesh,Alluri Sitharama Raju,Nellipaka,Pinapalle,0,14,1,0,2,13,0,15,0,15,0,0,13,2,0,0,14,0,13,0,15,8,7,15,0,8,7,10,5
2023-24,Andhra Pradesh,Alluri Sitharama Raju,Nellipaka,Kistaram,0,13,1,0,0,14,0,14,0,14,0,1,8,5,0,0,14,0,14,0,14,5,9,14,0,9,5,6,8
2023-24,Andhra Pradesh,Alluri Sitharama Raju,Nellipaka,Ramagopalapuram,0,5,0,0,0,5,0,5,0,5,0,0,3,2,0,0,5,0,5,0,5,3,2,5,0,3,2,2,3
2023-24,Andhra Pradesh,Alluri Sitharama Raju,Nellipaka,Gottugudem,0,6,2,0,1,7,0,8,0,8,0,0,4,4,0,1,6,0,8,2,6,5,3,8,0,4,4,8,0
2023-24,Andhra Pradesh,Alluri Sitharama Raju,Nellipaka,Kannaigudem,0,8,1,0,1,8,0,9,0,9,0,0,6,2,0,0,8,0,8,0,9,3,6,9,0,3,6,6,3
2023-24,Andhra Pradesh,Alluri Sitharama Raju,Nellipaka,Penuballe,0,3,3,0,0,6,0,6,0,5,1,0,3,3,0,0,6,0,6,5,1,2,4,3,3,3,3,4,2
2023-24,Andhra Pradesh,Alluri Sitharama Raju,Nellipaka,Gannavaram,0,1,0,1,0,0,0,0,1,0,1,0,1,0,0,0,1,0,1,1,0,0,1,1,0,0,1,1,0
2023-24,Andhra Pradesh,Alluri Sitharama Raju,Nellipaka,Nellipaka,0,1,0,0,0,1,0,1,0,1,0,0,0,1,0,0,1,0,1,0,1,0,1,1,0,1,0,0,1
2023-24,Andhra Pradesh,Alluri Sitharama Raju,Nellipaka,Thotapalle,0,3,1,3,0,1,0,1,3,4,0,0,4,0,0,0,4,0,4,3,1,0,4,3,1,1,3,3,1
2023-24,Andhra Pradesh,Alluri Sitharama Raju,Nellipaka,Devarapalle,0,9,1,2,0,8,0,8,2,10,0,0,9,1,0,0,10,0,10,6,4,7,3,6,4,4,6,9,1
2023-24,Andhra Pradesh,Alluri Sitharama Raju,Nellipaka,Kothagudem,0,1,0,1,0,0,0,0,1,1,0,0,1,0,0,0,1,0,1,1,0,0,1,0,1,1,0,1,0
2023-24,Andhra Pradesh,Alluri Sitharama Raju,Nellipaka,Achuthapuram,0,6,1,1,0,6,0,6,1,7,0,0,6,1,0,0,7,0,7,1,6,3,4,7,0,5,2,7,0
2023-24,Andhra Pradesh,Alluri Sitharama Raju,Nellipaka,Boddugudem,0,7,1,6,1,1,0,2,6,7,1,1,5,2,0,0,8,0,8,5,3,0,8,5,3,4,4,7,1
2023-24,Andhra Pradesh,Alluri Sitharama Raju,Nellipaka,Kapavaram,0,1,1,2,0,0,0,1,1,2,0,0,2,0,0,0,2,0,2,2,0,1,1,2,0,0,2,2,0
2023-24,Andhra Pradesh,Alluri Sitharama Raju,Nellipaka,Gundala,0,7,0,0,1,6,0,6,1,7,0,1,3,3,2,0,4,0,7,2,5,2,5,7,0,3,4,4,3
2023-24,Andhra Pradesh,Alluri Sitharama Raju,Nellipaka,Chowdavaram,0,4,0,0,0,4,0,4,0,4,0,0,4,0,0,0,4,0,4,0,4,2,2,4,0,2,2,1,3
2023-24,Andhra Pradesh,Alluri Sitharama Raju,Nellipaka,K. Narayanapuram,0,2,0,0,1,1,0,2,0,2,0,0,2,0,0,0,2,0,2,2,0,0,2,0,2,0,2,2,0
2023-24,Andhra Pradesh,Alluri Sitharama Raju,Nellipaka,Lakshmidevipeta,0,2,0,0,0,2,0,2,0,2,0,1,0,1,0,0,2,0,2,0,2,2,0,1,1,0,2,2,0
2023-24,Andhra Pradesh,Alluri Sitharama Raju,Nellipaka,Kannapuram,0,6,0,0,0,6,0,6,0,6,0,0,3,3,0,0,6,0,6,0,6,4,2,6,0,4,2,2,4
2023-24,Andhra Pradesh,Alluri Sitharama Raju,Nellipaka,Dammapeta,0,5,0,0,0,5,0,5,0,5,0,0,4,1,0,0,5,0,5,5,0,2,3,4,1,0,5,4,1
2023-24,Andhra Pradesh,Alluri Sitharama Raju,Nellipaka,Chinthalagudem,0,4,0,0,1,3,0,4,0,4,0,0,4,0,0,0,4,0,4,0,4,3,1,4,0,3,1,0,4
2023-24,Andhra Pradesh,Alluri Sitharama Raju,Nellipaka,Rayanapeta,0,13,0,2,1,10,0,13,0,13,0,0,11,2,0,0,13,0,13,8,5,3,10,7,6,8,5,13,0
2023-24,Andhra Pradesh,Alluri Sitharama Raju,Nellipaka,Chinna Nallakunta,0,5,0,1,1,3,0,5,0,5,0,0,5,0,0,0,5,0,5,0,5,2,3,5,0,0,5,0,5
2023-24,Andhra Pradesh,Alluri Sitharama Raju,Nellipaka,Viswapuram,0,7,3,1,1,8,1,9,0,10,0,0,6,4,0,4,6,0,10,1,9,8,2,10,0,5,5,8,2
2023-24,Andhra Pradesh,Alluri Sitharama Raju,Nellipaka,Kusumanapalle,0,7,0,0,0,7,0,7,0,7,0,0,7,0,0,0,7,0,7,6,1,1,6,3,4,3,4,6,1
2023-24,Andhra Pradesh,Alluri Sitharama Raju,Nellipaka,Buttaigudem,0,1,0,0,0,1,0,1,0,1,0,0,1,0,0,0,1,0,1,1,0,0,1,1,0,0,1,1,0
2023-24,Andhra Pradesh,Alluri Sitharama Raju,Nellipaka,Tripura Penta Veedu,0,6,4,4,1,5,0,10,0,10,0,0,10,0,0,0,10,0,10,10,0,0,10,7,3,5,5,10,0
2023-24,Andhra Pradesh,Alluri Sitharama Raju,Nellipaka,Yerragunta,0,1,0,0,0,1,0,1,0,1,0,0,1,0,0,0,1,0,1,0,1,1,0,1,0,0,1,0,1
2023-24,Andhra Pradesh,Alluri Sitharama Raju,Nellipaka,Thunikicheruvu,0,7,0,0,0,7,0,7,0,7,0,2,3,2,0,0,7,0,7,6,1,1,6,2,5,4,3,6,1
2023-24,Andhra Pradesh,Alluri Sitharama Raju,Nellipaka,Rangapuram,0,6,1,2,0,5,1,4,2,6,1,0,6,1,0,0,7,0,7,2,5,3,4,7,0,4,3,3,4
2023-24,Andhra Pradesh,Alluri Sitharama Raju,Paderu,Badimela,0,1,0,1,0,0,0,1,0,1,0,1,0,0,0,0,1,0,1,1,0,0,1,1,0,1,0,1,0
2023-24,Andhra Pradesh,Alluri Sitharama Raju,Paderu,Thumpada,1,0,0,1,0,0,0,0,1,1,0,1,0,0,0,1,0,0,1,1,0,1,0,1,0,1,0,1,0
2023-24,Andhra Pradesh,Alluri Sitharama Raju,Paderu,Iskali,0,1,0,1,0,0,0,1,0,1,0,1,0,0,0,0,1,0,1,1,0,1,0,1,0,1,0,1,0
2023-24,Andhra Pradesh,Alluri Sitharama Raju,Paderu,Kujjali,0,0,3,2,0,1,0,3,0,3,0,0,1,2,0,0,3,0,3,3,0,2,1,3,0,3,0,2,1
2023-24,Andhra Pradesh,Alluri Sitharama Raju,Paderu,Ubbediputtu,0,1,0,1,0,0,0,0,1,1,0,0,0,1,0,0,1,0,1,1,0,1,0,1,0,1,0,1,0
2023-24,Andhra Pradesh,Alluri Sitharama Raju,Paderu,Chintala Veedhi,0,12,38,3,41,6,1,9,40,46,4,20,1,29,0,2,48,0,50,24,26,39,11,44,6,12,38,39,11
2023-24,Andhra Pradesh,Alluri Sitharama Raju,Paderu,Iradapalle,0,4,4,6,0,1,2,5,1,8,0,2,0,6,0,0,8,0,8,4,4,6,2,8,0,4,4,7,1
2023-24,Andhra Pradesh,Alluri Sitharama Raju,Paderu,Mandiputtu,0,3,0,3,0,0,0,3,0,3,0,2,0,1,0,2,1,0,3,3,0,3,0,3,0,3,0,3,0
2023-24,Andhra Pradesh,Alluri Sitharama Raju,Paderu,Panasaputtu,0,0,7,0,7,0,2,2,3,7,0,4,0,3,0,0,7,0,7,0,7,4,3,7,0,0,7,7,0
2023-24,Andhra Pradesh,Alluri Sitharama Raju,Paderu,Rakota,0,3,5,1,6,1,5,0,3,7,1,0,0,8,0,0,8,0,8,4,4,7,1,6,2,0,8,8,0
2023-24,Andhra Pradesh,Alluri Sitharama Raju,Paderu,Malakapolam,1,0,0,1,0,0,0,1,0,1,0,0,0,1,0,0,1,0,1,1,0,1,0,1,0,1,0,1,0
2023-24,Andhra Pradesh,Alluri Sitharama Raju,Paderu,Aluguru,0,8,5,4,5,4,8,2,3,12,1,8,0,5,0,0,12,0,13,5,9,12,2,14,0,0,13,14,0
2023-24,Andhra Pradesh,Alluri Sitharama Raju,Paderu,Kusarlapalem,0,1,9,4,1,5,4,0,6,10,0,1,0,9,0,0,10,0,10,0,10,5,5,9,1,0,10,10,0
2023-24,Andhra Pradesh,Alluri Sitharama Raju,Paderu,Minumuluru,3,3,1,2,2,3,0,4,3,7,0,4,1,2,0,0,7,0,7,7,0,6,1,7,0,5,2,6,1
2023-24,Andhra Pradesh,Alluri Sitharama Raju,Paderu,Sangodi,1,0,2,2,0,1,0,1,2,3,0,0,2,1,0,0,3,0,3,3,0,2,1,3,0,2,1,3,0
2023-24,Andhra Pradesh,Alluri Sitharama Raju,Paderu,Salugu,1,0,1,2,0,0,0,2,0,2,0,0,0,2,0,0,2,0,2,2,0,1,1,2,0,2,0,1,1
2023-24,Andhra Pradesh,Alluri Sitharama Raju,Paderu,Gondeli,1,13,7,10,6,5,10,5,8,23,0,7,1,13,0,1,18,0,21,12,11,14,9,23,1,3,20,22,1
2023-24,Andhra Pradesh,Alluri Sitharama Raju,Paderu,Seekupanasa,0,4,5,0,6,3,1,2,6,8,1,0,0,9,0,0,8,0,9,1,8,5,4,7,2,0,9,9,0
2023-24,Andhra Pradesh,Alluri Sitharama Raju,Paderu,Degalaveedhi,0,0,2,2,0,0,0,2,0,2,0,0,0,2,0,2,0,0,2,2,0,0,2,2,0,2,0,2,0
2023-24,Andhra Pradesh,Alluri Sitharama Raju,Paderu,Gadivalasa,0,1,2,2,0,1,0,2,1,3,0,1,1,1,0,1,2,0,3,3,0,2,1,3,0,3,0,2,1
2023-24,Andhra Pradesh,Alluri Sitharama Raju,Paderu,Pilliputtu,0,1,2,2,0,1,0,0,3,3,0,1,0,2,0,0,3,0,3,3,0,3,0,3,0,3,0,1,2
2023-24,Andhra Pradesh,Alluri Sitharama Raju,Paderu,Lingaputtu,0,0,1,0,0,1,0,0,1,1,0,0,0,1,0,0,1,0,1,1,0,1,0,1,0,1,0,1,0
2023-24,Andhra Pradesh,Alluri Sitharama Raju,Paderu,Chintagondi,1,1,0,2,0,0,0,2,0,2,0,2,0,0,0,0,2,0,2,2,0,2,0,2,0,2,0,2,0
2023-24,Andhra Pradesh,Alluri Sitharama Raju,Paderu,Kothapalle,0,3,2,4,1,0,0,1,4,5,0,3,0,2,0,0,5,0,5,5,0,2,3,5,0,5,0,4,1
2023-24,Andhra Pradesh,Alluri Sitharama Raju,Paderu,Kummarithumu,0,1,0,0,0,1,0,0,1,1,0,0,0,1,0,1,0,0,1,1,0,1,0,1,0,1,0,1,0
2023-24,Andhra Pradesh,Alluri Sitharama Raju,Paderu,Edulapalem,0,0,1,1,0,0,0,1,0,1,0,0,0,1,0,0,1,0,1,1,0,1,0,1,0,1,0,0,1
2023-24,Andhra Pradesh,Alluri Sitharama Raju,Paderu,Kondajeelugu,0,0,7,0,5,2,3,2,2,6,1,3,0,4,0,0,7,0,7,3,4,1,6,6,1,0,7,7,0
2023-24,Andhra Pradesh,Alluri Sitharama Raju,Paderu,Lolangipadu,0,0,1,1,0,0,0,1,0,1,0,1,0,0,0,0,1,0,1,1,0,1,0,1,0,1,0,1,0
2023-24,Andhra Pradesh,Alluri Sitharama Raju,Paderu,Kothapolam,0,1,0,1,0,0,0,1,0,1,0,1,0,0,0,0,1,0,1,1,0,1,0,1,0,1,0,1,0
2023-24,Andhra Pradesh,Alluri Sitharama Raju,Peda Bayalu,Kambalabayalu,0,3,3,2,4,0,4,0,2,6,0,1,1,4,0,0,6,2,4,6,0,6,0,6,0,6,0,6,0
2023-24,Andhra Pradesh,Alluri Sitharama Raju,Peda Bayalu,Amedelu,0,3,6,0,9,0,9,0,0,9,0,4,1,4,0,0,9,0,9,9,0,6,3,9,0,8,1,9,0
2023-24,Andhra Pradesh,Alluri Sitharama Raju,Peda Bayalu,Pedakondapalle,0,5,7,0,12,0,12,0,0,13,0,12,0,0,0,0,12,0,12,13,0,11,2,13,0,13,0,13,0
2023-24,Andhra Pradesh,Alluri Sitharama Raju,Peda Bayalu,Bangarumetta,0,4,0,0,4,0,4,0,0,4,0,3,0,1,0,0,4,0,4,4,0,3,1,4,0,4,0,4,0
2023-24,Andhra Pradesh,Alluri Sitharama Raju,Peda Bayalu,Chittamrai,0,3,0,0,3,0,3,0,0,3,0,2,0,1,0,0,3,0,3,3,0,3,0,3,0,3,0,3,0
2023-24,Andhra Pradesh,Alluri Sitharama Raju,Peda Bayalu,Deguvabondapalle,0,3,3,0,6,0,4,0,2,5,1,0,2,4,0,0,5,0,6,6,0,6,0,6,0,6,0,6,0
2023-24,Andhra Pradesh,Alluri Sitharama Raju,Peda Bayalu,Kittukonda,0,2,4,2,1,3,5,0,1,6,0,0,1,5,0,0,6,0,6,6,0,5,1,6,0,3,3,6,0
2023-24,Andhra Pradesh,Alluri Sitharama Raju,Peda Bayalu,Lakyaputtu,0,3,2,0,3,2,1,0,4,5,0,4,0,1,0,0,3,0,4,5,0,3,2,5,0,0,5,5,0
2023-24,Andhra Pradesh,Alluri Sitharama Raju,Peda Bayalu,Thamarada,0,4,5,0,9,0,9,0,0,9,0,8,0,1,0,0,9,0,9,9,0,6,3,9,0,6,3,9,0
2023-24,Andhra Pradesh,Alluri Sitharama Raju,Peda Bayalu,Arlabu,0,7,6,6,7,0,10,0,3,13,0,3,3,7,0,0,13,0,13,13,0,13,0,13,0,13,0,13,0
2023-24,Andhra Pradesh,Alluri Sitharama Raju,Peda Bayalu,Yeguvabondapalle,0,2,11,1,11,1,11,0,2,12,1,3,0,10,0,0,13,1,12,13,0,13,0,13,0,13,0,13,0
2023-24,Andhra Pradesh,Alluri Sitharama Raju,Peda Bayalu,Lichabu,0,4,2,0,6,0,6,0,0,6,0,1,1,4,0,0,6,0,6,5,1,6,0,6,0,6,0,6,0
2023-24,Andhra Pradesh,Alluri Sitharama Raju,Peda Bayalu,China Mukhi Puttu,0,1,6,0,7,0,7,0,0,7,0,2,0,5,0,0,7,0,7,7,0,2,5,7,0,7,0,6,1
2023-24,Andhra Pradesh,Alluri Sitharama Raju,Peda Bayalu,Borlada @ Badama,1,1,11,3,10,0,10,2,1,12,1,5,3,5,0,3,10,0,13,13,0,7,6,13,0,12,1,12,1
2023-24,Andhra Pradesh,Alluri Sitharama Raju,Peda Bayalu,Rudakota,0,3,7,0,10,0,10,0,0,10,0,4,0,6,0,0,10,0,10,10,0,7,3,10,0,9,1,9,1
2023-24,Andhra Pradesh,Alluri Sitharama Raju,Peda Bayalu,Sariyapalle,0,1,0,1,0,0,0,1,0,1,0,1,0,0,0,1,0,0,1,1,0,0,1,1,0,0,1,1,0
2023-24,Andhra Pradesh,Alluri Sitharama Raju,Peda Bayalu,Puligondi,1,3,1,0,5,0,5,0,0,4,1,1,2,2,0,0,5,1,4,5,0,5,0,5,0,5,0,5,0
2023-24,Andhra Pradesh,Alluri Sitharama Raju,Peda Bayalu,Agaruveedhi,0,2,0,0,2,0,2,0,0,2,0,1,0,1,0,0,2,0,2,2,0,2,0,2,0,2,0,2,0
2023-24,Andhra Pradesh,Alluri Sitharama Raju,Peda Bayalu,Sampangiputtu,0,7,3,0,10,0,10,0,0,10,0,8,0,2,0,0,10,0,10,10,0,9,1,10,0,7,3,10,0
2023-24,Andhra Pradesh,Alluri Sitharama Raju,Peda Bayalu,Lingeti,0,4,1,0,6,0,6,0,0,4,2,1,1,3,0,0,5,0,5,6,0,6,0,6,0,5,1,6,0
2023-24,Andhra Pradesh,Alluri Sitharama Raju,Peda Bayalu,Maredupalle,1,5,1,1,6,0,5,1,1,8,0,0,4,3,0,0,6,0,7,8,0,8,0,8,0,8,0,8,0
2023-24,Andhra Pradesh,Alluri Sitharama Raju,Peda Bayalu,Devarajumerakalu,0,2,0,0,2,0,1,0,1,2,0,0,0,2,0,0,2,0,2,2,0,2,0,2,0,2,0,2,0
2023-24,Andhra Pradesh,Alluri Sitharama Raju,Peda Bayalu,Bongaram,0,8,5,0,13,0,13,0,0,13,0,7,0,6,0,0,13,0,13,13,0,11,2,13,0,13,0,13,0
2023-24,Andhra Pradesh,Alluri Sitharama Raju,Peda Bayalu,Maggamveedhi,0,1,0,0,1,0,1,0,0,1,0,1,0,0,0,0,1,0,1,1,0,1,0,1,0,1,0,1,0
2023-24,Andhra Pradesh,Alluri Sitharama Raju,Peda Bayalu,Kummarigunta,0,4,1,0,5,0,5,0,0,5,0,2,1,2,0,0,5,0,5,5,0,5,0,5,0,5,0,5,0
2023-24,Andhra Pradesh,Alluri Sitharama Raju,Peda Bayalu,Gandalam,0,4,1,0,3,2,0,0,5,5,0,2,0,3,0,0,5,0,5,4,1,3,2,5,0,1,4,5,0
2023-24,Andhra Pradesh,Alluri Sitharama Raju,Peda Bayalu,Jakkum,1,3,3,0,7,0,6,0,1,7,0,1,1,5,0,0,7,0,7,7,0,7,0,7,0,6,0,7,0
2023-24,Andhra Pradesh,Alluri Sitharama Raju,Peda Bayalu,Tamaraveedhi,0,0,3,2,1,0,1,0,2,3,0,2,0,1,0,0,3,0,3,3,0,3,0,3,0,3,0,3,0
2023-24,Andhra Pradesh,Alluri Sitharama Raju,Peda Bayalu,Gamparai,0,1,0,0,0,1,0,1,0,1,0,0,1,0,0,0,1,0,1,1,0,0,1,1,0,0,1,1,0
2023-24,Andhra Pradesh,Alluri Sitharama Raju,Peda Bayalu,Cheediputtu,1,0,0,0,0,1,0,1,0,0,1,1,0,0,0,0,1,0,1,1,0,0,1,1,0,1,0,1,0
2023-24,Andhra Pradesh,Alluri Sitharama Raju,Peda Bayalu,Vellapalem,0,5,4,1,8,0,8,1,0,8,1,6,0,3,0,1,8,0,9,9,0,8,1,9,0,7,2,9,0
2023-24,Andhra Pradesh,Alluri Sitharama Raju,Peda Bayalu,Tarla Singi,0,3,1,0,4,0,3,0,1,4,0,0,1,3,0,0,4,0,4,4,0,4,0,4,0,4,0,4,0
2023-24,Andhra Pradesh,Alluri Sitharama Raju,Peda Bayalu,Moyyalagummi,0,2,0,0,2,0,1,0,1,2,0,1,0,1,0,0,2,0,2,2,0,2,0,2,0,2,0,2,0
2023-24,Andhra Pradesh,Alluri Sitharama Raju,Peda Bayalu,Gabuduputtu,1,6,4,0,11,0,9,0,2,11,0,2,2,7,0,0,11,0,11,11,0,11,0,11,0,11,0,11,0
2023-24,Andhra Pradesh,Alluri Sitharama Raju,Peda Bayalu,Chitrakayaputtu,0,1,0,0,1,0,1,0,0,1,0,0,1,0,0,0,1,0,1,1,0,1,0,1,0,0,1,1,0
2023-24,Andhra Pradesh,Alluri Sitharama Raju,Peda Bayalu,Malliputtu,0,1,0,0,1,0,1,0,0,1,0,1,0,0,0,0,1,0,1,1,0,1,0,1,0,1,0,1,0
2023-24,Andhra Pradesh,Alluri Sitharama Raju,Peda Bayalu,Pedagullelu,0,0,1,0,1,0,1,0,0,1,0,1,0,0,0,0,1,0,1,1,0,1,0,1,0,1,0,1,0
2023-24,Andhra Pradesh,Alluri Sitharama Raju,Peda Bayalu,Inupatigalu,2,4,1,4,1,2,0,4,3,2,5,4,1,2,0,5,2,0,7,7,0,2,5,7,0,3,4,7,0
2023-24,Andhra Pradesh,Alluri Sitharama Raju,Peda Bayalu,Seekari,1,8,3,2,10,0,10,2,0,10,2,8,1,3,0,2,9,0,12,12,0,5,7,12,0,10,2,11,1
2023-24,Andhra Pradesh,Alluri Sitharama Raju,Peda Bayalu,Ginnelakota,0,3,1,0,3,1,1,1,2,4,0,3,0,1,0,0,4,0,4,4,0,1,3,4,0,2,2,4,0
2023-24,Andhra Pradesh,Alluri Sitharama Raju,Peda Bayalu,Gaburumamidi,0,1,0,1,0,0,1,0,0,1,0,1,0,0,0,0,1,0,1,1,0,1,0,1,0,0,1,1,0
2023-24,Andhra Pradesh,Alluri Sitharama Raju,Peda Bayalu,Tarabu,0,5,1,1,5,0,6,0,0,6,0,1,1,4,0,0,6,0,6,6,0,4,2,6,0,3,3,6,0
2023-24,Andhra Pradesh,Alluri Sitharama Raju,Peda Bayalu,Kondru,1,7,2,3,7,0,10,0,0,10,0,1,2,7,0,0,10,0,10,10,0,10,0,10,0,10,0,10,0
2023-24,Andhra Pradesh,Alluri Sitharama Raju,Peda Bayalu,Sarigaguda,0,9,0,0,9,0,9,0,0,9,0,8,0,1,0,0,9,0,9,9,0,5,4,9,0,9,0,9,0
2023-24,Andhra Pradesh,Alluri Sitharama Raju,Peda Bayalu,Kenduguda,0,11,0,0,11,0,11,0,0,11,0,10,1,0,0,0,11,0,11,11,0,4,7,11,0,8,3,11,0
2023-24,Andhra Pradesh,Alluri Sitharama Raju,Peda Bayalu,Kimudupalle,0,5,3,1,7,0,8,0,0,8,0,3,1,4,0,0,8,0,8,8,0,8,0,8,0,8,0,8,0
2023-24,Andhra Pradesh,Alluri Sitharama Raju,Peda Bayalu,Panneda,0,2,1,0,3,0,2,0,1,3,0,1,0,2,0,0,3,0,3,3,0,1,2,3,0,2,1,3,0
2023-24,Andhra Pradesh,Alluri Sitharama Raju,Peda Bayalu,Arimera,0,1,2,0,3,0,3,0,0,3,0,2,0,1,0,0,3,0,3,3,0,3,0,3,0,2,1,3,0
2023-24,Andhra Pradesh,Alluri Sitharama Raju,Peda Bayalu,Musidiputtu,1,6,3,2,8,0,8,1,1,9,1,6,0,4,0,2,8,0,10,10,0,8,2,10,0,6,4,10,0
2023-24,Andhra Pradesh,Alluri Sitharama Raju,Peda Bayalu,Pedabayalu,0,0,2,0,2,0,2,0,0,2,0,2,0,0,0,0,2,0,2,2,0,2,0,2,0,2,0,2,0
2023-24,Andhra Pradesh,Alluri Sitharama Raju,Peda Bayalu,Gondikodaputtu,0,7,4,1,10,0,8,1,2,11,0,6,1,4,0,1,10,1,10,11,0,8,3,11,0,8,3,11,0
2023-24,Andhra Pradesh,Alluri Sitharama Raju,Peda Bayalu,Adugulaputtu,2,9,2,3,10,0,9,2,2,12,1,11,0,2,0,2,11,0,13,12,1,8,5,13,0,10,3,13,0
2023-24,Andhra Pradesh,Alluri Sitharama Raju,Peda Bayalu,Jamiguda,1,0,0,1,0,0,0,1,0,1,0,0,0,1,0,0,1,0,1,1,0,0,1,1,0,0,1,1,0
2023-24,Andhra Pradesh,Alluri Sitharama Raju,Peda Bayalu,Gajjangiveedhi,0,0,3,1,2,0,2,0,1,3,0,1,0,2,0,0,3,0,3,3,0,3,0,3,0,3,0,3,0
2023-24,Andhra Pradesh,Alluri Sitharama Raju,Peda Bayalu,Gadulaputtu,1,0,0,1,0,0,0,0,1,0,1,1,0,0,0,1,0,0,1,1,0,1,0,1,0,1,0,1,0
2023-24,Andhra Pradesh,Alluri Sitharama Raju,Peda Bayalu,Valugupalle,0,5,13,0,18,0,18,0,0,18,0,12,1,5,0,0,18,1,17,18,0,14,4,18,0,14,4,18,0
2023-24,Andhra Pradesh,Alluri Sitharama Raju,Peda Bayalu,Chandiputtu,1,8,6,2,12,1,13,1,1,15,0,2,2,10,0,0,13,0,14,15,0,15,0,15,0,15,0,15,0
2023-24,Andhra Pradesh,Alluri Sitharama Raju,Peda Bayalu,Andravara,0,0,5,0,5,0,4,0,1,5,0,5,0,0,0,0,5,0,5,5,0,4,1,5,0,4,1,5,0
2023-24,Andhra Pradesh,Alluri Sitharama Raju,Peda Bayalu,Pinaravalli,0,12,2,0,14,0,14,0,0,14,0,5,1,8,0,0,14,0,14,14,0,7,7,14,0,14,0,14,0
2023-24,Andhra Pradesh,Alluri Sitharama Raju,Rajavommangi,Urlakulapadu,0,25,0,22,0,3,24,0,1,22,3,0,19,6,0,2,23,3,22,25,0,16,9,24,1,23,2,25,0
2023-24,Andhra Pradesh,Alluri Sitharama Raju,Rajavommangi,Kondalingamparthi,0,11,0,5,1,5,11,0,0,11,0,0,7,4,0,1,10,3,8,11,0,8,3,11,0,11,0,11,0
2023-24,Andhra Pradesh,Alluri Sitharama Raju,Rajavommangi,Ginjerthi,0,9,0,6,0,3,3,0,6,9,0,3,3,3,0,0,9,2,7,9,0,4,5,9,0,9,0,9,0
2023-24,Andhra Pradesh,Alluri Sitharama Raju,Rajavommangi,Komarapuram,0,10,0,8,0,2,10,0,0,9,1,1,5,4,0,1,9,3,7,10,0,0,10,10,0,10,0,10,0
2023-24,Andhra Pradesh,Alluri Sitharama Raju,Rajavommangi,Thantikonda,0,23,1,20,0,4,21,1,2,23,1,5,12,7,0,0,23,3,20,24,0,13,11,24,0,23,1,24,0
2023-24,Andhra Pradesh,Alluri Sitharama Raju,Rajavommangi,Singampalle,0,14,0,13,0,1,14,0,0,14,0,3,5,6,0,0,14,1,13,13,1,5,9,14,0,12,2,14,0
2023-24,Andhra Pradesh,Alluri Sitharama Raju,Rajavommangi,Yerrampadu,0,0,2,2,0,0,0,0,2,2,0,0,2,0,0,0,2,0,2,2,0,2,0,2,0,2,0,2,0
2023-24,Andhra Pradesh,Alluri Sitharama Raju,Rajavommangi,Voyyedu,0,3,0,3,0,0,3,0,0,2,1,0,2,1,0,0,3,0,3,3,0,2,1,3,0,2,1,3,0
2023-24,Andhra Pradesh,Alluri Sitharama Raju,Rajavommangi,Murlavanipalem,0,6,0,6,0,0,6,0,0,4,2,3,0,3,0,0,6,0,6,6,0,2,4,6,0,5,1,6,0
2023-24,Andhra Pradesh,Alluri Sitharama Raju,Rajavommangi,Nellimetla,0,6,0,3,1,2,6,0,0,6,0,0,5,1,0,0,6,0,6,6,0,1,5,6,0,6,0,6,0
2023-24,Andhra Pradesh,Alluri Sitharama Raju,Rajavommangi,Rajavommangi,0,38,0,27,1,10,34,0,4,37,1,12,6,20,0,4,34,7,31,38,0,12,26,37,1,36,2,38,0
2023-24,Andhra Pradesh,Alluri Sitharama Raju,Rajavommangi,Surampalem,0,10,1,9,0,2,10,0,1,11,0,5,2,4,1,1,9,6,5,11,0,2,9,11,0,9,2,11,0
2023-24,Andhra Pradesh,Alluri Sitharama Raju,Rajavommangi,Labbarthi,0,11,1,7,0,5,10,0,2,11,1,1,7,4,0,2,10,7,5,12,0,6,6,12,0,11,1,12,0
2023-24,Andhra Pradesh,Alluri Sitharama Raju,Rajavommangi,Kondapalle,0,13,0,8,0,5,7,0,6,10,3,4,5,4,0,1,12,2,11,13,0,1,12,13,0,12,1,13,0
2023-24,Andhra Pradesh,Alluri Sitharama Raju,Rajavommangi,Kindra,0,36,2,30,2,6,30,4,4,37,1,9,18,11,0,6,32,6,32,37,1,17,21,38,0,34,4,38,0
2023-24,Andhra Pradesh,Alluri Sitharama Raju,Rajavommangi,Vanakarayi,0,10,2,10,0,2,10,1,1,11,1,5,5,2,0,0,12,2,10,12,0,8,4,12,0,10,2,12,0
2023-24,Andhra Pradesh,Alluri Sitharama Raju,Rajavommangi,Sarabhavaram,0,8,1,9,0,0,8,0,1,9,0,3,3,3,0,0,9,1,8,9,0,1,8,8,1,8,1,9,0
2023-24,Andhra Pradesh,Alluri Sitharama Raju,Rajavommangi,Chikilinta,0,14,1,7,1,7,12,1,2,14,1,2,9,4,0,2,13,6,9,15,0,7,8,15,0,14,1,15,0
2023-24,Andhra Pradesh,Alluri Sitharama Raju,Rajavommangi,Velagalapalem,0,10,0,8,1,1,7,1,2,10,0,0,7,3,0,2,8,2,8,10,0,3,7,10,0,9,1,10,0
2023-24,Andhra Pradesh,Alluri Sitharama Raju,Rajavommangi,Jaddangi,0,30,1,26,0,5,21,0,10,27,4,6,16,9,0,4,27,3,28,31,0,15,16,31,0,28,3,31,0
2023-24,Andhra Pradesh,Alluri Sitharama Raju,Rajavommangi,Vatangi,0,19,1,16,1,3,18,1,1,20,0,7,9,4,0,2,18,3,17,20,0,3,17,20,0,19,1,20,0
2023-24,Andhra Pradesh,Alluri Sitharama Raju,Rajavommangi,Lododdi,0,9,0,8,0,1,9,0,0,8,1,3,4,2,0,0,9,1,8,9,0,3,6,8,1,6,3,9,0
2023-24,Andhra Pradesh,Alluri Sitharama Raju,Rajavommangi,Donelapalem,0,4,0,4,0,0,4,0,0,4,0,0,4,0,0,0,4,0,4,4,0,1,3,4,0,4,0,4,0
2023-24,Andhra Pradesh,Alluri Sitharama Raju,Rajavommangi,Gaduvakurthi,0,20,1,19,0,2,17,1,3,21,0,3,10,8,0,0,21,4,17,21,0,7,14,21,0,20,1,21,0
2023-24,Andhra Pradesh,Alluri Sitharama Raju,Rajavommangi,Dusaripamu,0,21,0,20,0,1,15,0,6,21,0,2,13,6,0,2,19,2,19,20,1,8,13,21,0,19,2,21,0
2023-24,Andhra Pradesh,Alluri Sitharama Raju,Rajavommangi,Chinarellangipadu,0,20,0,16,0,4,17,0,3,14,6,0,14,6,0,4,16,6,14,20,0,6,14,20,0,18,2,20,0
2023-24,Andhra Pradesh,Alluri Sitharama Raju,Rajavommangi,Lagarayi,0,8,0,7,0,1,8,0,0,7,1,3,3,2,0,0,8,1,7,8,0,2,6,8,0,8,0,8,0
2023-24,Andhra Pradesh,Alluri Sitharama Raju,Rajavommangi,Badadanampalle,0,10,0,8,0,2,8,0,2,2,8,0,8,2,0,1,9,2,8,10,0,0,10,10,0,10,0,10,0
2023-24,Andhra Pradesh,Alluri Sitharama Raju,Rajavommangi,Marripalem,0,5,0,4,0,1,4,0,1,5,0,0,2,3,0,1,4,1,4,5,0,0,5,5,0,4,1,5,0
2023-24,Andhra Pradesh,Alluri Sitharama Raju,Rajavommangi,Revatipalem,0,15,0,14,0,1,12,0,3,14,1,7,4,4,0,2,13,2,13,15,0,6,9,15,0,15,0,15,0
2023-24,Andhra Pradesh,Alluri Sitharama Raju,Rajavommangi,Aminabada,0,23,2,13,4,9,24,2,0,12,14,0,17,8,0,7,18,9,16,26,0,6,20,24,2,22,4,26,0
2023-24,Andhra Pradesh,Alluri Sitharama Raju,Rampachodavaram,Musurumilli,0,1,0,0,0,1,0,0,1,0,1,0,0,1,0,0,1,0,1,1,0,0,1,1,0,0,1,1,0
2023-24,Andhra Pradesh,Alluri Sitharama Raju,Rampachodavaram,Peda Barangi,0,1,0,1,0,0,0,1,0,0,1,0,0,1,0,0,1,0,1,1,0,0,1,1,0,0,1,1,0
2023-24,Andhra Pradesh,Alluri Sitharama Raju,Rampachodavaram,Ginnepalle,0,0,1,0,0,1,1,0,0,0,1,1,0,0,0,0,1,0,1,1,0,0,1,1,0,0,1,1,0
2023-24,Andhra Pradesh,Alluri Sitharama Raju,Rampachodavaram,Sirigindalapadu,0,2,0,1,0,1,0,2,0,0,2,1,0,1,0,0,2,0,2,2,0,0,2,2,0,0,2,2,0
2023-24,Andhra Pradesh,Alluri Sitharama Raju,Rampachodavaram,Suvarlavada,0,4,0,4,0,0,0,4,0,0,4,2,0,2,0,1,3,0,4,4,0,1,3,4,0,1,3,3,1
2023-24,Andhra Pradesh,Alluri Sitharama Raju,Rampachodavaram,China Barangi,0,2,0,0,1,1,0,0,2,0,2,2,0,0,0,0,2,0,2,2,0,1,1,1,1,0,2,2,0
2023-24,Andhra Pradesh,Alluri Sitharama Raju,Rampachodavaram,Beerampalle,0,1,2,2,1,0,0,3,0,0,3,2,0,1,0,0,3,0,3,3,0,0,3,3,0,0,3,3,0
2023-24,Andhra Pradesh,Alluri Sitharama Raju,Rampachodavaram,I. Polavaram,0,3,0,3,0,0,0,3,0,0,3,2,0,1,0,0,3,0,3,3,0,1,2,3,0,0,3,3,0
2023-24,Andhra Pradesh,Alluri Sitharama Raju,Rampachodavaram,Rampachodavaram (Ct),0,1,0,0,0,1,0,1,0,0,1,1,0,0,0,0,1,0,1,1,0,0,1,1,0,0,1,1,0
2023-24,Andhra Pradesh,Alluri Sitharama Raju,Vararamachandrapuram,Mulkapalle,0,0,1,1,0,0,0,0,1,0,1,0,1,0,0,0,1,0,1,1,0,1,0,1,0,1,0,1,0
2023-24,Andhra Pradesh,Alluri Sitharama Raju,Vararamachandrapuram,Isunuru,0,1,0,1,0,0,0,1,0,0,1,0,1,0,0,0,1,0,1,1,0,0,1,1,0,1,0,1,0
2023-24,Andhra Pradesh,Alluri Sitharama Raju,Vararamachandrapuram,Rekapalle,0,9,1,10,0,0,0,3,7,9,1,0,10,0,0,0,9,0,9,4,6,1,9,9,1,5,5,2,8
2023-24,Andhra Pradesh,Alluri Sitharama Raju,Vararamachandrapuram,Thotapalle,0,10,2,11,0,1,0,3,9,10,2,0,3,7,0,0,10,0,10,3,10,1,11,8,5,12,0,2,11
2023-24,Andhra Pradesh,Alluri Sitharama Raju,Vararamachandrapuram,Buruguwada,0,0,4,1,1,2,0,3,1,1,3,0,4,0,0,0,4,0,4,3,1,3,1,4,0,1,3,1,3
2023-24,Andhra Pradesh,Alluri Sitharama Raju,Vararamachandrapuram,Peddamattapalle,1,15,1,12,0,5,0,10,7,17,0,0,14,3,1,0,16,0,17,2,15,0,17,17,0,5,12,2,15
2023-24,Andhra Pradesh,Alluri Sitharama Raju,Vararamachandrapuram,Ummadivaram,0,6,0,5,0,1,0,1,5,7,0,0,4,1,0,0,4,0,4,0,8,0,7,8,0,7,0,0,8
2023-24,Andhra Pradesh,Alluri Sitharama Raju,Vararamachandrapuram,Chinnamattapalle,0,10,3,9,0,4,0,9,4,12,1,1,8,4,0,0,13,0,13,1,12,0,13,13,0,3,10,1,12
2023-24,Andhra Pradesh,Alluri Sitharama Raju,Vararamachandrapuram,Venkampalem,0,1,1,2,0,0,0,2,0,0,2,0,1,1,0,0,2,0,2,2,0,2,0,2,0,2,0,2,0
2023-24,Andhra Pradesh,Alluri Sitharama Raju,Vararamachandrapuram,Verapapanikunta,0,2,0,2,0,0,0,1,1,2,0,0,0,2,0,0,2,0,2,0,3,0,2,3,0,0,2,0,3
2023-24,Andhra Pradesh,Alluri Sitharama Raju,Vararamachandrapuram,Darapalle,0,2,3,2,2,1,0,0,5,5,0,0,0,5,0,0,5,0,5,0,5,0,5,5,0,0,5,3,2
2023-24,Andhra Pradesh,Alluri Sitharama Raju,Vararamachandrapuram,Jediguppa,1,0,0,1,0,0,0,0,1,0,1,0,1,0,0,0,1,0,1,1,0,0,1,1,0,1,0,1,0
2023-24,Andhra Pradesh,Alluri Sitharama Raju,Vararamachandrapuram,Rajupeta,0,0,1,1,0,0,0,0,1,0,1,0,0,1,0,0,1,0,1,1,0,0,1,1,0,1,0,1,0
2023-24,Andhra Pradesh,Alluri Sitharama Raju,Vararamachandrapuram,Tellamvari Gudem,0,1,0,1,0,0,0,0,1,1,0,0,0,1,0,0,1,0,1,0,1,0,1,1,0,0,1,0,1
2023-24,Andhra Pradesh,Alluri Sitharama Raju,Vararamachandrapuram,Gundugudem,0,1,0,1,0,0,0,1,0,1,0,0,0,1,0,0,1,0,1,0,1,0,1,1,0,0,1,0,1
2023-24,Andhra Pradesh,Alluri Sitharama Raju,Vararamachandrapuram,Mulakanapalle,0,6,1,2,0,5,0,6,1,5,2,0,7,0,0,0,7,0,7,2,5,2,5,7,0,2,5,2,5
2023-24,Andhra Pradesh,Alluri Sitharama Raju,Vararamachandrapuram,Gollagudem,0,8,6,12,1,1,0,2,12,14,0,0,3,11,0,0,14,0,14,0,14,0,12,14,0,6,8,0,14
2023-24,Andhra Pradesh,Alluri Sitharama Raju,Vararamachandrapuram,Kothapeta,0,2,0,1,0,1,0,2,0,1,1,0,1,0,0,0,1,0,1,1,1,0,2,2,0,1,1,1,1
2023-24,Andhra Pradesh,Alluri Sitharama Raju,Vararamachandrapuram,Koppalle,0,9,6,14,0,1,0,2,13,15,0,1,8,6,0,0,14,0,15,0,15,0,15,15,0,4,11,0,15
2023-24,Andhra Pradesh,Alluri Sitharama Raju,Vararamachandrapuram,Somulagudem,0,1,2,3,0,0,1,1,1,0,3,0,1,2,0,0,3,0,3,3,0,3,0,3,0,2,1,3,0
2023-24,Andhra Pradesh,Alluri Sitharama Raju,Y. Ramavaram,Mangampadu,0,5,3,0,7,1,0,8,0,8,0,0,7,1,0,0,8,0,8,4,4,8,0,8,0,0,8,8,0
2023-24,Andhra Pradesh,Alluri Sitharama Raju,Y. Ramavaram,Boddumamidi,1,6,1,1,7,0,0,8,0,8,0,0,8,0,0,0,8,0,8,5,3,8,0,8,0,0,8,8,0
2023-24,Andhra Pradesh,Alluri Sitharama Raju,Y. Ramavaram,Donkarai,0,3,0,0,0,3,1,0,2,2,1,1,0,2,0,0,3,0,3,3,0,3,0,3,0,0,3,3,0
2023-24,Andhra Pradesh,Alluri Sitharama Raju,Y. Ramavaram,Vedullapalle,0,2,2,0,3,1,1,3,0,0,4,0,3,1,0,0,4,0,4,3,1,3,1,4,0,0,4,4,0
2023-24,Andhra Pradesh,Alluri Sitharama Raju,Y. Ramavaram,Sirimetla,0,1,2,1,2,0,0,3,0,0,3,1,1,1,0,0,3,0,3,0,3,0,3,3,0,0,3,3,0
2023-24,Andhra Pradesh,Alluri Sitharama Raju,Y. Ramavaram,Chinavulempadu,0,1,3,2,2,0,0,4,0,3,1,0,4,0,0,0,4,0,4,3,1,4,0,4,0,0,4,4,0
2023-24,Andhra Pradesh,Alluri Sitharama Raju,Y. Ramavaram,Kota,0,9,5,1,10,3,0,14,0,0,14,1,7,6,0,0,14,0,14,4,10,2,12,14,0,0,14,11,3
2023-24,Andhra Pradesh,Alluri Sitharama Raju,Y. Ramavaram,Mulasalapalem,0,1,0,0,0,1,0,1,0,0,1,0,1,0,0,0,1,0,1,0,1,1,0,1,0,0,1,0,1
2023-24,Andhra Pradesh,Alluri Sitharama Raju,Y. Ramavaram,Nuvvugantipalem,0,6,4,2,7,1,2,8,0,0,10,6,2,2,1,0,9,0,10,0,10,2,8,10,0,0,10,1,9
2023-24,Andhra Pradesh,Alluri Sitharama Raju,Y. Ramavaram,Yerramreddipalem,0,29,9,7,17,14,0,37,1,1,37,7,23,8,0,0,38,0,38,3,35,10,28,35,3,0,38,3,35
2023-24,Andhra Pradesh,Alluri Sitharama Raju,Y. Ramavaram,Dalipadu,0,2,9,5,2,4,2,9,0,2,9,0,5,6,0,0,11,0,11,9,2,3,8,11,0,0,11,11,0
2023-24,Andhra Pradesh,Alluri Sitharama Raju,Y. Ramavaram,Chendurthi,0,2,2,2,0,2,0,4,0,1,3,0,4,0,0,0,4,0,4,4,0,4,0,4,0,0,4,4,0
2023-24,Andhra Pradesh,Alluri Sitharama Raju,Y. Ramavaram,Devaramadugula,0,6,20,5,19,2,1,25,0,9,17,9,15,2,0,0,26,0,26,23,3,9,17,26,0,0,26,24,2
2023-24,Andhra Pradesh,Alluri Sitharama Raju,Y. Ramavaram,Totakurapalem,0,1,0,0,1,0,0,1,0,0,1,1,0,0,0,0,1,0,1,1,0,0,1,1,0,0,1,0,1
2023-24,Andhra Pradesh,Alluri Sitharama Raju,Y. Ramavaram,Putikunta,0,7,1,5,3,0,0,8,0,0,8,0,6,2,0,0,8,0,8,8,0,1,7,8,0,0,8,8,0
2023-24,Andhra Pradesh,Alluri Sitharama Raju,Y. Ramavaram,Rachapalem,1,2,8,1,6,4,1,10,0,2,9,0,10,1,0,0,11,0,11,7,4,11,0,11,0,1,10,5,6
2023-24,Andhra Pradesh,Alluri Sitharama Raju,Y. Ramavaram,Kanatalabanda,0,11,0,0,4,7,0,9,2,3,8,2,8,1,0,0,11,0,11,3,8,11,0,11,0,0,11,4,7
2023-24,Andhra Pradesh,Alluri Sitharama Raju,Y. Ramavaram,Munagalapudi,0,5,0,3,0,2,0,5,0,0,5,0,5,0,0,0,5,0,5,1,4,2,3,5,0,0,5,5,0
2023-24,Andhra Pradesh,Alluri Sitharama Raju,Y. Ramavaram,Vanamamidigondi,0,0,3,1,2,0,0,3,0,3,0,0,2,1,0,0,3,0,3,2,1,3,0,3,0,0,3,3,0
2023-24,Andhra Pradesh,Alluri Sitharama Raju,Y. Ramavaram,Panasalapalem,0,2,5,2,5,0,0,7,0,2,5,0,5,2,0,0,7,0,7,2,5,7,0,7,0,1,6,5,2
2023-24,Andhra Pradesh,Alluri Sitharama Raju,Y. Ramavaram,Paidiputta,0,1,9,0,10,0,0,10,0,1,9,1,8,1,0,0,10,0,9,4,6,10,0,10,0,0,10,2,8
2023-24,Andhra Pradesh,Alluri Sitharama Raju,Y. Ramavaram,Dadalikavada,0,2,0,0,1,1,0,2,0,0,2,0,2,0,0,0,2,0,2,1,1,2,0,2,0,0,2,0,2
2023-24,Andhra Pradesh,Alluri Sitharama Raju,Y. Ramavaram,Nellikota,0,1,0,0,1,0,0,1,0,1,0,0,1,0,0,0,1,0,1,0,1,1,0,1,0,0,1,0,1
2023-24,Andhra Pradesh,Alluri Sitharama Raju,Y. Ramavaram,Chamagedda,0,2,1,0,0,3,0,3,0,1,2,0,3,0,0,0,3,0,3,2,1,3,0,3,0,1,2,0,3
2023-24,Andhra Pradesh,Alluri Sitharama Raju,Y. Ramavaram,Y. Ramavaram,0,0,2,0,2,0,0,2,0,0,2,0,1,1,0,2,0,0,2,2,0,2,0,2,0,0,2,2,0
2023-24,Andhra Pradesh,Alluri Sitharama Raju,Y. Ramavaram,Jangalathota,0,5,0,1,4,0,1,4,0,2,3,1,4,0,0,0,5,0,5,3,2,5,0,5,0,0,5,4,1
2023-24,Andhra Pradesh,Alluri Sitharama Raju,Y. Ramavaram,Singavaram,0,7,7,1,9,4,0,14,0,3,11,3,10,1,0,0,14,0,14,7,7,14,0,14,0,0,14,5,9
2023-24,Andhra Pradesh,Alluri Sitharama Raju,Y. Ramavaram,Yarlagadda,0,4,2,0,6,0,0,6,0,2,4,0,5,1,0,0,6,0,6,3,3,6,0,6,0,0,6,0,6
2023-24,Andhra Pradesh,Alluri Sitharama Raju,Y. Ramavaram,Tumikelapadu,0,0,5,2,3,0,0,5,0,0,5,0,4,1,0,0,5,0,5,3,2,1,4,4,1,0,5,5,0
2023-24,Andhra Pradesh,Alluri Sitharama Raju,Y. Ramavaram,Nakkarathipalem,0,2,2,0,4,0,0,4,0,0,4,0,4,0,0,0,4,1,3,4,0,4,0,4,0,0,4,2,2
2023-24,Andhra Pradesh,Alluri Sitharama Raju,Y. Ramavaram,Marriguda,0,2,3,1,3,1,0,5,0,5,0,0,5,0,0,1,4,0,5,3,2,5,0,5,0,0,5,5,0
2023-24,Andhra Pradesh,Alluri Sitharama Raju,Y. Ramavaram,Pulusumamidi,0,3,2,4,0,1,0,5,0,0,5,1,1,3,0,0,5,0,5,3,2,0,5,4,1,0,5,5,0
2023-24,Andhra Pradesh,Alluri Sitharama Raju,Y. Ramavaram,Bullojupalem,0,2,3,0,4,1,1,4,0,0,5,0,4,1,0,0,4,1,4,0,5,1,4,5,0,0,5,1,4
2023-24,Andhra Pradesh,Alluri Sitharama Raju,Y. Ramavaram,Muvvalavada,0,1,4,0,5,0,0,5,0,2,3,1,3,1,0,0,5,0,5,2,3,5,0,5,0,0,5,3,2
2023-24,Andhra Pradesh,Alluri Sitharama Raju,Y. Ramavaram,Puttapalle,0,3,4,4,2,1,1,6,0,0,7,0,7,0,0,0,7,0,7,5,2,4,3,7,0,0,7,7,0
2023-24,Andhra Pradesh,Alluri Sitharama Raju,Y. Ramavaram,Regadipalem,0,1,4,0,4,1,0,5,0,5,0,0,5,0,0,0,5,0,5,2,3,5,0,5,0,0,5,5,0
2023-24,Andhra Pradesh,Alluri Sitharama Raju,Y. Ramavaram,Boddapalle,0,1,0,1,0,0,0,0,1,1,0,1,0,0,0,0,1,0,1,1,0,1,0,1,0,0,1,1,0
2023-24,Andhra Pradesh,Alluri Sitharama Raju,Y. Ramavaram,K. Yerragonda,0,1,3,0,2,2,1,3,0,4,0,0,3,1,0,0,4,0,4,1,3,4,0,4,0,2,2,4,0
2023-24,Andhra Pradesh,Alluri Sitharama Raju,Y. Ramavaram,Godugurayi,0,3,7,2,8,0,0,10,0,10,0,0,10,0,0,0,10,0,10,1,9,10,0,10,0,0,10,10,0
2023-24,Andhra Pradesh,Alluri Sitharama Raju,Y. Ramavaram,Ammapeta,1,0,2,0,1,2,0,3,0,2,1,0,3,0,0,0,3,0,3,1,2,3,0,3,0,0,3,3,0
2023-24,Andhra Pradesh,Alluri Sitharama Raju,Y. Ramavaram,Pedavulempadu,0,1,5,0,5,1,0,6,0,3,3,1,4,1,0,0,6,0,6,2,4,6,0,6,0,1,5,5,1
2023-24,Andhra Pradesh,Alluri Sitharama Raju,Y. Ramavaram,Chavitidibbalu,0,6,12,4,5,9,0,12,6,4,14,8,10,0,0,0,18,0,18,12,6,7,11,18,0,0,18,16,2
2023-24,Andhra Pradesh,Alluri Sitharama Raju,Y. Ramavaram,Bheemudugadda,0,5,4,0,9,0,0,9,0,2,7,0,8,1,0,6,3,0,9,4,5,9,0,9,0,0,9,9,0
2023-24,Andhra Pradesh,Alluri Sitharama Raju,Y. Ramavaram,Dabbamamidi,0,1,0,0,0,1,0,1,0,0,1,0,1,0,0,1,0,0,1,1,0,1,0,1,0,0,1,0,1
2023-24,Andhra Pradesh,Alluri Sitharama Raju,Y. Ramavaram,Chinthakarrapalem,0,13,8,1,19,1,2,17,2,2,19,1,17,3,0,6,15,0,21,13,8,21,0,21,0,0,21,19,2
2023-24,Andhra Pradesh,Alluri Sitharama Raju,Y. Ramavaram,P. Yerragonda,0,2,0,1,0,1,2,0,0,2,0,0,0,2,0,0,2,0,2,0,2,2,0,2,0,0,2,2,0
2023-24,Andhra Pradesh,Alluri Sitharama Raju,Y. Ramavaram,Bandigedda,0,0,1,1,0,0,0,1,0,0,1,1,0,0,0,0,1,0,1,0,1,1,0,1,0,0,1,0,1
2023-24,Andhra Pradesh,Alluri Sitharama Raju,Y. Ramavaram,Bonangipalem,0,5,1,6,0,0,0,4,2,0,6,0,6,0,0,0,6,0,6,6,0,1,5,6,0,1,5,6,0
2023-24,Andhra Pradesh,Anakapalli,Achutapuram,Gangamambapura Agraharam,0,1,0,1,0,0,1,0,0,1,0,0,1,0,0,0,1,0,1,0,1,0,1,0,1,1,0,1,0
2023-24,Andhra Pradesh,Anakapalli,Achutapuram,Thimmarajupeta,5,9,5,16,2,1,11,2,6,19,0,5,9,5,2,2,15,0,19,12,7,9,10,16,3,19,0,18,1
2023-24,Andhra Pradesh,Anakapalli,Achutapuram,Melupaka Jagannadhapuram,1,1,1,2,1,0,2,0,1,3,0,1,1,1,2,0,1,0,3,0,3,0,3,2,1,3,0,3,0
2023-24,Andhra Pradesh,Anakapalli,Achutapuram,Yerravaram,5,4,2,7,3,1,7,2,2,10,1,5,4,2,4,0,7,0,11,10,1,8,3,9,2,11,0,11,0
2023-24,Andhra Pradesh,Anakapalli,Achutapuram,Bhogapuram,6,15,3,23,1,0,21,1,2,22,2,6,13,5,0,6,18,0,24,15,9,18,6,24,0,24,0,23,1
2023-24,Andhra Pradesh,Anakapalli,Achutapuram,Somavaram,2,8,4,10,4,0,7,3,4,11,3,2,8,4,6,0,8,0,14,11,3,8,6,14,0,14,0,13,1
2023-24,Andhra Pradesh,Anakapalli,Achutapuram,Haripalem,3,23,11,25,8,4,30,2,5,36,1,3,23,11,0,0,37,2,35,20,17,18,19,31,6,36,1,33,4
2023-24,Andhra Pradesh,Anakapalli,Achutapuram,Cheemalapalle,0,0,1,1,0,0,1,0,0,0,1,0,0,1,0,0,1,0,1,1,0,1,0,1,0,1,0,1,0
2023-24,Andhra Pradesh,Anakapalli,Achutapuram,Maduthuru,11,19,12,41,0,1,26,4,12,40,2,11,21,10,1,0,41,0,42,17,25,17,25,42,0,41,1,42,0
2023-24,Andhra Pradesh,Anakapalli,Achutapuram,Duppituru,2,7,3,11,0,1,12,0,0,12,0,2,7,3,2,0,10,0,12,3,9,2,10,7,5,12,0,7,5
2023-24,Andhra Pradesh,Anakapalli,Achutapuram,Dosuru,1,4,1,6,0,0,4,1,1,6,0,1,4,1,0,0,6,0,6,2,4,2,4,6,0,6,0,6,0
2023-24,Andhra Pradesh,Anakapalli,Achutapuram,Kondakarla,0,1,0,1,0,0,1,0,0,1,0,0,1,0,0,0,1,1,0,1,0,1,0,1,0,1,0,1,0
2023-24,Andhra Pradesh,Anakapalli,Achutapuram,Pedapadu,0,1,0,1,0,0,1,0,0,1,0,0,1,0,0,1,0,0,1,0,1,0,1,1,0,1,0,1,0
2023-24,Andhra Pradesh,Anakapalli,Achutapuram,Chodapalle,4,14,9,27,0,0,17,4,6,26,1,5,14,8,6,0,21,0,27,13,14,7,20,21,6,27,0,25,2
2023-24,Andhra Pradesh,Anakapalli,Achutapuram,Uppavaram,1,2,2,4,0,1,0,1,4,2,3,1,2,2,2,0,3,0,5,2,3,2,3,4,1,5,0,5,0
2023-24,Andhra Pradesh,Anakapalli,Achutapuram,Veduruvada,5,16,12,32,0,1,33,0,0,31,2,4,17,12,1,0,32,0,33,9,24,4,29,7,26,33,0,30,3
2023-24,Andhra Pradesh,Anakapalli,Anakapalle,Anakapalle North,22,41,32,66,12,17,63,4,28,89,7,24,38,33,3,1,91,8,87,61,32,70,22,92,2,89,6,80,10
2023-24,Andhra Pradesh,Anakapalli,Anakapalle,Bowluvada (Ct),4,12,3,10,5,4,14,2,4,20,0,5,10,4,1,0,18,0,19,5,15,17,3,20,0,20,0,20,0
2023-24,Andhra Pradesh,Anakapalli,Anakapalle,Golagam,3,12,5,19,0,1,11,1,8,19,1,3,12,5,0,0,20,0,20,6,14,20,0,20,0,19,1,17,3
2023-24,Andhra Pradesh,Anakapalli,Anakapalle,Maredupudi Agraharam,1,0,0,1,0,0,1,0,0,1,0,1,0,0,0,0,1,0,1,1,0,1,0,1,0,1,0,1,0
2023-24,Andhra Pradesh,Anakapalli,Anakapalle,Maredupudi,4,10,2,11,1,4,16,0,0,15,1,4,9,3,0,0,16,0,16,11,5,14,2,16,0,16,0,11,5
2023-24,Andhra Pradesh,Anakapalli,Anakapalle,Rebaka,1,8,5,7,3,4,9,1,4,14,0,2,7,5,6,0,8,0,14,8,6,11,3,14,0,14,0,13,1
2023-24,Andhra Pradesh,Anakapalli,Anakapalle,Vetajangalapalem,0,14,1,17,0,0,3,1,11,15,0,0,14,1,0,0,16,0,15,5,10,12,3,11,4,15,0,12,3
2023-24,Andhra Pradesh,Anakapalli,Anakapalle,Venkupalem,0,0,0,1,0,0,0,0,0,0,0,0,0,0,0,0,0,0,0,0,0,0,0,0,0,0,0,0,0
2023-24,Andhra Pradesh,Anakapalli,Anakapalle,Kundram,9,8,8,12,3,10,15,0,10,25,0,9,8,8,2,0,23,0,25,6,19,24,1,25,0,25,0,20,5
2023-24,Andhra Pradesh,Anakapalli,Anakapalle,Papayya Santha Palem,1,3,3,7,0,0,6,1,0,7,0,1,3,3,0,1,6,0,7,4,3,6,1,7,0,7,0,4,3
2023-24,Andhra Pradesh,Anakapalli,Anakapalle,Tagarampudi,10,22,3,35,0,0,29,2,4,35,0,10,22,3,1,0,34,0,35,7,28,1,34,33,2,35,0,7,28
2023-24,Andhra Pradesh,Anakapalli,Anakapalle,Anakapalli South - 2,6,7,6,10,0,9,16,0,3,18,1,8,7,4,2,1,16,4,15,12,7,15,4,15,4,19,0,13,2
2023-24,Andhra Pradesh,Anakapalli,Anakapalle,Rajupalem,0,0,1,1,0,0,1,0,0,1,0,0,0,1,0,0,1,0,1,1,0,1,0,1,0,1,0,1,0
2023-24,Andhra Pradesh,Anakapalli,Anakapalle,Sankaram,3,13,5,21,0,0,11,4,6,21,0,3,13,5,0,0,21,0,21,13,8,20,1,21,0,20,1,19,2
2023-24,Andhra Pradesh,Anakapalli,Anakapalle,Bhatlapudi,0,1,0,1,0,0,1,0,0,1,0,0,1,0,0,0,1,0,1,0,1,1,0,1,0,1,0,1,0
2023-24,Andhra Pradesh,Anakapalli,Anakapalle,Thummapala,16,46,16,72,2,5,61,4,13,76,2,17,40,21,0,0,78,0,78,34,43,55,23,78,0,76,2,55,20
2023-24,Andhra Pradesh,Anakapalli,Anakapalle,Pisinikada,10,11,4,25,0,0,22,2,1,24,1,9,13,3,3,0,22,0,25,5,20,11,14,24,1,25,0,8,17
2023-24,Andhra Pradesh,Anakapalli,Anakapalle,Sampathipuram,2,3,3,7,0,1,4,2,2,8,0,2,3,3,0,2,6,1,7,8,0,8,0,8,0,8,0,8,0
2023-24,Andhra Pradesh,Anakapalli,Anakapalle,Kunchangi,11,8,14,20,3,10,26,1,6,32,1,12,7,14,5,0,28,1,32,16,17,32,1,33,0,33,0,27,6
2023-24,Andhra Pradesh,Anakapalli,Anakapalle,Seethanagaram,0,16,8,21,0,4,24,0,0,24,0,0,16,8,0,3,21,6,18,15,9,19,5,24,0,24,0,12,12
2023-24,Andhra Pradesh,Anakapalli,Anakapalle,Marturu,8,13,4,25,0,0,10,6,9,25,0,8,12,5,7,0,17,5,20,11,14,21,4,24,1,25,0,14,11
2023-24,Andhra Pradesh,Anakapalli,Anakapalle,Chintanippula Agraharam,5,10,9,21,1,2,22,1,1,23,1,5,10,9,0,0,24,2,22,10,14,16,8,24,0,24,0,17,7
2023-24,Andhra Pradesh,Anakapalli,Anakapalle,Mamidipalem,0,10,4,14,0,0,12,1,1,11,3,0,10,4,0,0,14,2,12,13,1,14,0,14,0,13,1,12,2
2023-24,Andhra Pradesh,Anakapalli,Anakapalle,Allikhanudupalem,0,2,0,1,0,1,2,0,0,2,0,1,1,0,0,0,2,0,2,2,0,2,0,2,0,2,0,2,0
2023-24,Andhra Pradesh,Anakapalli,Anakapalle,Vooderu,3,6,5,13,0,1,12,2,0,14,0,3,6,5,1,0,13,0,14,1,13,5,9,13,1,14,0,5,9
2023-24,Andhra Pradesh,Anakapalli,Anakapalle,Jagannadhapuram,1,2,0,2,0,1,2,0,1,3,0,1,2,0,0,0,3,0,3,0,3,1,2,3,0,3,0,2,1
2023-24,Andhra Pradesh,Anakapalli,Anakapalle,Anakapalle South,17,21,4,23,11,8,28,7,7,37,5,21,18,3,3,3,36,1,41,16,26,32,10,40,2,41,1,34,8
2023-24,Andhra Pradesh,Anakapalli,Butchayyapeta,Gantikorlam,7,20,3,31,0,0,20,2,8,28,2,7,20,3,0,0,30,4,26,23,7,10,20,30,0,29,1,30,0
2023-24,Andhra Pradesh,Anakapalli,Butchayyapeta,R. Sivarampuram,2,10,17,28,1,0,15,4,10,28,1,1,12,16,4,0,26,1,28,18,11,25,4,29,0,29,0,28,1
2023-24,Andhra Pradesh,Anakapalli,Butchayyapeta,Rajam,6,13,14,33,0,0,15,4,14,33,0,7,13,13,2,0,31,0,33,30,3,30,3,33,0,33,0,25,8
2023-24,Andhra Pradesh,Anakapalli,Butchayyapeta,Pedapudi Agraharam,1,1,1,3,0,0,2,0,1,2,1,1,1,1,1,0,2,0,3,3,0,3,0,3,0,3,0,3,0
2023-24,Andhra Pradesh,Anakapalli,Butchayyapeta,Komallapudi,0,0,1,1,0,0,1,0,0,1,0,0,0,1,0,0,1,0,1,1,0,1,0,1,0,1,0,1,0
2023-24,Andhra Pradesh,Anakapalli,Butchayyapeta,Mangalapuram,0,6,0,5,0,1,5,0,1,6,0,0,6,0,1,0,5,0,6,5,1,5,1,6,0,6,0,6,0
2023-24,Andhra Pradesh,Anakapalli,Butchayyapeta,Pottidorapalem,2,11,14,26,1,0,21,1,5,27,0,2,12,13,5,0,22,0,27,25,2,14,13,27,0,27,0,26,1
2023-24,Andhra Pradesh,Anakapalli,Butchayyapeta,P. Bheemavaram,7,13,13,33,0,0,28,1,4,33,0,7,12,14,2,0,31,0,33,30,3,33,0,31,2,33,0,33,0
2023-24,Andhra Pradesh,Anakapalli,Butchayyapeta,Dibbidi,11,15,9,33,2,0,31,0,4,35,0,12,15,8,1,4,30,0,35,35,0,12,23,35,0,35,0,35,0
2023-24,Andhra Pradesh,Anakapalli,Butchayyapeta,Typuram,4,5,0,9,1,0,5,1,3,9,0,4,5,0,2,0,7,0,9,10,0,6,3,9,0,9,0,8,1
2023-24,Andhra Pradesh,Anakapalli,Butchayyapeta,Peda Madina,0,2,1,3,0,0,0,0,3,3,0,0,2,1,0,0,3,0,3,3,0,3,0,3,0,3,0,3,0
2023-24,Andhra Pradesh,Anakapalli,Butchayyapeta,Chittiyyapalem,0,1,0,0,0,1,0,1,0,1,0,0,1,0,0,0,1,0,1,1,0,1,0,1,0,1,0,1,0
2023-24,Andhra Pradesh,Anakapalli,Butchayyapeta,Mallam,6,11,13,28,2,0,26,0,4,28,2,9,11,10,4,0,26,0,30,27,3,16,14,30,0,30,0,30,0
2023-24,Andhra Pradesh,Anakapalli,Butchayyapeta,L.Singavaram,0,1,0,1,0,0,1,0,0,1,0,0,1,0,0,0,1,0,1,1,0,1,0,1,0,1,0,1,0
2023-24,Andhra Pradesh,Anakapalli,Butchayyapeta,Lopudi,9,25,2,36,0,0,23,2,11,35,1,9,25,2,1,0,35,0,36,36,0,14,22,36,0,36,0,36,0
2023-24,Andhra Pradesh,Anakapalli,Butchayyapeta,Vaddadi,12,28,18,58,0,0,42,1,15,55,3,12,28,18,4,0,54,0,58,41,18,55,3,58,0,58,1,59,0
2023-24,Andhra Pradesh,Anakapalli,Butchayyapeta,Vijayaramarajupeta,5,21,3,26,1,2,27,0,2,24,5,6,20,3,0,0,29,0,29,26,3,29,0,29,0,29,0,29,0
2023-24,Andhra Pradesh,Anakapalli,Butchayyapeta,Butchayyapeta,0,11,1,12,0,0,9,0,3,12,0,0,10,2,0,0,12,0,12,12,0,12,0,12,0,12,0,12,0
2023-24,Andhra Pradesh,Anakapalli,Butchayyapeta,Turakalapudi,13,12,10,35,0,0,24,1,10,35,0,12,13,10,17,0,18,1,34,31,4,31,4,35,0,35,0,35,0
2023-24,Andhra Pradesh,Anakapalli,Butchayyapeta,Kondempudi,0,1,1,2,0,0,2,0,0,2,0,1,1,0,0,0,2,0,2,2,0,2,0,2,0,2,0,2,0
2023-24,Andhra Pradesh,Anakapalli,Butchayyapeta,Aithampudi,0,1,0,0,1,0,1,0,0,1,0,0,1,0,0,0,1,0,1,1,0,1,0,1,0,1,0,1,0
2023-24,Andhra Pradesh,Anakapalli,Butchayyapeta,Kondapalem Agraharam,3,17,3,23,0,0,16,0,7,23,0,4,17,2,8,0,15,0,23,23,0,10,13,23,0,23,0,22,1
2023-24,Andhra Pradesh,Anakapalli,Butchayyapeta,Gunnempudi,1,12,6,19,0,0,16,0,3,19,0,1,11,7,0,0,19,6,13,19,0,5,14,19,0,19,0,19,0
2023-24,Andhra Pradesh,Anakapalli,Butchayyapeta,Kandipudi,8,23,7,38,0,0,31,0,7,37,1,8,23,7,2,0,36,1,37,38,0,14,24,38,0,38,0,38,0
2023-24,Andhra Pradesh,Anakapalli,Butchayyapeta,Chintapaka,1,15,14,30,0,0,24,0,6,28,2,1,16,13,6,0,24,0,30,30,0,14,16,30,0,28,2,28,2
2023-24,Andhra Pradesh,Anakapalli,Cheedikada,Varahapura Agraharam,1,7,6,12,0,2,9,0,5,14,0,1,6,7,0,0,14,0,14,14,0,7,7,14,0,14,0,14,0
2023-24,Andhra Pradesh,Anakapalli,Cheedikada,Seetharampura Agraharam,0,1,0,1,0,0,1,0,0,1,0,0,1,0,0,0,1,0,1,1,0,1,0,1,0,1,0,1,0
2023-24,Andhra Pradesh,Anakapalli,Cheedikada,Arjunagiri Agraharam,5,11,5,17,0,4,18,0,3,20,1,5,11,5,0,0,21,1,20,21,0,21,0,21,0,21,0,20,1
2023-24,Andhra Pradesh,Anakapalli,Cheedikada,Turuvolu,7,13,9,29,0,0,17,5,7,28,1,7,16,6,0,0,29,0,29,28,1,26,3,29,0,26,3,29,0
2023-24,Andhra Pradesh,Anakapalli,Cheedikada,Advi Agraharam,2,6,6,12,1,1,11,2,1,11,3,2,6,6,1,0,14,1,13,14,0,13,1,14,0,14,0,14,0
2023-24,Andhra Pradesh,Anakapalli,Cheedikada,Dandi Suravaram,1,1,2,3,0,1,2,1,1,3,1,0,2,2,0,0,4,0,4,4,0,4,0,4,0,4,0,4,0
2023-24,Andhra Pradesh,Anakapalli,Cheedikada,Vintipalem,3,2,0,5,0,0,4,1,0,5,0,3,2,0,0,0,5,0,5,5,0,3,2,5,0,5,0,5,0
2023-24,Andhra Pradesh,Anakapalli,Cheedikada,Bylapudi,3,7,3,10,0,3,8,0,5,13,0,2,8,3,0,0,13,0,13,13,0,9,4,13,0,13,0,14,0
2023-24,Andhra Pradesh,Anakapalli,Cheedikada,Kattuvari Agraharam,0,2,2,3,0,1,4,0,0,3,1,0,2,2,0,0,4,0,4,4,0,4,0,4,0,4,0,4,0
2023-24,Andhra Pradesh,Anakapalli,Cheedikada,Sirijam,0,3,0,4,0,0,3,0,0,3,0,0,3,0,1,0,2,0,3,3,0,3,0,3,0,3,0,3,0
2023-24,Andhra Pradesh,Anakapalli,Cheedikada,Appalarajupuram,8,12,16,31,0,5,25,2,9,34,2,9,16,11,0,0,36,0,36,36,0,29,7,35,1,34,2,36,0
2023-24,Andhra Pradesh,Anakapalli,Cheedikada,Bylapudi Singavaram,2,1,1,4,0,0,4,0,0,4,0,2,1,1,0,0,4,0,4,4,0,3,1,4,0,4,0,4,0
2023-24,Andhra Pradesh,Anakapalli,Cheedikada,Khandivara Agraharam,10,15,5,22,1,7,19,1,10,26,3,10,15,5,0,0,30,0,30,28,2,27,3,30,0,30,0,30,0
2023-24,Andhra Pradesh,Anakapalli,Cheedikada,Vellanki,0,1,1,3,0,0,2,0,0,2,0,0,2,0,0,0,2,0,2,2,0,2,0,2,0,2,0,2,0
2023-24,Andhra Pradesh,Anakapalli,Cheedikada,Neelampeta,0,1,3,4,0,0,3,0,1,4,0,0,1,3,0,0,4,0,4,4,0,3,1,4,0,4,0,4,0
2023-24,Andhra Pradesh,Anakapalli,Cheedikada,Manchala,6,8,6,18,1,1,13,3,4,14,6,6,8,6,0,0,20,0,20,20,0,19,1,20,0,20,0,20,0
2023-24,Andhra Pradesh,Anakapalli,Cheedikada,J.B.Puram,0,7,3,9,0,1,8,0,2,8,2,0,7,3,0,0,10,0,10,10,0,6,4,10,0,10,0,10,0
2023-24,Andhra Pradesh,Anakapalli,Cheedikada,Cheedikada,8,19,11,31,1,7,29,3,6,34,4,9,18,11,0,2,36,0,38,37,1,36,2,37,1,38,0,35,3
2023-24,Andhra Pradesh,Anakapalli,Cheedikada,Chukkapalle,7,16,10,10,3,20,21,4,8,33,0,14,15,4,0,3,30,2,31,32,1,22,11,30,3,33,0,33,0
2023-24,Andhra Pradesh,Anakapalli,Cheedikada,Veerabhadrapeta,7,14,8,26,1,3,21,3,5,29,0,6,14,9,0,0,29,0,29,29,0,26,3,29,0,28,1,29,0
2023-24,Andhra Pradesh,Anakapalli,Cheedikada,Tuni Valasa,1,4,0,4,0,1,4,0,1,3,2,1,4,0,0,0,5,0,5,5,0,3,2,5,0,5,0,5,0
2023-24,Andhra Pradesh,Anakapalli,Cheedikada,Chettupalle,1,1,2,4,0,0,3,0,1,4,0,1,1,2,0,0,4,0,4,4,0,2,2,4,0,4,0,4,0
2023-24,Andhra Pradesh,Anakapalli,Cheedikada,Pedagogada Agraharam,2,3,3,9,0,1,5,2,1,8,0,5,3,0,0,0,8,0,8,8,0,7,1,8,0,8,0,8,0
2023-24,Andhra Pradesh,Anakapalli,Cheedikada,Chinagogada,1,6,3,7,0,4,8,2,0,9,1,3,6,1,0,0,10,0,10,10,0,8,2,10,0,10,0,10,0
2023-24,Andhra Pradesh,Anakapalli,Cheedikada,Cheedipalle Agraharam,2,3,3,5,1,2,5,0,3,8,0,2,3,3,0,0,8,0,8,8,0,5,3,8,0,8,0,8,0
2023-24,Andhra Pradesh,Anakapalli,Cheedikada,Dibbapalem,3,16,8,20,1,6,21,1,5,26,1,3,15,9,0,0,27,0,27,26,1,23,4,27,0,26,1,27,0
2023-24,Andhra Pradesh,Anakapalli,Cheedikada,Jaithavaram,7,12,6,20,1,6,19,0,6,23,2,8,12,5,0,0,25,0,25,24,1,18,7,25,0,25,0,24,1
2023-24,Andhra Pradesh,Anakapalli,Cheedikada,G.Kothapalle,4,5,3,9,0,3,9,0,3,11,1,4,6,2,0,0,12,0,12,12,0,9,3,12,0,12,0,11,1
2023-24,Andhra Pradesh,Anakapalli,Cheedikada,Veerapurajupeta,1,0,5,5,0,1,4,0,2,6,0,1,0,5,0,0,6,0,6,6,0,6,0,6,0,6,0,6,0
2023-24,Andhra Pradesh,Anakapalli,Cheedikada,Konam,2,10,2,10,1,3,9,1,4,11,3,2,10,2,0,0,14,0,14,14,0,14,0,14,0,13,1,14,0
2023-24,Andhra Pradesh,Anakapalli,Chodavaram,Ankupalem,6,18,6,21,5,4,16,4,10,30,0,6,16,8,1,0,29,0,30,24,6,30,0,30,0,27,3,30,0
2023-24,Andhra Pradesh,Anakapalli,Chodavaram,Sreerampatnam,0,1,0,1,0,0,1,0,0,1,0,0,1,0,1,0,0,0,1,1,0,1,0,1,0,1,0,1,0
2023-24,Andhra Pradesh,Anakapalli,Chodavaram,Gandhavaram,10,5,3,11,2,5,5,7,6,18,0,11,5,2,0,0,18,0,18,18,0,17,1,18,0,18,0,18,0
2023-24,Andhra Pradesh,Anakapalli,Chodavaram,Khandipalle,13,15,9,37,0,0,34,2,1,33,4,15,14,8,1,0,36,0,37,31,6,34,3,37,0,32,5,36,1
2023-24,Andhra Pradesh,Anakapalli,Chodavaram,Chodavaram (Ct),5,49,10,52,1,11,47,6,11,62,2,5,51,8,5,0,59,0,64,61,3,61,3,64,0,64,0,59,5
2023-24,Andhra Pradesh,Anakapalli,Chodavaram,Bhogapuram,13,8,7,25,0,3,13,6,9,27,1,13,8,7,0,0,28,0,28,26,2,28,0,28,0,27,1,28,0
2023-24,Andhra Pradesh,Anakapalli,Chodavaram,Chakipalle,4,19,11,19,9,6,22,3,9,34,0,4,17,13,1,0,33,0,34,33,1,29,5,34,0,34,0,31,3
2023-24,Andhra Pradesh,Anakapalli,Chodavaram,Thimmannapalem,2,8,2,6,1,5,9,1,2,10,2,2,7,3,0,0,12,0,12,11,1,12,0,12,0,12,0,12,0
2023-24,Andhra Pradesh,Anakapalli,Chodavaram,Laxmipuram,9,17,1,15,8,4,16,5,6,27,0,9,16,2,0,0,27,1,26,25,2,27,0,26,1,26,1,23,4
2023-24,Andhra Pradesh,Anakapalli,Chodavaram,Narasayyapeta,12,10,5,22,2,3,17,0,10,27,0,12,10,5,8,0,19,0,27,25,2,21,6,27,0,26,1,27,0
2023-24,Andhra Pradesh,Anakapalli,Chodavaram,Duddupalem,3,9,4,9,4,3,13,2,1,15,1,3,8,5,0,0,16,0,16,14,2,16,0,16,0,13,3,16,0
2023-24,Andhra Pradesh,Anakapalli,Chodavaram,Rayapurajupeta,1,14,4,11,2,6,13,1,5,16,3,1,12,6,1,0,18,1,18,19,0,19,0,19,0,18,1,19,0
2023-24,Andhra Pradesh,Anakapalli,Chodavaram,Venkannapalem,18,8,4,20,3,7,21,1,8,29,1,19,8,3,1,0,29,0,30,30,0,30,0,30,0,24,6,30,0
2023-24,Andhra Pradesh,Anakapalli,Chodavaram,Seemunapalle,0,11,2,6,0,7,8,0,5,11,2,0,11,2,4,0,9,0,13,9,4,11,2,13,0,10,3,13,0
2023-24,Andhra Pradesh,Anakapalli,Chodavaram,Lakkavaram,7,14,10,28,1,2,7,14,10,29,2,7,14,10,3,0,28,0,31,25,6,31,0,31,0,31,0,28,3
2023-24,Andhra Pradesh,Anakapalli,Chodavaram,Pakirsahebpeta,1,20,8,19,1,9,24,1,4,25,4,1,20,8,2,0,27,0,29,28,1,29,0,29,0,28,1,29,0
2023-24,Andhra Pradesh,Anakapalli,Chodavaram,Gavaravaram,6,7,4,8,3,6,13,0,4,15,2,6,7,4,1,0,16,0,17,17,0,17,0,17,0,17,0,17,0
2023-24,Andhra Pradesh,Anakapalli,Chodavaram,Adduru,8,18,4,13,3,14,9,8,13,28,2,8,18,4,0,0,30,0,30,29,1,27,3,29,1,30,0,30,0
2023-24,Andhra Pradesh,Anakapalli,Chodavaram,Juttada,9,23,2,23,6,5,26,0,8,31,3,9,21,4,3,0,31,0,34,34,0,33,1,34,0,29,5,34,0
2023-24,Andhra Pradesh,Anakapalli,Chodavaram,Annavaram,2,0,0,2,0,0,2,0,0,2,0,2,0,0,0,0,2,0,2,2,0,1,1,2,0,2,0,2,0
2023-24,Andhra Pradesh,Anakapalli,Chodavaram,Amberupuram,7,11,1,9,4,6,15,1,3,17,2,7,11,1,1,0,18,0,19,17,2,19,0,19,0,17,2,19,0
2023-24,Andhra Pradesh,Anakapalli,Chodavaram,Jannavaram,0,12,6,5,3,10,12,3,3,18,0,1,12,5,1,0,17,1,17,18,0,18,0,18,0,18,0,17,1
2023-24,Andhra Pradesh,Anakapalli,Chodavaram,Muddurthi,0,24,8,29,0,3,26,0,6,31,1,0,23,9,0,3,29,0,32,31,1,32,0,32,0,32,0,32,0
2023-24,Andhra Pradesh,Anakapalli,Chodavaram,Govada,2,15,10,19,0,8,20,0,7,26,1,2,15,10,0,0,27,0,27,27,0,25,2,27,0,27,0,27,0
2023-24,Andhra Pradesh,Anakapalli,Chodavaram,Gajapathinagaram,9,8,1,10,1,7,16,0,2,17,1,9,7,2,0,0,18,0,18,18,0,17,1,18,0,18,0,18,0
2023-24,Andhra Pradesh,Anakapalli,Chodavaram,Gowripatnam,4,20,6,26,0,4,25,1,4,29,1,4,20,6,1,0,29,1,29,29,1,30,0,30,0,26,4,30,0
2023-24,Andhra Pradesh,Anakapalli,Devarapalle,Boilakintada,4,27,1,8,7,17,29,1,2,30,2,4,27,1,0,0,32,15,17,32,0,24,8,32,0,31,1,31,0
2023-24,Andhra Pradesh,Anakapalli,Devarapalle,Kothapenta,10,8,10,23,4,1,24,1,3,28,0,10,7,11,0,0,28,2,26,12,16,27,1,28,0,28,0,28,0
2023-24,Andhra Pradesh,Anakapalli,Devarapalle,Thimiram,1,4,1,6,0,0,6,0,0,6,0,1,4,1,0,0,6,0,6,3,3,6,0,6,0,6,0,5,1
2023-24,Andhra Pradesh,Anakapalli,Devarapalle,Kaligotla,12,13,13,33,0,5,23,8,7,37,1,12,13,13,0,0,38,12,26,25,13,32,6,38,0,38,0,38,0
2023-24,Andhra Pradesh,Anakapalli,Devarapalle,Tenugupudi,7,8,9,17,1,6,21,0,3,23,1,7,8,9,9,0,15,0,24,21,3,24,0,24,0,24,0,24,0
2023-24,Andhra Pradesh,Anakapalli,Devarapalle,Vechalam,4,18,9,24,0,7,23,4,4,28,3,4,18,9,0,4,27,0,31,30,1,30,1,31,0,31,0,31,0
2023-24,Andhra Pradesh,Anakapalli,Devarapalle,Nagayyapeta,5,9,15,15,5,9,26,0,3,29,0,5,7,17,4,0,25,2,27,16,13,12,17,29,0,29,0,19,10
2023-24,Andhra Pradesh,Anakapalli,Devarapalle,Pedanandipalle Agraharam,3,7,6,11,0,5,9,2,5,15,1,4,6,6,0,0,16,0,16,9,7,4,12,16,0,16,0,15,1
2023-24,Andhra Pradesh,Anakapalli,Devarapalle,Alamandakothapalle,3,20,6,4,15,10,21,1,7,29,0,3,20,6,0,0,29,23,6,25,4,11,18,29,0,28,1,29,0
2023-24,Andhra Pradesh,Anakapalli,Devarapalle,Mushidipalle,7,25,3,17,0,18,33,0,2,33,2,7,21,7,32,0,3,0,35,10,25,25,10,35,0,35,0,24,11
2023-24,Andhra Pradesh,Anakapalli,Devarapalle,Chinasompuram,5,7,0,12,0,0,11,1,0,11,1,5,7,0,0,0,12,7,5,6,6,9,3,12,0,12,0,6,6
2023-24,Andhra Pradesh,Anakapalli,Devarapalle,Alamanda,9,14,7,24,2,4,28,0,2,29,1,9,11,10,2,0,28,0,30,19,11,28,2,30,0,30,0,30,0
2023-24,Andhra Pradesh,Anakapalli,Devarapalle,Mamidipalle,7,16,5,21,1,7,21,4,3,28,0,7,19,2,0,0,28,0,28,18,10,24,4,28,0,28,0,18,10
2023-24,Andhra Pradesh,Anakapalli,Devarapalle,Vakapalle,3,15,14,19,1,12,24,3,5,32,0,3,15,14,6,0,26,0,32,28,4,32,0,32,0,32,0,32,0
2023-24,Andhra Pradesh,Anakapalli,Devarapalle,Taruva,7,3,5,5,0,10,15,0,0,14,1,8,2,5,0,0,15,0,15,15,0,15,0,15,0,15,0,15,0
2023-24,Andhra Pradesh,Anakapalli,Devarapalle,Marepalle,2,4,5,10,0,1,7,0,4,11,0,2,3,6,0,0,11,0,11,6,5,11,0,11,0,11,0,9,2
2023-24,Andhra Pradesh,Anakapalli,Devarapalle,Garisingi,6,9,8,17,0,6,16,3,4,22,1,6,9,8,0,0,23,20,3,21,2,20,3,23,0,23,0,23,0
2023-24,Andhra Pradesh,Anakapalli,Devarapalle,Kasipathirajupuram,0,0,1,1,0,0,1,0,0,1,0,0,0,1,0,0,1,1,0,0,1,1,0,1,0,1,0,1,0
2023-24,Andhra Pradesh,Anakapalli,Devarapalle,Chinanandipalle,1,1,8,7,0,3,4,1,5,10,0,1,1,8,2,0,8,0,10,10,0,10,0,10,0,10,0,10,0
2023-24,Andhra Pradesh,Anakapalli,Devarapalle,Kasipuram,10,6,11,26,0,1,19,4,4,25,2,10,6,11,0,0,27,12,16,12,15,22,5,27,0,27,0,27,0
2023-24,Andhra Pradesh,Anakapalli,Devarapalle,Chintalapudi,0,0,1,1,0,0,1,0,0,0,1,0,0,1,0,0,1,0,1,1,0,1,0,1,0,1,0,1,0
2023-24,Andhra Pradesh,Anakapalli,Devarapalle,Raiwada,4,7,11,5,1,16,20,0,2,20,2,4,7,11,0,0,22,0,22,11,11,9,13,22,0,22,0,17,5
2023-24,Andhra Pradesh,Anakapalli,Devarapalle,Devarapalle,10,31,4,38,1,6,31,0,14,43,2,10,31,4,0,0,45,24,21,29,16,30,15,45,0,45,0,42,3
2023-24,Andhra Pradesh,Anakapalli,Golugonda,Komira,5,4,4,12,1,0,4,2,7,12,1,5,6,2,0,0,13,0,13,13,0,8,5,13,0,13,0,13,0
2023-24,Andhra Pradesh,Anakapalli,Golugonda,Gopalapatnam,1,4,0,5,0,0,4,0,1,3,2,1,4,0,0,0,5,2,3,5,0,2,3,5,0,5,0,5,0
2023-24,Andhra Pradesh,Anakapalli,Golugonda,Jammavaram,3,2,1,6,0,0,0,0,6,6,0,2,3,1,0,0,6,0,6,6,0,6,0,6,0,6,0,6,0
2023-24,Andhra Pradesh,Anakapalli,Golugonda,Jammadevipeta,0,1,0,1,0,0,1,0,0,1,0,0,1,0,0,0,1,0,1,1,0,1,0,1,0,1,0,1,0
2023-24,Andhra Pradesh,Anakapalli,Golugonda,Konkasingi,0,1,0,0,1,0,0,0,1,0,1,0,1,0,0,0,1,0,1,1,0,1,0,1,0,1,0,1,0
2023-24,Andhra Pradesh,Anakapalli,Golugonda,Gadampalem,0,9,0,3,3,3,7,0,2,9,0,0,9,0,0,0,9,0,9,9,0,7,2,9,0,9,0,9,0
2023-24,Andhra Pradesh,Anakapalli,Golugonda,Krishnadevipeta,4,19,10,31,1,1,18,1,14,23,10,4,18,11,29,0,4,0,33,13,20,14,19,33,0,31,2,32,1
2023-24,Andhra Pradesh,Anakapalli,Golugonda,Cheedigummala,0,8,1,8,0,1,8,0,1,9,0,0,8,1,6,0,3,0,9,9,0,8,1,9,0,8,1,9,0
2023-24,Andhra Pradesh,Anakapalli,Golugonda,Mungerlapalem,6,9,14,25,3,1,16,1,12,23,6,5,9,15,5,1,23,0,29,27,2,23,6,29,0,29,0,29,0
2023-24,Andhra Pradesh,Anakapalli,Golugonda,Cheedikada,1,12,9,22,1,1,12,3,7,22,0,1,13,8,0,0,22,0,22,22,0,21,1,22,0,22,0,21,1
2023-24,Andhra Pradesh,Anakapalli,Golugonda,Kumarapuram,4,7,4,14,0,1,15,0,0,11,4,4,6,5,5,0,10,0,15,10,5,8,7,15,0,15,0,15,0
2023-24,Andhra Pradesh,Anakapalli,Golugonda,Pakalapadu,9,2,16,11,12,4,27,0,0,26,1,16,2,9,12,0,15,0,27,17,10,13,14,27,0,27,0,27,0
2023-24,Andhra Pradesh,Anakapalli,Golugonda,Pogachetlapalem,2,5,8,12,0,3,6,3,6,15,0,3,5,7,4,0,11,0,15,15,0,13,2,15,0,15,0,15,0
2023-24,Andhra Pradesh,Anakapalli,Golugonda,Ammapeta,0,1,0,1,0,0,1,0,0,1,0,0,1,0,0,0,1,0,1,1,0,1,0,1,0,1,0,1,0
2023-24,Andhra Pradesh,Anakapalli,Golugonda,Gundupala,1,2,11,12,0,2,8,5,1,13,1,4,2,8,0,0,14,0,14,13,1,11,3,14,0,13,1,14,0
2023-24,Andhra Pradesh,Anakapalli,Golugonda,Pappusettipalem,4,5,3,10,1,1,5,0,7,10,2,3,6,3,4,1,7,1,11,12,0,7,5,12,0,12,0,12,0
2023-24,Andhra Pradesh,Anakapalli,Golugonda,Yarravaram,6,2,0,5,2,1,7,1,0,8,0,6,2,0,6,0,2,0,8,8,0,6,2,8,0,8,0,8,0
2023-24,Andhra Pradesh,Anakapalli,Golugonda,Pallapu Nagannadora Palem,5,8,3,13,0,3,6,0,10,14,2,5,8,3,3,0,13,0,16,15,1,11,5,16,0,14,2,16,0
2023-24,Andhra Pradesh,Anakapalli,Golugonda,Agency Laxmipuram,3,11,4,17,1,0,6,2,10,16,2,2,12,4,5,1,12,0,18,18,0,18,0,18,0,18,0,18,0
2023-24,Andhra Pradesh,Anakapalli,Golugonda,Pathamallempeta,3,8,2,11,1,1,10,2,1,11,2,3,8,2,0,8,5,0,13,13,0,10,3,13,0,13,0,13,0
2023-24,Andhra Pradesh,Anakapalli,Golugonda,Thallacheedikada,1,0,1,1,1,0,0,0,2,2,0,1,0,1,0,0,2,0,2,2,0,1,1,2,0,2,0,2,0
2023-24,Andhra Pradesh,Anakapalli,Golugonda,Golugonda,8,11,2,11,5,5,16,0,5,21,0,7,12,2,5,0,16,0,21,16,5,15,6,20,1,20,1,21,0
2023-24,Andhra Pradesh,Anakapalli,Golugonda,Chodyam,3,6,0,2,3,4,7,0,2,7,2,2,6,1,3,0,6,0,9,9,0,9,0,9,0,7,2,9,0
2023-24,Andhra Pradesh,Anakapalli,Golugonda,Lingamdora Palem,5,2,4,4,5,2,8,2,1,10,1,5,2,4,0,0,11,0,11,11,0,9,2,11,0,11,0,11,0
2023-24,Andhra Pradesh,Anakapalli,Golugonda,Kasimi,0,9,3,3,3,6,7,1,4,7,5,0,9,3,1,0,11,0,12,11,1,8,4,12,0,11,1,12,0
2023-24,Andhra Pradesh,Anakapalli,Golugonda,Kothamallempeta,1,12,1,9,4,1,12,2,0,12,2,0,12,2,6,0,8,0,14,11,3,9,5,14,0,12,2,14,0
2023-24,Andhra Pradesh,Anakapalli,K.Kotapadu,Gavarapalem,7,1,2,10,0,0,10,0,0,10,0,4,4,2,0,0,10,0,10,9,1,1,9,9,1,10,0,10,0
2023-24,Andhra Pradesh,Anakapalli,K.Kotapadu,Kavi Konda Agraharam,1,2,2,3,1,1,5,0,0,4,1,1,2,2,0,0,5,0,5,5,0,0,5,5,0,5,0,5,0
2023-24,Andhra Pradesh,Anakapalli,K.Kotapadu,Santhapalem,6,13,7,15,1,10,23,2,1,25,2,6,13,7,0,0,26,1,25,25,1,9,17,21,5,26,0,26,0
2023-24,Andhra Pradesh,Anakapalli,K.Kotapadu,Pathavalasa,2,2,0,2,0,2,4,0,0,4,0,2,2,0,1,0,3,0,4,4,0,1,3,4,0,4,0,4,0
2023-24,Andhra Pradesh,Anakapalli,K.Kotapadu,Gullepalle,10,21,15,29,2,15,43,0,3,44,2,9,21,16,11,0,35,0,46,37,9,9,37,41,5,45,1,46,0
2023-24,Andhra Pradesh,Anakapalli,K.Kotapadu,Gotlam,0,5,1,3,0,3,6,0,0,6,0,0,5,1,0,0,6,0,6,6,0,4,2,6,0,6,0,6,0
2023-24,Andhra Pradesh,Anakapalli,K.Kotapadu,Gondupalem,1,14,0,7,1,7,12,0,3,15,0,1,14,0,0,0,15,0,15,14,1,10,5,14,1,15,0,15,0
2023-24,Andhra Pradesh,Anakapalli,K.Kotapadu,Kintada,5,11,5,19,1,1,21,0,0,20,1,5,10,6,9,0,12,0,21,20,1,2,19,18,3,21,0,21,0
2023-24,Andhra Pradesh,Anakapalli,K.Kotapadu,Medicherla,9,13,7,27,0,2,28,0,1,28,1,11,12,6,8,0,21,0,29,24,5,7,22,26,3,29,0,29,0
2023-24,Andhra Pradesh,Anakapalli,K.Kotapadu,Kintadakotapadu,5,8,10,16,1,6,19,2,2,21,2,5,8,10,10,0,13,0,23,22,1,4,19,18,4,23,0,23,0
2023-24,Andhra Pradesh,Anakapalli,K.Kotapadu,Arle,4,13,3,15,1,4,19,1,0,19,1,4,13,3,0,0,20,0,20,16,4,12,8,20,0,20,0,18,2
2023-24,Andhra Pradesh,Anakapalli,K.Kotapadu,Garugubilli,3,20,5,27,1,0,28,0,0,28,0,5,20,3,5,0,23,0,28,28,0,23,5,18,10,28,0,28,0
2023-24,Andhra Pradesh,Anakapalli,K.Kotapadu,Chowduvada,2,12,8,18,1,3,22,0,0,21,1,6,10,6,0,0,22,0,22,20,2,18,4,21,1,21,1,22,0
2023-24,Andhra Pradesh,Anakapalli,K.Kotapadu,Rongalinaidupalle,4,12,8,18,0,6,15,1,8,24,0,5,12,7,6,0,18,0,24,23,1,21,3,24,0,23,1,24,0
2023-24,Andhra Pradesh,Anakapalli,K.Kotapadu,Dalivalasa,4,10,6,16,0,4,17,1,2,20,0,4,10,6,4,0,16,0,20,20,0,16,4,20,0,20,0,20,0
2023-24,Andhra Pradesh,Anakapalli,K.Kotapadu,Singannadorapalem,6,11,8,13,2,10,23,0,2,24,1,6,11,8,0,0,25,0,25,23,2,1,24,21,4,25,0,25,0
2023-24,Andhra Pradesh,Anakapalli,K.Kotapadu,Koruvada Jagannadhapuram,3,4,1,6,0,2,8,0,0,8,0,4,3,1,0,0,8,0,8,8,0,8,0,8,0,8,0,8,0
2023-24,Andhra Pradesh,Anakapalli,K.Kotapadu,Sudivalasa,0,3,0,2,1,0,1,1,1,3,0,0,3,0,0,0,3,0,3,3,0,2,1,3,0,3,0,3,0
2023-24,Andhra Pradesh,Anakapalli,K.Kotapadu,Marrivalasa,5,16,5,21,1,4,22,1,3,26,0,4,17,5,1,0,25,0,26,25,1,19,7,26,0,26,0,26,0
2023-24,Andhra Pradesh,Anakapalli,K.Kotapadu,Chandrayyapeta,1,2,2,4,0,1,5,0,0,5,0,1,2,2,0,0,5,0,5,5,0,0,5,3,2,5,0,5,0
2023-24,Andhra Pradesh,Anakapalli,K.Kotapadu,Koruvada,0,1,2,1,0,2,3,0,0,3,0,0,1,2,0,0,3,0,3,3,0,3,0,3,0,3,0,3,0
2023-24,Andhra Pradesh,Anakapalli,K.Kotapadu,Pothanavalasa Agraharam,0,1,0,1,1,0,1,0,0,1,0,0,1,0,0,0,1,0,1,1,0,1,0,0,1,1,0,1,0
2023-24,Andhra Pradesh,Anakapalli,K.Kotapadu,Ramayogi Agraharam,12,6,10,16,4,8,27,1,0,26,2,8,9,11,9,0,19,0,28,28,0,11,17,27,1,28,0,28,0
2023-24,Andhra Pradesh,Anakapalli,K.Kotapadu,Varada,7,18,6,17,1,13,30,0,1,31,0,7,19,5,3,0,28,0,31,31,0,26,5,30,1,31,0,31,0
2023-24,Andhra Pradesh,Anakapalli,K.Kotapadu,Alamanda Bheemavaram,3,8,3,10,2,2,14,0,0,14,0,3,8,3,4,0,10,0,14,13,1,2,12,13,1,14,0,14,0
2023-24,Andhra Pradesh,Anakapalli,K.Kotapadu,Alamandakoduru,6,20,6,21,7,4,32,0,0,31,1,7,19,6,4,0,28,0,32,31,1,8,24,30,2,32,0,30,2
2023-24,Andhra Pradesh,Anakapalli,Kasimkota,Zattapureddituni,4,7,8,17,2,0,16,2,1,19,0,3,7,9,0,0,19,14,5,10,9,10,9,19,0,19,0,16,3
2023-24,Andhra Pradesh,Anakapalli,Kasimkota,Eswarapalle Chowduvada,5,17,4,6,5,15,26,0,0,23,3,5,18,3,0,0,26,9,17,25,1,25,0,26,0,26,0,25,1
2023-24,Andhra Pradesh,Anakapalli,Kasimkota,Sundarayyapeta,0,2,4,0,2,4,6,0,0,3,3,0,2,4,0,0,6,4,2,6,0,6,0,6,0,6,0,6,0
2023-24,Andhra Pradesh,Anakapalli,Kasimkota,Tallapalem,0,11,3,2,2,10,12,0,2,14,0,0,11,3,1,0,13,10,4,11,3,9,5,14,0,14,0,13,1
2023-24,Andhra Pradesh,Anakapalli,Kasimkota,Gytulapalem,1,4,2,0,3,4,6,0,1,7,0,1,4,2,0,0,7,5,2,5,2,4,3,7,0,7,0,6,1
2023-24,Andhra Pradesh,Anakapalli,Kasimkota,Gobburu,0,4,1,4,0,1,5,0,0,5,0,0,4,1,0,0,5,3,2,5,0,4,1,5,0,5,0,5,0
2023-24,Andhra Pradesh,Anakapalli,Kasimkota,Kothapalle,5,12,8,5,14,6,18,2,5,25,0,5,12,8,0,0,25,16,9,15,10,21,4,25,0,25,0,21,4
2023-24,Andhra Pradesh,Anakapalli,Kasimkota,Veduruparthi,2,17,5,21,0,3,21,3,0,24,0,0,17,7,0,0,24,22,2,14,10,19,5,23,0,24,0,20,4
2023-24,Andhra Pradesh,Anakapalli,Kasimkota,Bayyavaram,10,28,7,19,6,20,40,1,4,45,0,10,28,7,0,0,45,13,32,32,13,30,15,45,0,45,0,43,2
2023-24,Andhra Pradesh,Anakapalli,Kasimkota,Charakam,0,2,0,2,0,0,1,0,1,2,0,0,2,0,0,0,2,0,2,2,0,2,0,2,0,2,0,2,0
2023-24,Andhra Pradesh,Anakapalli,Kasimkota,Yenugutuni,1,2,0,2,0,1,3,0,0,3,0,1,2,0,0,0,3,2,1,3,0,3,0,3,0,3,0,3,0
2023-24,Andhra Pradesh,Anakapalli,Kasimkota,Somavaram,1,0,0,1,0,0,1,0,0,1,0,1,0,0,0,0,1,0,1,1,0,1,0,1,0,0,1,1,0
2023-24,Andhra Pradesh,Anakapalli,Kasimkota,Nutulaguntla Palem,6,9,2,10,2,5,17,0,0,16,1,6,9,2,0,0,17,10,7,17,0,13,4,17,0,17,0,17,0
2023-24,Andhra Pradesh,Anakapalli,Kasimkota,Narasingibilly,1,0,4,5,0,0,3,2,0,5,0,1,0,4,0,0,5,5,0,2,3,3,2,5,0,5,0,2,3
2023-24,Andhra Pradesh,Anakapalli,Kasimkota,Gurugu Bheemavaram,1,3,2,2,0,4,6,0,0,6,0,2,3,1,0,0,6,3,3,6,0,5,1,6,0,6,0,6,0
2023-24,Andhra Pradesh,Anakapalli,Kasimkota,Gobburupalem,0,0,2,0,0,2,2,0,0,2,0,0,0,2,0,0,2,0,2,0,2,0,2,2,0,2,0,0,2
2023-24,Andhra Pradesh,Anakapalli,Kasimkota,Ammeensahabpeta,4,13,3,11,3,6,19,1,0,20,0,4,13,3,0,0,20,12,8,3,17,3,16,19,1,20,0,5,15
2023-24,Andhra Pradesh,Anakapalli,Kasimkota,Narasapuram,0,2,0,1,0,1,2,0,0,2,0,0,2,0,0,0,2,0,2,0,2,0,2,1,1,2,0,0,2
2023-24,Andhra Pradesh,Anakapalli,Kasimkota,Kasimkota,9,53,20,23,22,37,67,4,11,82,0,9,53,20,0,0,82,43,39,70,12,65,17,82,0,81,1,79,3
2023-24,Andhra Pradesh,Anakapalli,Kasimkota,Ugginapalem,11,12,2,3,4,18,11,4,10,25,0,5,12,8,0,0,25,16,9,20,5,20,5,25,0,25,0,18,7
2023-24,Andhra Pradesh,Anakapalli,Kasimkota,Addam,2,11,0,7,4,2,12,0,1,12,1,2,11,0,0,0,13,3,10,12,1,9,4,13,0,12,1,13,0
2023-24,Andhra Pradesh,Anakapalli,Kasimkota,Theeda,1,14,9,4,6,14,22,1,1,24,0,2,14,8,0,0,24,20,4,17,7,13,11,23,1,24,0,20,4
2023-24,Andhra Pradesh,Anakapalli,Kasimkota,Atcherla,7,16,3,8,4,14,23,2,1,26,0,7,16,3,0,0,26,10,16,2,24,5,21,24,2,26,0,2,24
2023-24,Andhra Pradesh,Anakapalli,Kotauratla,Rajupeta,2,3,8,11,2,0,11,1,1,13,0,2,3,8,0,1,12,0,13,13,0,11,2,13,0,13,0,13,0
2023-24,Andhra Pradesh,Anakapalli,Kotauratla,Kotauratla,5,24,5,6,13,15,20,1,13,32,2,5,23,6,0,0,34,0,34,32,2,11,23,34,0,33,1,34,0
2023-24,Andhra Pradesh,Anakapalli,Kotauratla,Lingapuram,1,23,4,0,27,1,12,2,14,28,0,1,23,4,0,0,28,0,28,28,0,27,1,28,0,28,0,28,0
2023-24,Andhra Pradesh,Anakapalli,Kotauratla,Pippalla Kothapalle,4,19,4,23,2,2,14,0,13,25,2,4,19,4,0,0,27,0,27,25,2,21,6,25,2,27,0,26,1
2023-24,Andhra Pradesh,Anakapalli,Kotauratla,Gottivada,7,17,0,24,0,0,16,0,8,24,0,7,15,2,2,0,22,0,24,24,0,22,2,24,0,24,0,24,0
2023-24,Andhra Pradesh,Anakapalli,Kotauratla,Pamulavaka,1,3,22,18,3,5,17,0,9,24,2,2,2,22,0,2,24,0,26,23,3,23,3,24,2,26,0,25,1
2023-24,Andhra Pradesh,Anakapalli,Kotauratla,Sunkapuru,1,4,5,8,2,0,5,0,5,10,0,1,4,5,0,0,10,0,10,10,0,9,1,10,0,10,0,10,0
2023-24,Andhra Pradesh,Anakapalli,Kotauratla,Yendapalle,5,10,6,18,1,2,7,6,8,18,3,4,10,7,0,0,21,1,20,20,1,19,2,21,0,21,0,20,1
2023-24,Andhra Pradesh,Anakapalli,Kotauratla,Bapiraju Kothapalle,5,28,1,18,1,15,19,1,14,30,4,5,27,2,1,0,33,1,33,30,4,23,11,32,2,32,2,34,0
2023-24,Andhra Pradesh,Anakapalli,Kotauratla,Panduru,2,7,15,11,6,7,19,1,4,23,1,3,7,14,0,0,24,0,24,23,1,23,1,24,0,23,1,24,0
2023-24,Andhra Pradesh,Anakapalli,Kotauratla,Chinaboddepalle,5,22,2,16,7,6,15,0,14,25,4,6,22,1,0,0,29,0,29,27,2,26,3,29,0,27,2,29,0
2023-24,Andhra Pradesh,Anakapalli,Kotauratla,Chowduvada,0,1,0,1,0,0,1,0,0,0,1,0,1,0,0,0,1,0,1,0,1,0,1,1,0,0,1,1,0
2023-24,Andhra Pradesh,Anakapalli,Kotauratla,Kodavatipudi,9,36,7,45,1,6,26,8,18,48,4,9,35,8,0,0,52,0,52,51,1,44,8,52,0,51,1,52,0
2023-24,Andhra Pradesh,Anakapalli,Kotauratla,Kailasapatnam,6,14,3,4,8,11,13,3,7,20,3,6,14,3,0,0,23,0,23,22,1,6,17,23,0,23,0,23,0
2023-24,Andhra Pradesh,Anakapalli,Kotauratla,Thangedu,0,3,25,20,4,4,15,0,13,26,2,0,2,26,0,0,28,0,28,28,0,26,2,26,1,28,0,28,0
2023-24,Andhra Pradesh,Anakapalli,Kotauratla,Jalluru,1,10,5,14,1,1,8,0,8,14,2,1,9,6,0,0,16,0,16,14,2,13,3,15,1,16,0,16,0
2023-24,Andhra Pradesh,Anakapalli,Kotauratla,Bodapalem,3,18,3,14,3,7,20,0,4,22,2,3,18,3,2,0,22,0,24,23,1,18,6,24,0,24,0,24,0
2023-24,Andhra Pradesh,Anakapalli,Kotauratla,Annavaram,19,5,3,12,3,12,20,0,7,26,1,20,3,4,0,0,27,0,27,26,1,24,3,26,1,27,0,27,0
2023-24,Andhra Pradesh,Anakapalli,Madugula,P.Sivaram Puram,1,3,0,3,0,1,2,2,0,4,0,0,4,0,0,0,4,1,3,4,0,4,0,4,0,4,0,4,0
2023-24,Andhra Pradesh,Anakapalli,Madugula,Avuruvada,0,1,0,0,0,1,1,0,0,1,0,0,1,0,0,0,1,1,0,1,0,1,0,1,0,1,0,1,0
2023-24,Andhra Pradesh,Anakapalli,Madugula,Madugula,19,60,3,50,13,20,50,9,24,82,1,20,60,3,1,0,82,43,40,71,12,71,12,82,1,65,18,82,1
2023-24,Andhra Pradesh,Anakapalli,Madugula,Sankaram,1,4,1,2,2,2,5,0,1,6,0,1,3,2,0,0,6,0,6,6,0,6,0,6,0,6,0,6,0
2023-24,Andhra Pradesh,Anakapalli,Madugula,M.K.Vallapuram,5,6,4,9,0,6,12,1,2,15,0,5,6,4,0,1,14,0,15,14,1,10,5,15,0,14,1,15,0
2023-24,Andhra Pradesh,Anakapalli,Madugula,Satyavaram,7,35,3,40,2,5,35,5,7,47,0,8,37,2,0,1,46,37,10,41,6,35,12,47,0,43,4,47,0
2023-24,Andhra Pradesh,Anakapalli,Madugula,Lakshmipuram,0,5,0,2,1,2,2,3,0,5,0,0,5,0,0,0,5,3,2,5,0,4,1,5,0,5,0,5,0
2023-24,Andhra Pradesh,Anakapalli,Madugula,Pothanapudi Araharam,1,30,2,24,7,2,24,4,5,33,0,3,28,2,0,0,33,9,24,32,1,29,4,33,0,27,6,33,0
2023-24,Andhra Pradesh,Anakapalli,Madugula,Vommali,8,16,8,12,8,12,17,6,9,30,2,8,15,9,0,0,32,8,24,28,4,31,1,32,0,26,6,32,0
2023-24,Andhra Pradesh,Anakapalli,Madugula,Jammadevipeta,6,13,6,17,5,4,9,13,4,25,1,6,14,6,0,0,26,5,21,25,1,26,0,25,1,21,5,26,0
2023-24,Andhra Pradesh,Anakapalli,Madugula,Tiruvada,2,4,0,3,2,1,1,2,3,6,0,1,4,1,1,0,5,2,4,5,1,6,0,6,0,6,0,6,0
2023-24,Andhra Pradesh,Anakapalli,Madugula,Sagaram,3,30,4,26,5,7,23,7,8,38,0,8,26,4,1,0,37,10,28,34,4,20,18,37,1,34,4,38,0
2023-24,Andhra Pradesh,Anakapalli,Madugula,Lovagavara Varam,1,1,0,2,0,0,1,1,0,2,0,1,1,0,0,0,2,0,2,1,1,1,1,2,0,2,0,2,0
2023-24,Andhra Pradesh,Anakapalli,Madugula,Mukundapuram,0,2,1,3,0,0,3,0,0,3,0,0,2,1,0,0,3,0,3,3,0,2,1,3,0,3,0,3,0
2023-24,Andhra Pradesh,Anakapalli,Madugula,Chintaluru,6,15,2,12,8,3,17,0,6,22,1,8,13,2,0,0,23,0,23,23,0,23,0,23,0,22,1,23,0
2023-24,Andhra Pradesh,Anakapalli,Madugula,Kaspa Jagannadhapuram,5,11,4,17,1,2,8,5,7,20,0,5,13,2,0,0,20,4,16,19,1,10,10,19,1,17,3,20,0
2023-24,Andhra Pradesh,Anakapalli,Madugula,Veeravilli,0,7,1,5,2,1,5,1,2,7,1,1,6,1,0,0,8,2,6,8,0,7,1,8,0,7,1,8,0
2023-24,Andhra Pradesh,Anakapalli,Madugula,Tatiparthi,0,1,0,0,0,1,1,0,0,1,0,0,1,0,0,0,1,1,0,1,0,1,0,1,0,1,0,1,0
2023-24,Andhra Pradesh,Anakapalli,Madugula,Lova Kothapalle,2,0,1,2,0,1,2,0,1,3,0,0,2,1,0,0,3,2,1,2,1,3,0,3,0,3,0,3,0
2023-24,Andhra Pradesh,Anakapalli,Madugula,Madugula Koduru,22,25,1,21,12,15,36,5,7,48,0,22,25,1,0,0,48,21,27,41,7,45,3,46,2,39,9,48,0
2023-24,Andhra Pradesh,Anakapalli,Madugula,Madugulakotapadu,8,8,2,12,4,2,12,1,5,18,0,8,8,2,0,0,18,0,18,17,1,11,7,18,0,16,2,18,0
2023-24,Andhra Pradesh,Anakapalli,Madugula,Pongalipaka,5,4,0,7,0,2,5,2,2,9,0,2,7,0,1,0,8,3,6,9,0,9,0,9,0,9,0,9,0
2023-24,Andhra Pradesh,Anakapalli,Madugula,Peda Sarada,1,0,0,1,0,0,0,1,0,1,0,1,0,0,0,0,1,0,1,1,0,1,0,1,0,1,0,1,0
2023-24,Andhra Pradesh,Anakapalli,Madugula,China Sarada,0,1,0,1,0,0,1,0,0,1,0,1,0,0,0,0,1,0,1,1,0,1,0,1,0,1,0,1,0
2023-24,Andhra Pradesh,Anakapalli,Madugula,Kinthali,2,0,0,0,1,1,2,0,0,2,0,2,0,0,0,0,2,0,2,1,1,2,0,2,0,2,0,2,0
2023-24,Andhra Pradesh,Anakapalli,Madugula,Sanghyam,0,3,0,3,0,0,2,0,1,3,0,1,2,0,0,0,3,1,2,2,1,2,1,3,0,3,0,3,0
2023-24,Andhra Pradesh,Anakapalli,Madugula,Lova Ponnavolu,1,1,0,1,0,1,2,0,0,2,0,0,1,1,0,0,2,0,2,2,0,2,0,2,0,2,0,2,0
2023-24,Andhra Pradesh,Anakapalli,Madugula,Veeranarayanam,2,15,3,7,3,10,13,4,3,17,3,1,16,3,0,0,20,1,19,17,3,19,1,20,0,19,1,20,0
2023-24,Andhra Pradesh,Anakapalli,Madugula,Vommali Jagannadhapuram,0,2,0,1,0,1,1,1,0,2,0,0,2,0,0,0,2,0,2,2,0,2,0,1,1,2,0,2,0
2023-24,Andhra Pradesh,Anakapalli,Madugula,Gadirai,0,1,0,1,0,0,1,0,0,0,1,0,1,0,0,0,1,0,1,1,0,1,0,1,0,1,0,1,0
2023-24,Andhra Pradesh,Anakapalli,Madugula,Gotivada Agraharam,5,5,2,6,1,5,9,1,2,12,0,4,6,2,2,0,10,4,8,12,0,11,1,12,0,10,2,12,0
2023-24,Andhra Pradesh,Anakapalli,Madugula,Jalampalle,1,4,0,3,1,1,4,1,0,3,2,1,4,0,0,0,5,0,5,5,0,5,0,5,0,4,1,5,0
2023-24,Andhra Pradesh,Anakapalli,Madugula,Kinthali Vallapuram,12,22,0,18,8,8,20,8,6,32,2,12,22,0,0,0,34,15,19,32,2,32,2,33,1,30,4,34,0
2023-24,Andhra Pradesh,Anakapalli,Madugula,Moksha Krishnapuram,1,0,1,0,0,2,2,0,0,2,0,1,0,1,0,0,2,1,1,2,0,2,0,2,0,2,0,2,0
2023-24,Andhra Pradesh,Anakapalli,Madugula,Yerukuvada,0,5,2,5,1,1,2,2,3,7,0,0,5,2,0,0,7,7,0,5,2,6,1,7,0,6,1,7,0
2023-24,Andhra Pradesh,Anakapalli,Makavarapalem,Gangavaram,0,1,2,2,0,1,3,0,0,3,0,0,1,2,0,0,3,0,3,3,0,3,0,3,0,3,0,3,0
2023-24,Andhra Pradesh,Anakapalli,Makavarapalem,Koduru,7,22,17,39,2,5,35,4,7,45,1,7,22,17,3,0,43,0,46,46,0,45,1,46,0,46,0,46,0
2023-24,Andhra Pradesh,Anakapalli,Makavarapalem,Vajragada,7,13,6,16,1,9,22,1,3,22,4,8,13,5,5,0,21,0,26,26,0,24,2,25,1,24,2,26,0
2023-24,Andhra Pradesh,Anakapalli,Makavarapalem,Giduthuru,1,6,13,19,0,1,13,4,3,16,4,14,2,4,1,0,19,0,20,20,0,19,1,20,0,20,0,19,1
2023-24,Andhra Pradesh,Anakapalli,Makavarapalem,Tamaram,2,16,8,18,5,3,25,1,0,23,3,4,15,7,3,0,23,0,26,26,0,26,0,26,0,24,2,26,0
2023-24,Andhra Pradesh,Anakapalli,Makavarapalem,Settipalem,4,12,3,13,2,4,12,1,6,18,1,4,12,3,0,0,19,0,19,19,0,19,0,19,0,13,6,19,0
2023-24,Andhra Pradesh,Anakapalli,Makavarapalem,Makavarapalem,3,14,8,25,0,0,17,1,7,25,0,4,12,9,2,0,23,0,25,25,0,25,0,25,0,22,3,24,1
2023-24,Andhra Pradesh,Anakapalli,Makavarapalem,Bayyavaram,0,7,9,13,2,1,15,1,0,13,3,8,5,3,0,0,16,0,16,16,0,13,3,16,0,16,0,16,0
2023-24,Andhra Pradesh,Anakapalli,Makavarapalem,Burugupalem,12,17,20,25,6,18,40,4,5,47,2,13,17,19,8,0,41,0,49,49,0,48,1,49,0,39,10,49,0
2023-24,Andhra Pradesh,Anakapalli,Makavarapalem,Venkannapalem,0,3,2,4,0,1,5,0,0,5,0,2,3,0,0,0,5,0,5,5,0,5,0,5,0,5,0,5,0
2023-24,Andhra Pradesh,Anakapalli,Makavarapalem,Kondala Agraharam,10,15,7,13,10,9,21,4,7,32,0,9,15,8,0,0,31,0,31,28,4,32,0,31,0,32,0,32,0
2023-24,Andhra Pradesh,Anakapalli,Makavarapalem,Pydipala,14,25,14,32,5,16,34,10,9,49,4,14,23,16,3,0,50,0,53,53,0,52,1,53,0,47,6,53,0
2023-24,Andhra Pradesh,Anakapalli,Makavarapalem,Tadapala,0,1,0,1,0,0,1,0,0,1,0,0,0,1,0,0,1,0,1,1,0,1,0,1,0,1,0,1,0
2023-24,Andhra Pradesh,Anakapalli,Makavarapalem,Bheemaboina Palem,0,1,0,1,0,0,1,0,0,1,0,0,1,0,0,0,1,0,1,1,0,1,0,1,0,1,0,1,0
2023-24,Andhra Pradesh,Anakapalli,Makavarapalem,Jangalapalle,0,2,5,6,0,1,6,1,0,7,0,5,2,0,0,0,7,0,7,7,0,7,0,7,0,7,0,7,0
2023-24,Andhra Pradesh,Anakapalli,Makavarapalem,Zamindari Gangavaram,0,1,2,2,0,1,2,0,1,3,0,1,0,2,0,0,3,0,3,3,0,3,0,3,0,3,0,3,0
2023-24,Andhra Pradesh,Anakapalli,Makavarapalem,Rachapalle,7,13,4,15,2,7,20,1,3,22,2,7,11,6,0,0,24,0,24,22,2,22,2,23,1,24,0,23,1
2023-24,Andhra Pradesh,Anakapalli,Makavarapalem,Pochinapeddi Agraharam,0,7,2,5,0,4,9,0,0,9,0,2,4,3,0,0,9,0,9,9,0,9,0,9,0,9,0,9,0
2023-24,Andhra Pradesh,Anakapalli,Makavarapalem,Mallavaram,1,0,0,1,0,0,1,0,0,1,0,1,0,0,0,0,1,1,0,1,0,1,0,1,0,1,0,1,0
2023-24,Andhra Pradesh,Anakapalli,Makavarapalem,Tootipala,7,14,5,24,0,2,15,6,5,26,0,10,10,6,2,0,24,0,26,26,0,26,0,26,0,26,0,26,0
2023-24,Andhra Pradesh,Anakapalli,Munagapaka,Kakarapalle,1,12,12,18,2,5,16,0,9,22,3,1,12,12,0,0,25,0,25,20,5,19,6,25,0,24,1,25,0
2023-24,Andhra Pradesh,Anakapalli,Munagapaka,Vadrapalle,3,26,6,33,0,2,15,0,20,35,0,0,27,8,0,0,35,0,35,22,13,34,1,35,0,34,1,34,1
2023-24,Andhra Pradesh,Anakapalli,Munagapaka,Vompolu,4,21,7,27,2,3,29,0,3,30,2,6,19,7,0,0,32,0,32,25,7,28,4,31,1,32,0,31,1
2023-24,Andhra Pradesh,Anakapalli,Munagapaka,Arabupalem,18,8,6,26,1,5,31,0,1,24,8,18,8,6,0,0,32,0,32,3,29,4,27,28,4,30,2,32,0
2023-24,Andhra Pradesh,Anakapalli,Munagapaka,Pallapu Anandapuram,13,13,5,22,2,7,26,1,4,31,0,13,13,5,0,0,31,0,31,26,5,30,1,31,0,31,0,31,0
2023-24,Andhra Pradesh,Anakapalli,Munagapaka,Narendrapuram,0,3,0,2,0,1,1,0,2,3,0,0,3,0,0,0,3,0,3,1,2,3,0,3,0,3,0,3,0
2023-24,Andhra Pradesh,Anakapalli,Munagapaka,Madakapalem,4,2,2,7,0,1,8,0,0,8,0,3,2,3,0,0,8,0,8,2,6,8,0,8,0,8,0,8,0
2023-24,Andhra Pradesh,Anakapalli,Munagapaka,Ganaparthi,8,19,7,28,1,5,33,0,1,32,2,7,21,6,0,0,34,0,34,16,18,33,1,34,0,34,0,34,0
2023-24,Andhra Pradesh,Anakapalli,Munagapaka,Chuchikonda,0,15,2,12,0,5,16,0,1,16,1,0,15,2,0,0,17,0,17,11,6,12,5,17,0,17,0,17,0
2023-24,Andhra Pradesh,Anakapalli,Munagapaka,Rajupeta Agraharam,0,1,0,1,0,0,1,0,0,1,0,0,0,1,0,0,1,0,1,1,0,1,0,1,0,1,0,1,0
2023-24,Andhra Pradesh,Anakapalli,Munagapaka,Thimmarajupeta,9,13,7,24,0,5,23,0,6,28,1,9,12,8,1,0,28,1,28,22,7,24,5,29,0,29,0,25,4
2023-24,Andhra Pradesh,Anakapalli,Munagapaka,Munagapaka,31,10,6,46,0,1,41,0,6,46,1,17,24,6,4,0,43,0,47,28,19,25,22,41,6,47,0,46,1
2023-24,Andhra Pradesh,Anakapalli,Munagapaka,T.Sirasapalle,0,1,1,1,0,1,1,1,0,2,0,0,1,1,0,0,2,0,2,2,0,2,0,2,0,1,1,2,0
2023-24,Andhra Pradesh,Anakapalli,Munagapaka,Ummalada,0,17,0,16,0,1,9,0,8,14,3,0,17,0,0,0,17,0,17,12,5,16,1,17,0,17,0,17,0
2023-24,Andhra Pradesh,Anakapalli,Munagapaka,Nagulapalle,11,13,6,21,1,8,23,0,7,30,0,10,17,3,0,0,30,0,30,30,0,30,0,30,0,30,0,30,0
2023-24,Andhra Pradesh,Anakapalli,Munagapaka,Purushottampuram,0,1,0,1,0,0,1,0,0,1,0,0,1,0,0,0,1,0,1,1,0,1,0,1,0,1,0,1,0
2023-24,Andhra Pradesh,Anakapalli,Munagapaka,Nelupaka,11,16,3,18,3,9,28,0,2,29,1,11,16,3,0,0,30,0,30,5,25,16,14,30,0,30,0,22,8
2023-24,Andhra Pradesh,Anakapalli,Munagapaka,Gantavanipalem,12,14,2,12,8,8,26,1,1,28,0,12,14,2,0,0,28,1,27,16,12,27,1,28,0,28,0,25,3
2023-24,Andhra Pradesh,Anakapalli,Munagapaka,Cherlopalem,2,5,2,8,0,1,8,1,0,9,0,2,5,2,0,0,9,0,9,0,9,6,3,9,0,9,0,9,0
2023-24,Andhra Pradesh,Anakapalli,Munagapaka,Thotada,8,7,12,26,0,1,27,0,0,24,3,9,8,10,0,0,27,0,27,9,18,13,14,24,3,27,0,23,4
2023-24,Andhra Pradesh,Anakapalli,Munagapaka,Nagavaram,9,18,2,25,1,3,21,0,8,26,3,9,17,3,0,1,28,0,29,9,20,26,3,28,1,29,0,17,12
2023-24,Andhra Pradesh,Anakapalli,Munagapaka,Patipalle,4,9,3,16,0,0,16,0,0,16,0,1,12,3,1,0,15,0,16,16,0,6,10,16,0,16,0,16,0
2023-24,Andhra Pradesh,Anakapalli,Nakkapalle,Donkada,3,8,0,10,0,1,6,0,5,11,0,3,8,0,0,0,11,0,11,11,0,3,8,11,0,10,1,11,0
2023-24,Andhra Pradesh,Anakapalli,Nakkapalle,Donivanilakshmipuram,10,7,8,22,0,3,16,1,8,25,0,10,7,8,0,0,25,0,25,25,0,25,0,25,0,25,0,25,0
2023-24,Andhra Pradesh,Anakapalli,Nakkapalle,Chinadoddigallu,6,17,7,24,2,4,19,2,9,30,0,6,16,8,0,0,30,0,30,30,0,30,0,30,0,30,0,30,0
2023-24,Andhra Pradesh,Anakapalli,Nakkapalle,Devavaram,5,10,15,23,0,7,18,1,11,30,0,5,7,18,0,0,30,1,29,30,0,28,2,30,0,30,0,30,0
2023-24,Andhra Pradesh,Anakapalli,Nakkapalle,Uddandapuram,4,16,11,20,8,3,23,1,7,30,1,3,15,13,0,0,31,9,22,31,0,31,0,31,0,31,0,31,0
2023-24,Andhra Pradesh,Anakapalli,Nakkapalle,Pedadoddigallu,8,17,17,12,16,14,26,2,14,41,1,8,18,16,0,0,42,3,39,42,0,30,12,42,0,42,0,42,0
2023-24,Andhra Pradesh,Anakapalli,Nakkapalle,Kagitha,3,20,9,10,17,5,23,0,9,32,0,4,19,9,0,0,32,18,14,32,0,31,1,32,0,32,0,32,0
2023-24,Andhra Pradesh,Anakapalli,Nakkapalle,Chinarambhadrapuram,5,1,0,5,0,1,1,0,5,6,0,5,1,0,0,0,6,0,6,6,0,6,0,6,0,6,0,6,0
2023-24,Andhra Pradesh,Anakapalli,Nakkapalle,Godicherla,3,16,12,25,1,5,13,1,17,31,0,3,17,11,1,0,30,1,30,31,0,24,7,31,0,31,0,31,0
2023-24,Andhra Pradesh,Anakapalli,Nakkapalle,Nellipudi,11,21,2,7,22,5,22,1,11,34,0,8,23,3,0,0,34,2,32,34,0,34,0,34,0,34,0,34,0
2023-24,Andhra Pradesh,Anakapalli,Nakkapalle,Chukalavari Lakshmipuram,0,1,1,2,0,0,1,0,1,1,1,0,2,0,0,0,2,0,2,2,0,1,1,2,0,2,0,2,0
2023-24,Andhra Pradesh,Anakapalli,Nakkapalle,Upmaka Agraharam,7,20,6,19,10,4,30,1,2,33,0,4,22,6,1,0,32,3,30,33,0,32,1,33,0,33,0,33,0
2023-24,Andhra Pradesh,Anakapalli,Nakkapalle,Rebaka,0,4,2,5,1,0,4,1,1,6,0,0,2,4,0,0,6,1,5,6,0,6,0,6,0,6,0,6,0
2023-24,Andhra Pradesh,Anakapalli,Nakkapalle,Chandanada,1,23,4,24,1,3,10,0,18,28,0,2,20,6,0,0,28,0,28,28,0,28,0,28,0,26,3,28,0
2023-24,Andhra Pradesh,Anakapalli,Nakkapalle,Dosalapadu,5,12,14,10,8,13,27,1,3,31,0,6,10,15,0,0,31,1,30,27,4,24,7,31,0,31,0,31,0
2023-24,Andhra Pradesh,Anakapalli,Nakkapalle,Cheedika,0,1,0,1,0,0,1,0,0,1,0,0,1,0,0,0,1,0,1,1,0,1,0,1,0,1,0,1,0
2023-24,Andhra Pradesh,Anakapalli,Nakkapalle,G.Jagannadhapuram,0,10,5,4,2,9,10,0,5,15,0,0,10,5,0,0,15,0,15,6,9,15,0,15,0,15,0,15,0
2023-24,Andhra Pradesh,Anakapalli,Nakkapalle,Donkada,1,2,3,4,1,1,3,0,3,6,0,1,2,3,0,0,6,0,6,6,0,0,6,6,0,6,0,6,0
2023-24,Andhra Pradesh,Anakapalli,Nakkapalle,Gunupudi,5,14,10,18,4,7,24,0,5,29,0,6,10,13,0,0,29,5,24,29,0,0,29,29,0,29,0,29,0
2023-24,Andhra Pradesh,Anakapalli,Nakkapalle,Ramanayyapeta,1,2,6,9,0,0,7,1,1,9,0,0,3,6,0,0,9,1,8,9,0,9,0,9,0,9,0,9,0
2023-24,Andhra Pradesh,Anakapalli,Nakkapalle,Gullipadu,3,10,3,10,1,5,11,0,5,16,0,4,10,2,0,0,16,0,16,16,0,4,12,16,0,15,1,16,0
2023-24,Andhra Pradesh,Anakapalli,Nakkapalle,Pedateenarla,8,33,19,51,5,5,40,0,20,60,0,9,31,20,0,0,60,45,15,60,0,60,0,60,0,60,0,60,0
2023-24,Andhra Pradesh,Anakapalli,Nakkapalle,Nakkapalle (Ct),6,16,8,6,16,8,20,1,9,30,0,6,13,11,0,0,30,20,10,17,13,30,0,30,0,30,0,30,0
2023-24,Andhra Pradesh,Anakapalli,Nakkapalle,Vempadu,5,7,3,13,0,2,13,0,2,15,0,6,7,2,3,0,12,3,12,15,0,15,0,15,0,15,0,15,0
2023-24,Andhra Pradesh,Anakapalli,Narsipatnam,Veerabhupala Patnam,0,2,1,2,0,1,3,0,0,3,0,0,2,1,0,0,3,0,3,0,1,0,0,3,0,3,0,2,1
2023-24,Andhra Pradesh,Anakapalli,Narsipatnam,Amalapuram,10,24,7,41,0,0,31,1,9,41,0,10,23,8,0,0,41,0,41,4,37,2,39,19,22,41,0,34,5
2023-24,Andhra Pradesh,Anakapalli,Narsipatnam,Vemulapudi,16,40,22,76,0,2,56,6,16,74,4,20,39,19,6,1,71,0,78,54,21,21,54,67,11,78,0,54,12
2023-24,Andhra Pradesh,Anakapalli,Narsipatnam,Dharmasagaram,11,22,6,29,6,4,39,0,0,39,0,14,18,7,0,0,39,0,39,6,5,4,9,37,2,39,0,21,18
2023-24,Andhra Pradesh,Anakapalli,Narsipatnam,Ordinary Laxmipuram,8,10,6,22,0,2,23,1,0,24,0,10,8,6,0,0,24,0,24,5,1,0,0,24,0,24,0,17,7
2023-24,Andhra Pradesh,Anakapalli,Narsipatnam,Guramdorapalem,2,4,1,6,0,1,4,2,1,7,0,2,4,1,0,0,7,0,7,4,0,2,1,5,2,7,0,6,1
2023-24,Andhra Pradesh,Anakapalli,Narsipatnam,Gabbada,10,10,5,22,0,3,23,1,1,24,1,8,12,5,0,0,25,0,25,19,0,6,4,24,1,25,0,22,3
2023-24,Andhra Pradesh,Anakapalli,Narsipatnam,Neelampeta,2,2,4,6,0,2,7,1,0,8,0,2,3,3,0,0,8,0,8,7,0,0,0,7,1,8,0,8,0
2023-24,Andhra Pradesh,Anakapalli,Narsipatnam,Yerakannapalem,7,17,12,36,0,0,32,0,4,36,0,9,16,11,10,0,26,0,36,3,33,5,31,16,20,36,0,21,4
2023-24,Andhra Pradesh,Anakapalli,Narsipatnam,Chettupalle,20,33,17,69,0,0,55,0,14,53,16,25,27,17,1,19,49,0,69,58,10,22,45,69,0,63,6,53,1
2023-24,Andhra Pradesh,Anakapalli,Narsipatnam,Narsipatnam (Ct),6,15,17,27,3,8,37,0,1,38,0,6,15,17,0,0,38,0,38,4,34,31,6,38,0,38,0,5,33
2023-24,Andhra Pradesh,Anakapalli,Narsipatnam,Peda Boddepalle (Ct),1,1,0,2,0,0,0,0,2,2,0,0,2,0,0,0,2,0,2,2,0,2,0,2,0,2,0,2,0
2023-24,Andhra Pradesh,Anakapalli,Narsipatnam,Balighattam,3,25,6,14,9,11,32,0,2,33,1,4,24,6,0,0,34,0,34,4,27,24,9,34,0,33,1,14,20
2023-24,Andhra Pradesh,Anakapalli,Nathavaram,Sarugudu,5,29,4,38,0,0,34,0,4,38,0,5,29,4,0,0,38,0,38,6,32,2,36,36,2,38,0,37,1
2023-24,Andhra Pradesh,Anakapalli,Nathavaram,Gummidigonda,1,15,8,20,0,4,24,0,0,24,0,1,16,7,1,0,23,0,24,19,5,5,19,24,0,24,0,18,4
2023-24,Andhra Pradesh,Anakapalli,Nathavaram,Vedurupalle,5,3,4,12,0,0,7,0,5,12,0,5,3,4,0,0,12,0,12,9,3,0,12,11,1,12,0,7,2
2023-24,Andhra Pradesh,Anakapalli,Nathavaram,Pichchiganti Kothagudam,5,32,2,36,0,3,36,0,3,39,0,3,33,3,2,1,36,0,39,29,10,9,30,34,5,39,0,36,3
2023-24,Andhra Pradesh,Anakapalli,Nathavaram,Manyapuratla,6,30,8,25,0,19,37,1,6,44,0,7,28,9,0,0,44,0,44,31,13,9,35,35,9,44,0,42,2
2023-24,Andhra Pradesh,Anakapalli,Nathavaram,Srungavaram,5,27,7,31,0,8,35,0,4,39,0,6,27,6,0,0,39,0,39,36,3,16,23,38,1,39,0,39,0
2023-24,Andhra Pradesh,Anakapalli,Nathavaram,Yellavaram Dondapeta,5,24,5,33,0,1,33,0,1,33,1,5,24,5,0,0,34,0,34,11,23,6,28,34,0,34,0,34,0
2023-24,Andhra Pradesh,Anakapalli,Nathavaram,Cherlopalem,5,27,9,38,0,3,41,0,0,41,0,4,28,9,0,0,41,0,41,9,32,6,35,8,33,41,0,13,28
2023-24,Andhra Pradesh,Anakapalli,Nathavaram,Zilledipudi,10,11,14,31,0,4,34,0,1,35,0,12,10,13,4,0,31,0,35,32,3,2,33,33,2,35,0,31,2
2023-24,Andhra Pradesh,Anakapalli,Nathavaram,Nathavaram,7,22,6,32,1,3,22,0,13,35,0,7,23,5,4,0,31,0,35,12,23,2,33,32,3,35,0,17,18
2023-24,Andhra Pradesh,Anakapalli,Nathavaram,Valasampeta,2,18,5,20,2,3,24,0,1,24,1,2,19,4,0,0,25,0,25,6,19,10,15,17,8,25,0,23,2
2023-24,Andhra Pradesh,Anakapalli,Nathavaram,Mulagapudi Bennavaram,6,19,9,31,2,1,25,0,9,34,0,6,19,9,0,0,34,0,34,7,27,8,26,34,0,34,0,32,2
2023-24,Andhra Pradesh,Anakapalli,Nathavaram,Gannavaram,1,23,5,7,0,22,29,0,0,29,0,1,23,5,0,0,29,0,29,2,27,7,22,13,16,29,0,19,10
2023-24,Andhra Pradesh,Anakapalli,Nathavaram,Adivikamayya Agraharam,0,8,2,9,0,1,8,0,2,7,3,0,8,2,1,0,9,0,10,3,7,2,8,6,4,10,0,7,3
2023-24,Andhra Pradesh,Anakapalli,Nathavaram,China Jaggampeta,0,4,0,4,0,0,4,0,0,4,0,0,4,0,2,0,2,0,4,0,4,0,4,4,0,4,0,3,1
2023-24,Andhra Pradesh,Anakapalli,Nathavaram,Mallubhupala Patnam,7,24,13,30,0,14,42,1,1,43,1,7,22,15,2,1,41,0,44,44,0,9,35,44,0,44,0,42,2
2023-24,Andhra Pradesh,Anakapalli,Nathavaram,Gunupudi,6,21,13,33,1,6,38,1,1,39,1,6,19,15,4,0,36,0,40,6,34,6,34,18,22,40,0,21,19
2023-24,Andhra Pradesh,Anakapalli,Nathavaram,Dharmavaram Agraharam,0,3,0,3,0,0,2,0,1,3,0,0,3,0,0,0,3,0,3,2,1,1,2,3,0,3,0,3,0
2023-24,Andhra Pradesh,Anakapalli,Nathavaram,Rajupeta Agraharam,0,0,1,1,0,0,1,0,0,1,0,0,1,0,0,0,1,0,1,1,0,1,0,1,0,1,0,1,0
2023-24,Andhra Pradesh,Anakapalli,Nathavaram,Chammachinta,2,14,10,26,0,0,23,1,2,26,0,2,14,10,0,1,25,0,26,2,24,2,24,2,24,26,0,5,21
2023-24,Andhra Pradesh,Anakapalli,Paravada,Cheepurupalle (East ),0,18,7,24,0,1,19,0,6,16,9,2,20,3,0,0,25,0,25,23,2,21,4,24,1,24,1,23,2
2023-24,Andhra Pradesh,Anakapalli,Paravada,Cheepurupalle (West),2,12,6,20,0,0,16,0,4,20,0,1,19,0,0,0,20,0,20,20,0,18,2,20,0,18,2,20,0
2023-24,Andhra Pradesh,Anakapalli,Paravada,Kalapaka,0,13,3,14,0,2,10,2,4,12,4,4,8,4,0,0,16,0,16,13,3,13,3,16,0,16,0,16,0
2023-24,Andhra Pradesh,Anakapalli,Paravada,Ravada,0,19,5,23,0,1,21,3,0,24,0,3,17,4,1,0,23,1,23,24,0,23,1,24,0,23,1,24,0
2023-24,Andhra Pradesh,Anakapalli,Paravada,Bharinikam,2,14,5,20,0,1,21,0,0,21,0,5,16,0,0,0,21,0,21,13,8,21,0,21,0,21,0,21,0
2023-24,Andhra Pradesh,Anakapalli,Paravada,Edulapaka Bonangi,0,8,3,11,0,0,10,1,0,9,2,2,7,2,0,0,11,0,11,10,1,11,0,11,0,11,0,11,0
2023-24,Andhra Pradesh,Anakapalli,Paravada,Kannuru,5,3,2,9,0,1,6,1,3,9,1,1,9,0,0,0,10,0,10,10,0,10,0,10,0,9,1,10,0
2023-24,Andhra Pradesh,Anakapalli,Paravada,P Sivarampuram,0,1,0,1,0,0,1,0,0,1,0,0,1,0,0,0,1,0,1,1,0,1,0,1,0,1,0,1,0
2023-24,Andhra Pradesh,Anakapalli,Paravada,Swayambuvaram,0,8,1,8,0,1,7,0,2,6,3,0,8,1,0,0,9,0,9,9,0,8,1,9,0,9,0,9,0
2023-24,Andhra Pradesh,Anakapalli,Paravada,Paravada,3,15,6,23,1,0,19,2,3,19,5,6,17,1,1,0,23,1,23,22,2,19,5,24,0,21,3,18,6
2023-24,Andhra Pradesh,Anakapalli,Paravada,Payakarao Bonangi,0,2,1,3,0,0,2,1,0,3,0,1,2,0,0,0,3,0,3,3,0,3,0,3,0,3,0,3,0
2023-24,Andhra Pradesh,Anakapalli,Paravada,Pentaseema Bonangi,0,2,0,1,0,1,2,0,0,2,0,0,1,1,0,0,2,0,2,2,0,2,0,2,0,2,0,2,0
2023-24,Andhra Pradesh,Anakapalli,Paravada,Thanam,3,13,4,16,2,2,14,2,4,15,5,3,15,2,0,0,20,0,20,20,0,20,0,20,0,20,0,20,0
2023-24,Andhra Pradesh,Anakapalli,Paravada,Pedamusidivada,1,5,4,9,0,1,7,0,3,10,0,1,6,3,0,0,10,0,10,10,0,8,2,10,0,9,1,9,1
2023-24,Andhra Pradesh,Anakapalli,Payakaraopeta,Kumarapuram,0,1,9,9,0,1,5,2,3,9,1,0,1,9,0,0,10,4,6,9,1,10,0,10,0,10,0,10,0
2023-24,Andhra Pradesh,Anakapalli,Payakaraopeta,Pedaramabhadrapuram,0,3,11,13,0,1,7,3,4,14,0,0,6,8,0,0,14,2,12,14,0,13,1,14,0,14,0,14,0
2023-24,Andhra Pradesh,Anakapalli,Payakaraopeta,Palteru,4,9,12,21,0,4,14,3,8,25,0,4,9,12,0,0,25,6,19,25,0,22,3,25,0,24,1,25,0
2023-24,Andhra Pradesh,Anakapalli,Payakaraopeta,Aratla Kota,5,6,3,12,0,2,9,0,5,13,1,5,6,3,1,0,13,5,9,14,0,6,8,14,0,14,0,14,0
2023-24,Andhra Pradesh,Anakapalli,Payakaraopeta,Edatam,0,9,9,16,0,2,10,4,4,17,1,0,9,9,0,0,18,8,10,18,0,17,1,18,0,18,0,18,0
2023-24,Andhra Pradesh,Anakapalli,Payakaraopeta,Satyavaram,10,3,8,19,0,2,9,7,5,19,2,10,3,8,1,0,20,14,7,21,0,19,2,21,0,21,0,21,0
2023-24,Andhra Pradesh,Anakapalli,Payakaraopeta,Namavaram,0,3,2,5,0,0,3,0,2,4,1,0,3,2,0,0,5,1,4,5,0,5,0,5,0,5,0,5,0
2023-24,Andhra Pradesh,Anakapalli,Payakaraopeta,Payakaraopeta (Ct),0,4,4,7,0,1,7,1,0,4,4,0,4,4,0,0,8,0,8,8,0,8,0,8,0,8,0,8,0
2023-24,Andhra Pradesh,Anakapalli,Payakaraopeta,Masahebpeta,3,13,8,23,0,1,24,0,0,24,0,3,12,9,0,0,24,15,9,24,0,6,18,24,0,24,0,24,0
2023-24,Andhra Pradesh,Anakapalli,Payakaraopeta,Mangavaram,2,8,5,13,1,1,6,4,5,14,1,2,9,4,0,0,15,0,15,15,0,15,0,15,0,15,0,14,1
2023-24,Andhra Pradesh,Anakapalli,Payakaraopeta,Guntapalle,0,7,0,7,0,0,5,0,2,7,0,0,7,0,0,0,7,2,5,7,0,4,3,7,0,7,0,7,0
2023-24,Andhra Pradesh,Anakapalli,Payakaraopeta,Padalavani Laxmipuram,8,6,3,14,1,2,8,6,3,16,1,9,5,3,0,0,17,6,11,17,0,14,3,17,0,17,0,17,0
2023-24,Andhra Pradesh,Anakapalli,Payakaraopeta,Pentakota,0,2,1,3,0,0,3,0,0,3,0,0,2,1,0,0,3,0,3,3,0,3,0,3,0,3,0,3,0
2023-24,Andhra Pradesh,Anakapalli,Payakaraopeta,Kesavaram,0,1,1,2,0,0,2,0,0,2,0,0,1,1,0,0,2,0,2,2,0,2,0,2,0,2,0,2,0
2023-24,Andhra Pradesh,Anakapalli,Payakaraopeta,S.Narasapuram,3,0,0,3,0,0,1,2,0,3,0,3,0,0,0,0,3,2,1,3,0,3,0,3,0,3,0,3,0
2023-24,Andhra Pradesh,Anakapalli,Payakaraopeta,Srirampuram,4,2,6,11,1,0,6,2,4,10,2,4,7,1,0,0,12,5,7,12,0,12,0,12,0,12,0,12,0
2023-24,Andhra Pradesh,Anakapalli,Payakaraopeta,Rajavaram,8,2,2,11,1,0,10,0,2,9,3,8,2,2,0,0,12,5,7,11,1,9,3,12,0,12,0,12,0
2023-24,Andhra Pradesh,Anakapalli,Rambilli,Kattabolu,4,11,12,20,2,5,24,2,1,25,2,5,10,11,0,0,27,0,27,26,1,27,0,27,0,26,1,26,1
2023-24,Andhra Pradesh,Anakapalli,Rambilli,Rajala Agraharam,12,6,18,25,3,8,27,6,3,34,2,17,4,15,0,2,34,27,9,34,2,35,0,36,0,35,1,34,2
2023-24,Andhra Pradesh,Anakapalli,Rambilli,Haripuram,3,10,1,11,0,4,14,1,0,15,0,3,9,2,0,0,14,4,10,9,6,15,0,15,0,14,1,15,0
2023-24,Andhra Pradesh,Anakapalli,Rambilli,Kumarapalle,0,1,0,1,0,0,1,0,0,1,0,0,1,0,0,0,1,0,1,1,0,1,0,1,0,1,0,1,0
2023-24,Andhra Pradesh,Anakapalli,Rambilli,Marripalem,0,4,0,2,2,1,2,3,0,4,1,1,2,0,0,1,4,4,1,4,1,5,0,5,0,4,1,5,0
2023-24,Andhra Pradesh,Anakapalli,Rambilli,Lalam Koduru,5,4,7,11,2,3,9,2,5,16,0,5,3,8,0,1,15,0,16,14,2,16,0,16,0,16,0,16,0
2023-24,Andhra Pradesh,Anakapalli,Rambilli,Gorapudi,0,2,0,1,1,0,1,0,1,2,0,0,2,0,0,0,2,0,2,2,0,2,0,2,0,2,0,2,0
2023-24,Andhra Pradesh,Anakapalli,Rambilli,Velchuru,8,6,18,16,10,6,21,3,8,32,0,8,6,18,0,0,32,1,31,30,2,32,0,31,1,21,11,31,1
2023-24,Andhra Pradesh,Anakapalli,Rambilli,Panchadarla,3,2,3,5,1,2,6,1,1,8,0,3,3,2,3,0,5,0,8,7,1,8,0,8,0,8,0,8,0
2023-24,Andhra Pradesh,Anakapalli,Rambilli,Zirayati Chintuva,1,1,0,2,0,0,1,0,1,2,0,1,1,0,0,0,2,0,2,2,0,2,0,2,0,2,0,2,0
2023-24,Andhra Pradesh,Anakapalli,Rambilli,Peda Kalavalapalli,6,0,15,19,2,0,18,1,2,21,0,6,0,15,0,0,21,2,19,21,0,21,0,20,1,21,0,21,0
2023-24,Andhra Pradesh,Anakapalli,Rambilli,Murakada,10,28,4,28,3,11,24,14,4,36,6,7,30,5,0,0,42,3,39,40,2,42,0,42,0,42,0,42,0
2023-24,Andhra Pradesh,Anakapalli,Rambilli,Dimili,8,20,8,26,4,6,21,9,6,34,2,10,16,8,0,1,34,18,18,34,2,36,0,36,0,31,5,36,0
2023-24,Andhra Pradesh,Anakapalli,Rambilli,Rajakoduru,5,6,4,13,1,1,12,1,2,15,0,6,6,3,0,0,15,4,11,15,0,15,0,15,0,14,1,15,0
2023-24,Andhra Pradesh,Anakapalli,Rambilli,Rajala,0,1,0,1,0,0,1,0,0,1,0,0,1,0,0,0,1,0,1,1,0,1,0,1,0,1,0,1,0
2023-24,Andhra Pradesh,Anakapalli,Rambilli,Rambilli,0,3,2,5,0,0,2,1,2,3,2,0,3,2,0,0,5,0,5,5,0,5,0,5,0,5,0,5,0
2023-24,Andhra Pradesh,Anakapalli,Rambilli,Gokivada,1,5,0,2,2,2,3,1,2,6,0,1,5,0,0,0,6,0,6,6,0,6,0,6,0,5,1,6,0
2023-24,Andhra Pradesh,Anakapalli,Rambilli,Mamidivada,13,13,1,25,0,2,16,5,6,24,3,13,13,1,0,0,27,4,23,27,0,27,0,27,0,27,0,27,0
2023-24,Andhra Pradesh,Anakapalli,Ravikamatham,Dharmavaram,0,1,1,1,0,1,1,0,1,2,0,0,1,1,0,0,2,0,2,2,0,2,0,2,0,2,0,2,0
2023-24,Andhra Pradesh,Anakapalli,Ravikamatham,Z.Kothapatnam,6,13,10,14,4,11,22,0,7,25,4,7,13,9,0,0,29,0,29,27,2,25,4,29,0,28,1,29,0
2023-24,Andhra Pradesh,Anakapalli,Ravikamatham,Z.Bennavaram,0,7,3,5,2,3,8,0,2,10,0,0,7,3,0,0,10,0,10,9,1,8,2,10,0,10,0,10,0
2023-24,Andhra Pradesh,Anakapalli,Ravikamatham,Badanapadu,1,3,1,3,0,2,3,0,2,5,0,1,3,1,0,0,5,0,5,3,2,5,0,5,0,5,0,5,0
2023-24,Andhra Pradesh,Anakapalli,Ravikamatham,Tattabanda,1,20,9,24,5,1,24,1,5,30,0,1,20,9,0,0,30,0,30,29,1,21,9,30,0,21,9,30,0
2023-24,Andhra Pradesh,Anakapalli,Ravikamatham,Kanada,4,8,2,14,0,0,13,0,1,14,0,4,7,3,0,0,14,0,14,10,4,9,5,14,0,11,3,14,0
2023-24,Andhra Pradesh,Anakapalli,Ravikamatham,Guddipa,5,13,16,10,3,21,31,1,2,33,1,5,14,15,2,0,32,1,33,34,0,29,5,33,1,34,0,34,0
2023-24,Andhra Pradesh,Anakapalli,Ravikamatham,Kothakota,11,41,8,29,3,30,47,1,14,45,17,14,43,5,0,0,62,0,62,59,3,48,14,62,0,59,3,61,1
2023-24,Andhra Pradesh,Anakapalli,Ravikamatham,Machchavanipalem,2,0,1,3,0,0,3,0,0,3,0,2,0,1,0,0,3,0,3,3,0,3,0,3,0,3,0,3,0
2023-24,Andhra Pradesh,Anakapalli,Ravikamatham,Dondapudi,8,13,9,8,3,19,24,1,5,27,3,9,8,13,3,0,27,3,27,30,0,25,5,30,0,28,2,30,0
2023-24,Andhra Pradesh,Anakapalli,Ravikamatham,Krishnabhupala Puram Agraharam,2,1,0,2,0,1,2,1,0,1,2,2,1,0,2,0,1,0,3,3,0,3,0,3,0,2,1,3,0
2023-24,Andhra Pradesh,Anakapalli,Ravikamatham,Garnikam,8,2,8,10,4,4,15,0,3,17,1,9,2,7,0,0,18,0,18,18,0,18,0,18,0,18,0,18,0
2023-24,Andhra Pradesh,Anakapalli,Ravikamatham,Medivada,2,0,2,2,1,1,3,0,1,4,0,2,0,2,1,0,3,0,4,4,0,3,1,4,0,4,0,4,0
2023-24,Andhra Pradesh,Anakapalli,Ravikamatham,T.Arjapuram,4,16,13,16,5,12,26,1,5,29,4,4,16,13,0,0,33,0,33,26,7,28,5,33,0,31,2,33,0
2023-24,Andhra Pradesh,Anakapalli,Ravikamatham,Gummallapadu,2,3,1,1,3,2,5,0,1,6,0,2,3,1,0,0,6,0,6,6,0,6,0,6,0,6,0,6,0
2023-24,Andhra Pradesh,Anakapalli,Ravikamatham,Kotnabilli,1,1,0,1,0,1,2,0,0,2,0,1,1,0,1,0,1,0,2,2,0,2,0,2,0,2,0,2,0
2023-24,Andhra Pradesh,Anakapalli,Ravikamatham,Chinapachila,3,5,1,2,2,5,7,0,2,8,1,3,5,1,0,0,9,0,9,9,0,9,0,9,0,9,0,9,0
2023-24,Andhra Pradesh,Anakapalli,Ravikamatham,Matsyapuram,4,8,5,1,5,11,14,1,2,17,0,4,7,6,0,0,17,0,17,17,0,16,1,17,0,17,0,17,0
2023-24,Andhra Pradesh,Anakapalli,Ravikamatham,Ravikamatham,8,24,2,31,0,4,27,1,7,28,7,8,25,2,0,0,35,1,34,33,2,22,13,34,1,35,0,35,0
2023-24,Andhra Pradesh,Anakapalli,Ravikamatham,Gudiwada,2,9,6,11,5,1,16,0,1,17,0,2,9,6,14,0,3,0,17,17,0,15,2,17,0,16,1,17,0
2023-24,Andhra Pradesh,Anakapalli,Ravikamatham,Diddi,2,8,6,10,5,1,11,0,5,16,0,2,8,6,0,0,16,0,16,12,4,12,4,16,0,15,1,16,0
2023-24,Andhra Pradesh,Anakapalli,Ravikamatham,Totakurapalem,11,9,10,19,1,10,24,2,4,23,7,15,10,5,0,0,30,0,30,28,2,30,0,30,0,28,2,30,0
2023-24,Andhra Pradesh,Anakapalli,Ravikamatham,Pulakandam Ponavolu,5,20,4,3,4,23,23,1,6,27,3,5,16,9,0,0,30,0,30,25,5,23,7,30,0,30,0,30,0
2023-24,Andhra Pradesh,Anakapalli,Ravikamatham,Gompa,3,16,9,17,5,7,24,0,5,28,1,4,18,7,6,0,23,2,27,16,13,20,9,29,0,28,1,27,2
2023-24,Andhra Pradesh,Anakapalli,Rolugunta,Arla,5,0,6,4,6,1,6,2,3,5,6,3,2,6,5,0,6,0,11,10,1,2,0,11,0,11,0,1,0
2023-24,Andhra Pradesh,Anakapalli,Rolugunta,Konthalam,4,14,6,16,3,5,22,1,1,20,4,2,14,8,7,0,17,0,24,3,21,3,21,24,0,23,1,15,9
2023-24,Andhra Pradesh,Anakapalli,Rolugunta,Sarabavaram,9,1,5,5,5,5,11,0,4,5,10,6,2,7,7,0,8,0,15,13,2,3,1,15,0,15,0,6,1
2023-24,Andhra Pradesh,Anakapalli,Rolugunta,Bottavanigaviram Peta,0,0,1,0,0,1,1,0,0,1,0,0,0,1,0,0,1,0,1,0,1,0,1,1,0,1,0,0,1
2023-24,Andhra Pradesh,Anakapalli,Rolugunta,Koruprolu,1,1,4,3,2,1,3,0,3,6,0,2,0,4,0,0,6,1,5,6,0,6,0,6,0,4,2,5,1
2023-24,Andhra Pradesh,Anakapalli,Rolugunta,Kovvuru,5,16,6,12,7,8,20,1,6,22,5,5,16,6,10,0,17,0,27,10,17,8,12,26,1,23,4,20,7
2023-24,Andhra Pradesh,Anakapalli,Rolugunta,Komaravolu,6,12,8,17,3,6,13,3,10,20,6,5,13,8,9,0,17,0,26,18,8,9,11,17,7,26,0,17,9
2023-24,Andhra Pradesh,Anakapalli,Rolugunta,Ratnampeta,5,7,11,13,5,5,17,0,6,14,9,4,7,12,7,0,16,0,23,6,17,3,10,17,6,18,5,19,4
2023-24,Andhra Pradesh,Anakapalli,Rolugunta,Chintalapudi,0,1,0,1,0,0,1,0,0,1,0,0,0,1,0,0,1,0,1,0,1,0,1,1,0,1,0,0,1
2023-24,Andhra Pradesh,Anakapalli,Rolugunta,Kusarlapudi,10,8,10,18,3,7,18,2,8,16,12,3,15,10,16,0,12,1,27,16,12,11,16,25,2,27,1,26,2
2023-24,Andhra Pradesh,Anakapalli,Rolugunta,Janakirampuram Agraharam,8,8,3,5,6,8,12,1,6,18,1,8,8,3,4,0,15,0,19,4,15,6,13,11,8,10,9,12,7
2023-24,Andhra Pradesh,Anakapalli,Rolugunta,Butchampeta,2,12,14,16,4,8,19,2,7,16,12,2,12,14,4,0,24,1,27,10,18,6,12,21,7,20,8,23,5
2023-24,Andhra Pradesh,Anakapalli,Rolugunta,Kondapalem,3,4,5,5,3,4,10,0,2,9,3,3,4,5,6,0,6,0,12,10,2,6,3,9,1,12,0,7,2
2023-24,Andhra Pradesh,Anakapalli,Rolugunta,Gurrampeta,1,0,1,2,0,0,2,0,0,2,0,1,0,1,0,0,2,0,2,0,1,1,1,1,1,1,1,1,1
2023-24,Andhra Pradesh,Anakapalli,Rolugunta,Mokhasa Kothapatnam,0,1,0,1,0,0,1,0,0,1,0,0,1,0,0,0,1,0,1,1,0,1,0,1,0,1,0,1,0
2023-24,Andhra Pradesh,Anakapalli,Rolugunta,Addasaram,12,6,10,27,0,3,22,2,4,13,15,7,10,11,11,0,17,0,28,22,6,6,7,28,0,24,4,12,2
2023-24,Andhra Pradesh,Anakapalli,Rolugunta,Jaggampeta,7,8,10,6,15,4,10,11,4,21,4,6,10,9,11,0,14,0,25,19,7,5,5,21,2,26,0,11,1
2023-24,Andhra Pradesh,Anakapalli,Rolugunta,Vedullavalasa,3,11,13,19,5,3,15,1,11,16,11,4,11,12,5,0,22,0,27,9,16,5,3,10,16,26,1,15,12
2023-24,Andhra Pradesh,Anakapalli,Rolugunta,Rolugunta,2,16,14,25,2,5,18,1,13,16,16,5,14,13,12,3,17,0,32,14,12,9,11,14,18,32,0,15,16
2023-24,Andhra Pradesh,Anakapalli,Rolugunta,Nindugonda,18,1,9,11,11,6,22,1,5,26,2,18,1,9,8,0,20,0,28,2,26,16,12,19,9,14,14,13,15
2023-24,Andhra Pradesh,Anakapalli,Rolugunta,Gangavaram,0,0,1,0,0,1,1,0,0,0,1,0,0,1,0,0,1,0,1,1,0,0,1,1,0,0,1,1,0
2023-24,Andhra Pradesh,Anakapalli,Rolugunta,Gundubadu,7,7,9,15,2,6,21,0,2,19,4,7,7,9,5,0,18,0,23,2,21,4,19,18,5,23,0,16,7
2023-24,Andhra Pradesh,Anakapalli,S.Rayavaram,Gudivada,2,18,16,1,18,17,29,1,6,36,0,1,21,14,0,4,32,21,15,36,0,16,20,35,1,21,15,32,4
2023-24,Andhra Pradesh,Anakapalli,S.Rayavaram,Thimmapuram,3,3,4,0,8,2,3,0,7,10,0,5,4,1,0,0,10,0,10,10,0,5,5,9,1,2,8,9,1
2023-24,Andhra Pradesh,Anakapalli,S.Rayavaram,Janguluruvelampalem,4,19,11,18,8,8,24,1,9,33,1,6,17,11,1,0,33,4,30,34,0,34,0,34,0,32,2,34,0
2023-24,Andhra Pradesh,Anakapalli,S.Rayavaram,Dharmavaram Agraharam,1,7,3,4,4,3,3,2,6,11,0,3,6,2,0,0,11,1,10,11,0,8,3,10,1,5,6,5,6
2023-24,Andhra Pradesh,Anakapalli,S.Rayavaram,Peda Uppalam,2,19,2,9,12,2,19,1,3,21,2,3,17,3,0,0,23,0,23,22,1,16,7,23,0,12,11,23,0
2023-24,Andhra Pradesh,Anakapalli,S.Rayavaram,Koruprolu,27,67,16,64,26,20,90,1,19,95,15,28,61,21,0,1,109,3,107,108,2,73,37,102,8,98,12,94,16
2023-24,Andhra Pradesh,Anakapalli,S.Rayavaram,Pedagummuluru,2,3,1,1,3,2,5,0,1,6,0,2,3,1,0,0,6,0,6,6,0,6,0,6,0,1,5,2,4
2023-24,Andhra Pradesh,Anakapalli,S.Rayavaram,Lingarajupalem,0,1,7,7,0,1,7,1,0,5,3,2,1,5,0,0,8,0,8,8,0,8,0,8,0,8,0,7,1
2023-24,Andhra Pradesh,Anakapalli,S.Rayavaram,Sarvasiddi,0,6,3,2,0,7,3,2,4,9,0,0,4,5,0,0,9,0,9,9,0,5,4,9,0,8,1,3,6
2023-24,Andhra Pradesh,Anakapalli,S.Rayavaram,Petasudipuram,11,14,8,19,7,7,27,2,4,32,1,12,14,7,1,0,32,0,33,31,2,18,14,33,0,33,0,30,3
2023-24,Andhra Pradesh,Anakapalli,S.Rayavaram,S.Rayavaram,4,13,9,18,5,3,23,1,2,21,5,5,12,9,0,0,26,0,26,26,0,24,2,26,0,24,2,26,0
2023-24,Andhra Pradesh,Anakapalli,S.Rayavaram,Chinagummuluru,3,1,1,2,1,2,1,1,3,5,0,3,0,2,0,0,5,0,5,5,0,2,3,5,0,4,1,5,0
2023-24,Andhra Pradesh,Anakapalli,S.Rayavaram,Pettugollapalle,0,3,0,1,0,2,1,0,2,3,0,0,3,0,0,0,3,0,3,3,0,2,1,1,2,1,2,3,0
2023-24,Andhra Pradesh,Anakapalli,Sabbavaram,Gollalapalem,0,1,3,4,0,0,4,0,0,4,0,0,1,3,0,0,4,0,4,4,0,4,0,4,0,4,0,1,3
2023-24,Andhra Pradesh,Anakapalli,Sabbavaram,Yerukunaidupalem,0,1,1,2,0,0,2,0,0,2,0,0,1,1,0,0,2,0,2,1,1,1,1,2,0,2,0,0,2
2023-24,Andhra Pradesh,Anakapalli,Sabbavaram,Mogalipuram,5,11,6,20,0,2,18,2,2,21,1,5,11,6,2,0,20,0,22,13,9,13,9,17,5,22,0,17,5
2023-24,Andhra Pradesh,Anakapalli,Sabbavaram,Boduvalasa,1,3,0,2,0,2,3,0,1,4,0,1,3,0,1,0,3,0,4,3,0,3,1,4,0,4,0,4,0
2023-24,Andhra Pradesh,Anakapalli,Sabbavaram,Antakapalle,6,15,10,29,1,1,23,2,6,31,0,6,15,10,1,0,30,0,31,25,6,26,5,31,0,31,0,26,5
2023-24,Andhra Pradesh,Anakapalli,Sabbavaram,Vangali,4,9,5,18,0,0,15,1,2,18,0,3,10,5,2,0,16,0,18,18,0,16,2,18,0,18,0,14,4
2023-24,Andhra Pradesh,Anakapalli,Sabbavaram,Bangarammapalem,3,5,0,6,1,1,7,0,1,8,0,3,5,0,2,0,6,0,8,6,2,2,6,7,1,8,0,8,0
2023-24,Andhra Pradesh,Anakapalli,Sabbavaram,Anjanagiri,2,6,0,6,0,2,7,1,0,6,2,2,6,0,2,0,6,1,7,4,4,3,5,8,0,8,0,7,1
2023-24,Andhra Pradesh,Anakapalli,Sabbavaram,Asakapalle,3,16,3,20,0,2,18,1,3,22,0,3,16,3,1,0,21,1,21,15,7,16,6,21,1,22,0,17,5
2023-24,Andhra Pradesh,Anakapalli,Sabbavaram,Batajangalapalem,3,5,2,7,0,3,8,0,2,10,0,4,5,1,2,0,8,0,10,10,0,8,2,10,0,10,0,9,1
2023-24,Andhra Pradesh,Anakapalli,Sabbavaram,Narapadu,0,14,2,11,3,2,13,2,1,14,2,2,13,1,3,0,13,0,16,13,3,12,4,16,0,16,0,10,6
2023-24,Andhra Pradesh,Anakapalli,Sabbavaram,Aripaka,3,4,8,12,1,2,14,0,1,14,1,5,4,6,6,0,9,0,15,11,4,11,4,15,0,15,0,9,6
2023-24,Andhra Pradesh,Anakapalli,Sabbavaram,Sabbavaram,7,23,8,36,0,2,31,0,7,38,0,7,23,8,6,0,32,0,38,32,6,28,10,37,1,37,1,35,3
2023-24,Andhra Pradesh,Anakapalli,Sabbavaram,Gullipalle,7,13,9,25,0,4,24,1,4,25,4,7,14,8,3,0,26,0,29,27,2,18,11,22,7,27,2,29,0
2023-24,Andhra Pradesh,Anakapalli,Sabbavaram,Ayyannapalem,1,0,0,1,0,0,1,0,0,1,0,1,0,0,0,0,1,0,1,0,1,1,0,1,0,1,0,0,1
2023-24,Andhra Pradesh,Anakapalli,Sabbavaram,Amrutapuram,12,36,7,51,0,4,45,5,5,53,2,12,36,7,8,0,47,0,55,40,15,39,16,53,2,55,0,51,4
2023-24,Andhra Pradesh,Visakhapatanam,Visakhapatnam(Rural),Adavivaram,6,753,286,804,111,130,188,250,607,849,195,12,788,245,60,2,983,3,1038,612,431,631,414,1029,15,438,606,659,385
2023-24,Andhra Pradesh,Visakhapatanam,Visakhapatnam(Rural),Allipuram,0,65,14,69,6,4,16,12,51,66,13,1,56,22,6,0,73,1,78,40,39,30,49,78,1,32,47,45,34
2023-24,Andhra Pradesh,Anakapalli,Yelamanchili,Regupalem,9,21,10,28,4,8,21,4,15,34,6,10,16,14,0,0,40,2,38,33,7,27,13,29,11,40,0,37,3
2023-24,Andhra Pradesh,Anakapalli,Yelamanchili,Eti Koppaka,1,6,2,8,0,1,3,3,3,8,1,0,7,2,0,0,9,0,9,8,1,7,2,9,0,9,0,9,0
2023-24,Andhra Pradesh,Anakapalli,Yelamanchili,Yerravaram,20,26,30,59,7,10,35,10,31,67,9,26,23,27,2,1,73,3,73,72,4,68,8,50,26,76,0,74,2
2023-24,Andhra Pradesh,Anakapalli,Yelamanchili,Thurangalapalem,2,10,7,1,14,4,15,2,2,18,1,3,3,13,1,0,18,0,19,19,0,17,2,17,2,19,0,15,4
2023-24,Andhra Pradesh,Anakapalli,Yelamanchili,Kokkirapalle,0,6,1,2,2,3,2,2,3,5,2,1,2,4,0,0,7,1,6,7,0,7,0,6,0,7,0,6,1
2023-24,Andhra Pradesh,Anakapalli,Yelamanchili,Jampapalem,1,9,2,3,8,1,7,0,5,12,0,1,4,7,2,0,10,1,11,12,0,10,2,11,1,12,0,7,5
2023-24,Andhra Pradesh,Anakapalli,Yelamanchili,Krishnapuram,3,21,14,37,0,2,19,7,12,30,8,8,22,8,0,0,38,2,36,35,3,26,12,38,0,38,0,38,0
2023-24,Andhra Pradesh,Anakapalli,Yelamanchili,Yelamanchili (Ct),12,15,3,21,4,5,14,5,11,30,0,15,8,7,0,0,30,3,27,30,0,15,15,28,2,30,0,26,4
2023-24,Andhra Pradesh,Anakapalli,Yelamanchili,Kattupalem,4,5,0,4,2,3,2,3,4,8,1,4,3,2,1,0,8,2,7,6,3,7,2,7,2,9,0,7,2
2023-24,Andhra Pradesh,Anakapalli,Yelamanchili,Somilingapalem,4,14,7,15,0,10,13,4,8,22,3,6,10,9,0,0,25,2,23,24,1,24,1,25,0,25,0,25,0
2023-24,Andhra Pradesh,Anakapalli,Yelamanchili,Teruvupalle,11,11,12,30,2,2,16,7,11,30,4,17,10,7,0,0,34,1,33,26,8,30,4,10,24,34,0,27,7
2023-24,Andhra Pradesh,Anantapur,Kudair,Mavinamardhanahalli,0,25,0,25,0,0,9,0,16,25,0,0,25,0,0,0,25,0,25,24,1,14,11,25,0,17,8,25,0
2023-24,Andhra Pradesh,Anantapur,Kudair,Udiripikonda,0,25,0,21,0,4,20,0,5,25,0,0,25,0,1,0,24,5,20,11,14,3,22,25,0,20,5,25,0
2023-24,Andhra Pradesh,Anantapur,Kudair,Kudair,0,26,2,24,1,3,21,0,7,28,0,2,25,1,0,0,28,0,28,15,13,16,12,28,0,23,5,27,1
2023-24,Andhra Pradesh,Anantapur,Kudair,Ipperu,0,43,2,43,0,2,42,0,3,45,0,0,43,2,0,0,45,2,43,21,24,16,29,45,0,41,4,44,1
2023-24,Andhra Pradesh,Anantapur,Kudair,Kalagalla,0,25,0,22,2,1,17,0,8,25,0,0,25,0,0,0,25,4,21,13,12,10,15,25,0,25,0,25,0
2023-24,Andhra Pradesh,Anantapur,Kudair,Cholasamudram,0,22,2,21,2,1,19,0,5,24,0,0,23,1,0,0,24,0,24,24,0,2,22,24,0,21,3,24,0
2023-24,Andhra Pradesh,Anantapur,Kudair,Thimmapuram,0,24,0,21,1,2,6,0,18,24,0,0,24,0,1,0,23,0,24,20,4,17,7,24,0,11,13,24,0
2023-24,Andhra Pradesh,Anantapur,Kudair,Brahmanapalle,0,1,0,1,0,0,1,0,0,1,0,0,0,1,0,0,1,0,1,1,0,1,0,1,0,1,0,1,0
2023-24,Andhra Pradesh,Anantapur,Kudair,Kamuru,0,25,0,22,0,3,11,0,14,25,0,0,24,1,3,0,22,0,25,13,12,13,12,25,0,13,12,25,0
2023-24,Andhra Pradesh,Anantapur,Kudair,Gotukur,0,23,1,20,1,3,23,0,1,24,0,0,22,2,0,0,24,2,22,24,0,4,20,24,0,19,5,24,0
2023-24,Andhra Pradesh,Anantapur,Kudair,Marutla,2,21,0,21,1,1,20,0,3,23,0,0,23,0,0,0,23,4,19,10,13,2,21,23,0,23,0,23,0
2023-24,Andhra Pradesh,Anantapur,Kudair,Korrakodu,0,23,0,21,0,2,19,0,4,23,0,0,23,0,0,0,23,2,21,13,10,4,19,22,0,21,2,23,0
2023-24,Andhra Pradesh,Anantapur,Anantapur,Mannila,0,36,1,28,0,9,24,0,13,35,2,0,37,0,0,0,37,0,37,17,20,25,12,37,0,34,3,37,0
2023-24,Andhra Pradesh,Anantapur,Anantapur,Narayanapuram (Ct),0,47,1,38,1,9,36,0,12,48,0,0,47,1,0,0,48,0,48,42,6,32,16,48,0,33,15,48,0
2023-24,Andhra Pradesh,Anantapur,Anantapur,Kakkalapalle (Ct),0,24,0,17,0,7,22,0,2,22,2,0,24,0,0,0,24,0,24,20,4,12,12,24,0,22,2,23,1
2023-24,Andhra Pradesh,Anantapur,Anantapur,Anantapur Rural,0,3,0,1,0,2,2,0,1,3,0,0,3,0,1,0,2,0,3,2,1,1,2,3,0,2,1,2,1
2023-24,Andhra Pradesh,Anantapur,Anantapur,Chiyyedu,0,20,0,17,0,3,17,0,3,20,0,0,20,0,0,0,20,0,20,19,1,16,4,20,0,16,4,20,0
2023-24,Andhra Pradesh,Anantapur,Anantapur,Kandakur,0,33,0,31,0,2,29,0,4,33,0,0,33,0,0,0,33,0,33,32,1,26,7,33,0,30,3,33,0
2023-24,Andhra Pradesh,Anantapur,Anantapur,Rachanapalle,0,14,1,12,0,3,11,0,4,15,0,0,13,2,0,0,15,0,15,12,3,10,5,15,0,14,1,15,0
2023-24,Andhra Pradesh,Anantapur,Anantapur,Thaticherla,0,21,2,20,0,3,20,0,3,23,0,0,21,2,1,0,22,0,23,20,3,17,6,23,0,16,7,23,0
2023-24,Andhra Pradesh,Anantapur,Anantapur,Kurugunta,0,10,0,8,0,2,7,0,3,10,0,0,9,1,0,0,10,0,10,6,4,7,3,10,0,8,2,10,0
2023-24,Andhra Pradesh,Anantapur,Anantapur,Upparapalle,0,29,2,27,1,3,30,0,1,29,2,0,30,1,0,0,31,0,31,28,3,17,14,31,0,24,7,31,0
2023-24,Andhra Pradesh,Anantapur,Anantapur,Kamarupalle,0,33,0,28,0,5,26,0,7,31,2,0,33,0,0,0,33,0,33,30,3,26,7,33,0,26,7,33,0
2023-24,Andhra Pradesh,Anantapur,Anantapur,Alamuru,0,40,0,32,0,8,38,0,2,40,0,0,38,2,0,0,40,0,40,33,7,25,15,40,0,35,5,40,0
2023-24,Andhra Pradesh,Anantapur,Anantapur,Katiganikalva,0,30,3,30,0,3,29,2,2,32,1,0,31,2,0,0,33,0,33,30,3,24,9,33,0,33,0,32,1
2023-24,Andhra Pradesh,Anantapur,Anantapur,Somanadoddi,0,33,1,31,0,3,28,0,6,34,0,0,34,0,0,0,34,0,34,32,2,23,11,34,0,14,20,34,0
2023-24,Andhra Pradesh,Anantapur,Anantapur,Kodimi,0,4,1,2,0,3,3,0,2,5,0,0,5,0,0,0,5,0,5,5,0,3,2,5,0,3,2,4,1
2023-24,Andhra Pradesh,Anantapur,Anantapur,Itikalapalle,0,21,2,20,0,3,19,0,4,23,0,0,23,0,0,0,23,0,23,15,8,16,7,23,0,19,4,23,0
2023-24,Andhra Pradesh,Anantapur,Atmakur,Talupuru,0,24,0,21,0,3,7,3,14,24,0,0,24,0,0,0,24,0,24,21,3,2,22,24,0,22,2,22,2
2023-24,Andhra Pradesh,Anantapur,Atmakur,Goridindla,0,33,0,29,1,3,14,2,17,33,0,0,31,2,0,0,33,0,33,15,18,11,22,33,0,32,1,31,2
2023-24,Andhra Pradesh,Anantapur,Atmakur,Brahmana Yaleru,0,22,0,20,0,2,5,0,17,22,0,0,21,1,0,0,22,0,22,17,5,7,15,21,1,17,5,22,0
2023-24,Andhra Pradesh,Anantapur,Atmakur,Atmakur,0,41,1,34,1,7,23,0,19,42,0,0,39,3,1,0,41,0,42,21,21,7,35,42,0,38,4,42,0
2023-24,Andhra Pradesh,Anantapur,Atmakur,Sanapa,0,21,0,20,1,0,17,0,4,21,0,0,21,0,0,0,21,0,21,10,11,0,21,21,0,18,3,21,0
2023-24,Andhra Pradesh,Anantapur,Atmakur,Madigubba,0,22,0,20,0,2,8,0,14,22,0,0,20,2,0,0,22,0,22,22,0,3,19,22,0,19,3,22,0
2023-24,Andhra Pradesh,Anantapur,Atmakur,Thopudurthi,0,19,0,12,1,6,6,0,13,19,0,1,18,0,0,0,19,0,19,17,2,4,15,19,0,18,1,19,0
2023-24,Andhra Pradesh,Anantapur,Atmakur,Padamatiyaleru,0,10,0,8,0,2,8,0,2,10,0,0,10,0,0,0,10,0,10,4,6,2,8,10,0,9,1,9,1
2023-24,Andhra Pradesh,Anantapur,Beluguppa,Yerragudi,0,12,1,0,0,13,6,2,5,13,0,0,13,0,0,0,13,0,13,13,0,10,3,13,0,13,0,13,0
2023-24,Andhra Pradesh,Anantapur,Beluguppa,Sreerangapuram,0,24,0,4,0,20,16,1,7,24,0,1,22,1,0,0,24,0,24,22,2,22,2,24,0,24,0,24,0
2023-24,Andhra Pradesh,Anantapur,Beluguppa,Duddekunta,0,28,0,1,0,27,23,0,5,28,0,0,21,7,0,0,28,1,27,26,2,17,11,28,0,27,1,27,0
2023-24,Andhra Pradesh,Anantapur,Beluguppa,Ankampalle,0,27,0,7,0,20,19,1,7,23,4,0,24,3,0,0,27,0,27,27,0,23,4,27,0,26,1,27,0
2023-24,Andhra Pradesh,Anantapur,Beluguppa,Thagguparthy,0,33,0,3,0,30,18,2,13,33,0,0,31,2,0,0,33,0,33,30,3,17,16,33,0,33,0,33,0
2023-24,Andhra Pradesh,Anantapur,Beluguppa,Avulenna,0,7,0,2,0,5,6,0,1,7,0,0,5,2,0,0,7,0,7,6,1,6,1,7,0,6,1,7,0
2023-24,Andhra Pradesh,Anantapur,Beluguppa,Seerpi,0,23,0,9,0,14,13,3,7,23,0,0,23,0,0,0,23,0,23,21,2,12,11,23,0,23,0,23,0
2023-24,Andhra Pradesh,Anantapur,Beluguppa,Narinjagundlapalle,0,12,0,0,0,12,5,1,6,12,0,0,11,1,0,0,12,0,12,12,0,6,6,12,0,12,0,12,0
2023-24,Andhra Pradesh,Anantapur,Beluguppa,Beluguppa,0,40,1,15,0,26,38,0,3,40,1,1,37,3,0,0,41,0,41,39,2,31,10,41,0,39,2,41,0
2023-24,Andhra Pradesh,Anantapur,Beluguppa,Konampalle,0,17,0,1,0,16,6,0,11,17,0,0,16,1,0,0,17,0,17,13,4,14,3,17,0,17,0,17,0
2023-24,Andhra Pradesh,Anantapur,Beluguppa,Narasapuram,0,30,0,3,0,27,15,0,15,29,1,0,29,1,0,0,30,0,30,30,0,27,3,30,0,30,0,30,0
2023-24,Andhra Pradesh,Anantapur,Beluguppa,Budigumma,0,24,3,3,0,24,17,0,10,27,0,0,23,4,0,0,27,0,27,27,0,19,8,27,0,24,3,27,0
2023-24,Andhra Pradesh,Anantapur,Beluguppa,Gangavaram,0,21,0,3,0,18,10,0,11,21,0,0,18,3,0,0,21,0,21,21,0,19,2,20,1,20,1,21,0
2023-24,Andhra Pradesh,Anantapur,Beluguppa,Kalvapalle,0,25,0,5,0,20,13,1,11,25,0,0,24,1,0,0,25,0,25,25,0,16,9,25,0,25,0,25,0
2023-24,Andhra Pradesh,Anantapur,Bommanahal,Kuruvalli,0,10,2,11,0,1,8,0,4,11,1,2,7,3,0,0,12,0,12,8,4,9,3,12,0,4,8,12,0
2023-24,Andhra Pradesh,Anantapur,Bommanahal,Uddehal,0,4,0,2,0,2,2,0,2,4,0,0,3,1,0,0,4,0,4,2,2,2,2,4,0,3,1,4,0
2023-24,Andhra Pradesh,Anantapur,Bommanahal,Bollanaguddam,0,6,1,5,0,2,6,0,1,6,1,0,7,0,0,0,7,0,7,5,2,6,1,7,0,6,1,7,0
2023-24,Andhra Pradesh,Anantapur,Bommanahal,Elanji,0,21,0,17,0,4,19,0,2,21,0,0,20,1,0,0,21,0,21,20,1,16,5,21,0,19,2,21,0
2023-24,Andhra Pradesh,Anantapur,Bommanahal,Nemakallu,0,20,1,16,0,5,18,0,3,21,0,0,18,3,0,0,21,0,21,14,7,12,9,21,0,19,2,21,0
2023-24,Andhra Pradesh,Anantapur,Bommanahal,Sreedharaghattu,0,19,0,11,0,8,19,0,0,19,0,0,19,0,0,0,19,10,9,19,0,17,2,19,0,19,0,19,0
2023-24,Andhra Pradesh,Anantapur,Bommanahal,Haresamudram,0,0,1,0,0,1,1,0,0,1,0,0,1,0,0,0,1,0,1,0,1,1,0,1,0,1,0,1,0
2023-24,Andhra Pradesh,Anantapur,Bommanahal,Govindawada,0,24,0,21,0,3,13,0,11,24,0,0,24,0,11,0,13,0,24,16,8,22,2,24,0,10,14,23,1
2023-24,Andhra Pradesh,Anantapur,Bommanahal,Singanahalli,0,22,0,13,0,9,20,0,2,22,0,0,17,5,0,0,22,9,13,20,2,17,5,22,0,21,1,21,1
2023-24,Andhra Pradesh,Anantapur,Bommanahal,Kolaganahalli,0,19,0,13,0,6,8,0,11,19,0,0,19,0,1,0,18,0,19,11,8,14,5,19,0,18,0,19,0
2023-24,Andhra Pradesh,Anantapur,Bommanahal,Kalludevanahalli,0,23,0,7,0,16,5,0,18,23,0,0,23,0,1,0,22,0,23,14,9,20,3,23,0,16,7,23,0
2023-24,Andhra Pradesh,Anantapur,Bommanahal,Bommanahal,0,23,2,15,0,10,20,0,5,25,0,1,22,2,0,0,25,2,23,19,6,13,12,25,0,24,1,25,0
2023-24,Andhra Pradesh,Anantapur,Bommanahal,Siddarampuram,0,26,1,24,0,3,13,0,14,27,0,2,24,1,1,0,26,1,26,24,3,15,12,27,0,22,5,27,0
2023-24,Andhra Pradesh,Anantapur,Bommanahal,Bandur,0,20,0,14,0,6,16,0,4,20,0,0,15,5,0,0,20,6,14,20,0,16,4,20,0,20,0,20,0
2023-24,Andhra Pradesh,Anantapur,Bommanahal,Untakal,0,16,2,11,0,7,16,0,2,18,0,1,13,4,0,0,18,3,15,17,1,11,7,18,0,16,2,18,0
2023-24,Andhra Pradesh,Anantapur,Bommanahal,D.Honnur,0,41,3,33,1,10,32,0,12,44,0,0,38,6,0,0,44,8,36,40,4,27,17,44,0,41,3,44,0
2023-24,Andhra Pradesh,Anantapur,Brahmasamudram,Pillalapalle,0,19,0,18,0,1,7,0,12,19,0,0,18,1,0,0,19,0,19,11,8,18,1,19,0,13,6,19,0
2023-24,Andhra Pradesh,Anantapur,Brahmasamudram,Gundiganihalli,0,15,0,14,0,1,10,0,5,15,0,0,15,0,0,0,15,0,15,6,9,12,3,15,0,4,11,15,0
2023-24,Andhra Pradesh,Anantapur,Brahmasamudram,Theetakal,0,27,0,25,0,2,17,0,10,27,0,0,26,1,5,0,22,0,27,14,13,26,1,27,0,18,9,27,0
2023-24,Andhra Pradesh,Anantapur,Brahmasamudram,Eradikera,0,27,0,26,0,1,12,0,15,27,0,0,27,0,3,0,24,0,27,20,7,23,4,27,0,24,3,27,0
2023-24,Andhra Pradesh,Anantapur,Brahmasamudram,Bhyravanithippa,0,27,0,26,0,1,22,0,5,27,0,0,27,0,4,0,23,0,27,14,13,26,1,27,0,19,8,27,0
2023-24,Andhra Pradesh,Anantapur,Brahmasamudram,Kannepalle,0,23,1,24,0,0,10,0,14,24,0,0,24,0,0,0,24,0,24,23,1,11,13,24,0,22,2,24,0
2023-24,Andhra Pradesh,Anantapur,Brahmasamudram,Vepalaparthy,0,18,1,17,0,2,9,0,10,19,0,0,19,0,0,0,19,0,19,8,11,16,3,19,0,7,12,19,0
2023-24,Andhra Pradesh,Anantapur,Brahmasamudram,West Kodipalle,0,21,1,21,0,1,15,0,7,22,0,0,21,1,1,0,21,0,22,17,5,18,4,22,0,20,2,22,0
2023-24,Andhra Pradesh,Anantapur,Brahmasamudram,Chelimenahalli,0,21,0,21,0,0,15,0,6,21,0,0,21,0,0,0,21,1,20,9,12,18,3,21,0,1,20,21,0
2023-24,Andhra Pradesh,Anantapur,Brahmasamudram,Bhairasamudram,0,29,0,28,0,1,24,0,5,29,0,0,28,1,0,0,29,0,29,11,18,28,1,28,0,22,7,29,0
2023-24,Andhra Pradesh,Anantapur,Brahmasamudram,Santhekondapuram,0,26,0,26,0,0,11,0,15,26,0,0,24,2,0,0,26,0,26,19,7,23,3,26,0,17,9,25,1
2023-24,Andhra Pradesh,Anantapur,Brahmasamudram,Brahmasamudram,0,52,0,48,0,4,22,0,30,52,0,0,50,2,1,0,51,0,52,25,27,45,7,52,0,8,44,51,1
2023-24,Andhra Pradesh,Anantapur,Brahmasamudram,Yerrakondapuram,0,20,0,20,0,0,15,0,5,20,0,0,20,0,6,0,14,0,20,5,15,19,1,20,0,19,1,20,0
2023-24,Andhra Pradesh,Anantapur,Bukkarayasamudram,Danduvaripalle,0,26,2,20,0,8,10,1,17,28,0,0,26,2,0,0,28,0,28,26,2,14,14,28,0,26,2,28,0
2023-24,Andhra Pradesh,Anantapur,Bukkarayasamudram,Reddipalle,0,47,0,40,0,7,20,2,25,47,0,0,42,5,0,0,47,0,47,41,6,29,18,47,0,35,12,47,0
2023-24,Andhra Pradesh,Anantapur,Bukkarayasamudram,Siddarampuram,0,4,0,4,0,0,1,1,2,4,0,0,3,1,0,0,4,0,4,4,0,3,1,4,0,3,1,4,0
2023-24,Andhra Pradesh,Anantapur,Bukkarayasamudram,Govindapalle,0,23,1,15,0,9,4,0,20,24,0,0,18,6,0,0,24,0,24,24,0,11,13,24,0,20,4,24,0
2023-24,Andhra Pradesh,Anantapur,Bukkarayasamudram,Bukkarayasamudram,0,40,2,25,0,17,27,3,12,42,0,0,35,7,2,0,40,0,42,38,4,26,16,41,0,27,15,40,2
2023-24,Andhra Pradesh,Anantapur,Bukkarayasamudram,Bodiganidoddi,0,24,0,22,0,2,7,1,16,24,0,0,24,0,0,0,24,0,24,21,3,11,13,24,0,22,2,24,0
2023-24,Andhra Pradesh,Anantapur,Bukkarayasamudram,Kondakinda Agraharam,0,32,2,26,0,8,9,1,24,34,0,0,32,2,2,0,32,1,33,31,3,16,18,34,0,33,1,34,0
2023-24,Andhra Pradesh,Anantapur,Bukkarayasamudram,Chedulla,0,23,0,16,1,6,14,0,9,23,0,0,19,4,0,0,23,0,23,16,7,12,11,23,0,20,3,23,0
2023-24,Andhra Pradesh,Anantapur,Bukkarayasamudram,Chennampalle,0,46,6,38,1,13,21,5,26,52,0,1,40,11,0,0,52,1,51,40,12,38,14,52,0,49,3,52,0
2023-24,Andhra Pradesh,Anantapur,Bukkarayasamudram,Korrapadu,0,25,0,13,1,11,8,2,15,25,0,0,25,0,0,0,25,0,25,21,4,18,7,25,0,22,3,25,0
2023-24,Andhra Pradesh,Anantapur,Bukkarayasamudram,Podaralla,0,20,0,10,0,10,9,2,9,20,0,0,16,4,1,0,19,2,18,20,0,13,7,18,2,20,0,20,0
2023-24,Andhra Pradesh,Anantapur,D.Hirehal,Hulikal,0,16,1,13,0,4,4,0,13,14,3,0,11,6,2,0,15,0,17,7,10,5,12,17,0,15,2,17,0
2023-24,Andhra Pradesh,Anantapur,D.Hirehal,Pulakurthi,0,4,0,4,0,0,3,0,1,4,0,0,4,0,0,0,4,0,4,2,2,2,2,4,0,2,2,4,0
2023-24,Andhra Pradesh,Anantapur,D.Hirehal,Obulapuram,0,18,0,18,0,0,16,0,2,18,0,0,18,0,2,0,16,5,13,9,9,2,16,16,2,12,6,18,0
2023-24,Andhra Pradesh,Anantapur,D.Hirehal,Dodagatta,0,11,1,11,0,1,7,0,5,10,2,0,12,0,2,0,10,0,12,4,8,4,8,12,0,12,0,12,0
2023-24,Andhra Pradesh,Anantapur,D.Hirehal,Madenahalli,0,1,0,1,0,0,1,0,0,1,0,0,1,0,0,0,1,0,1,1,0,0,1,1,0,0,1,1,0
2023-24,Andhra Pradesh,Anantapur,D.Hirehal,Nagalapuram,0,1,0,1,0,0,0,0,1,1,0,0,0,1,0,0,1,0,1,0,1,0,1,1,0,1,0,1,0
2023-24,Andhra Pradesh,Anantapur,D.Hirehal,Kadalur,0,18,0,18,0,0,7,0,11,18,0,0,18,0,9,0,9,0,18,12,6,8,10,18,0,16,2,18,0
2023-24,Andhra Pradesh,Anantapur,D.Hirehal,Muradi,0,26,0,26,0,0,13,0,13,25,1,0,25,1,7,0,19,2,24,10,16,7,19,26,0,22,4,26,0
2023-24,Andhra Pradesh,Anantapur,D.Hirehal,Lingamanahalli,0,1,0,1,0,0,1,0,0,1,0,0,1,0,0,0,1,0,1,1,0,0,1,1,0,0,1,1,0
2023-24,Andhra Pradesh,Anantapur,D.Hirehal,Malapanagudi,0,21,0,21,0,0,11,0,10,21,0,0,21,0,3,0,18,2,19,11,10,1,20,21,0,16,5,21,0
2023-24,Andhra Pradesh,Anantapur,D.Hirehal,H.Hossahalli,0,2,0,2,0,0,0,0,2,2,0,0,2,0,1,0,1,0,2,0,2,2,0,2,0,2,0,2,0
2023-24,Andhra Pradesh,Anantapur,D.Hirehal,D.Hirehal,0,13,2,11,1,3,4,0,11,12,3,0,8,7,4,0,11,0,15,4,11,8,7,14,0,15,0,14,1
2023-24,Andhra Pradesh,Anantapur,D.Hirehal,Somalapuram,0,13,4,15,0,2,8,0,9,17,0,0,15,2,1,0,16,0,17,14,3,12,5,17,0,13,4,17,0
2023-24,Andhra Pradesh,Anantapur,D.Hirehal,H.Siddapuram,0,1,0,1,0,0,1,0,0,1,0,0,0,1,0,0,1,0,1,1,0,0,1,1,0,1,0,1,0
2023-24,Andhra Pradesh,Anantapur,D.Hirehal,Kudulur,0,14,0,14,0,0,4,0,10,14,0,0,12,2,3,0,11,0,14,2,12,9,5,14,0,11,3,14,0
2023-24,Andhra Pradesh,Anantapur,Garladinne,Penakacherla,0,9,0,9,0,0,6,0,3,9,0,0,8,1,0,0,9,0,9,5,4,5,4,9,0,7,2,9,0
2023-24,Andhra Pradesh,Anantapur,Garladinne,Kalluru,0,32,2,30,0,4,19,0,15,33,1,0,34,0,1,0,33,1,33,21,13,5,29,33,1,23,11,33,1
2023-24,Andhra Pradesh,Anantapur,Garladinne,Kesavapuram,0,2,0,2,0,0,2,0,0,2,0,0,1,1,0,0,2,0,2,2,0,0,2,2,0,2,0,2,0
2023-24,Andhra Pradesh,Anantapur,Garladinne,Garladinne,0,30,0,26,0,4,23,1,6,30,0,0,29,1,0,0,30,0,30,17,13,23,7,30,0,22,8,30,0
2023-24,Andhra Pradesh,Anantapur,Garladinne,Koppalakonda,0,27,1,24,0,4,23,2,3,27,1,1,26,1,2,0,26,0,28,20,8,15,13,28,0,25,3,28,0
2023-24,Andhra Pradesh,Anantapur,Garladinne,Illuru,0,12,0,11,0,1,3,0,9,12,0,0,12,0,0,0,12,0,12,9,3,7,5,12,0,8,4,12,0
2023-24,Andhra Pradesh,Anantapur,Garladinne,Jambuladinne,0,45,0,40,0,5,21,1,23,45,0,0,42,3,1,0,44,1,44,27,18,13,32,45,0,38,7,45,0
2023-24,Andhra Pradesh,Anantapur,Garladinne,Budedu,0,23,1,23,0,1,15,0,9,24,0,0,24,0,0,0,24,0,24,15,9,15,9,24,0,16,8,24,0
2023-24,Andhra Pradesh,Anantapur,Garladinne,Kanampalle,0,24,1,22,0,3,12,0,13,25,0,0,25,0,0,0,25,0,25,14,11,4,21,25,0,23,2,25,0
2023-24,Andhra Pradesh,Anantapur,Garladinne,Kalluru Agraharam,0,8,2,8,0,2,6,0,4,10,0,0,10,0,0,0,10,0,10,7,3,4,6,10,0,6,4,10,0
2023-24,Andhra Pradesh,Anantapur,Garladinne,Krishnapuram,0,13,0,7,0,6,7,0,6,13,0,0,13,0,0,0,13,0,13,11,2,5,8,13,0,11,2,13,0
2023-24,Andhra Pradesh,Anantapur,Garladinne,Kotanka,0,21,1,18,0,4,8,0,14,22,0,0,22,0,0,0,22,0,22,13,9,13,9,22,0,17,5,22,0
2023-24,Andhra Pradesh,Anantapur,Garladinne,Sirivaram,0,17,0,14,0,3,8,1,8,17,0,0,17,0,0,0,17,0,17,15,2,8,9,17,0,15,2,17,0
2023-24,Andhra Pradesh,Anantapur,Garladinne,Yerraguntla,0,26,2,18,0,10,12,2,14,28,0,0,27,1,1,0,27,0,28,20,8,22,6,28,0,21,7,28,0
2023-24,Andhra Pradesh,Anantapur,Garladinne,Marthadu,0,28,0,24,0,4,24,0,4,28,0,0,28,0,0,0,28,0,28,3,25,14,14,28,0,19,9,26,2
2023-24,Andhra Pradesh,Anantapur,Garladinne,Obulapuram,0,1,0,1,0,0,1,0,0,1,0,0,1,0,0,0,1,0,1,1,0,1,0,1,0,1,0,1,0
2023-24,Andhra Pradesh,Anantapur,Gooty,Ubicherla,0,22,0,19,0,3,19,0,3,20,2,0,20,2,3,0,19,0,22,15,7,20,2,22,0,20,2,22,0
2023-24,Andhra Pradesh,Anantapur,Gooty,Peddoddi,0,25,0,21,0,4,23,1,1,25,0,0,25,0,6,0,19,0,25,12,13,12,13,25,0,21,4,25,0
2023-24,Andhra Pradesh,Anantapur,Gooty,Erragudi,0,24,0,24,0,0,24,0,0,24,0,0,23,1,0,0,24,0,24,11,13,12,12,24,0,18,6,24,0
2023-24,Andhra Pradesh,Anantapur,Gooty,Abbedoddi,1,220,8,187,0,42,125,1,103,225,4,2,207,20,15,0,214,3,226,143,86,121,108,228,1,185,44,229,0
2023-24,Andhra Pradesh,Anantapur,Gooty,Kothapeta,0,26,0,24,0,2,25,0,1,26,0,0,25,1,2,0,24,1,25,14,12,18,8,24,2,21,5,25,1
2023-24,Andhra Pradesh,Anantapur,Gooty,Brahmanapalle,0,1,0,0,0,1,1,0,0,1,0,0,0,1,0,0,1,0,1,0,1,1,0,1,0,1,0,1,0
2023-24,Andhra Pradesh,Anantapur,Gooty,Mamadur,0,1,0,1,0,0,1,0,0,1,0,0,1,0,0,0,1,0,1,1,0,1,0,1,0,1,0,1,0
2023-24,Andhra Pradesh,Anantapur,Gooty,Karadikonda,0,25,0,22,0,3,24,0,1,25,0,0,25,0,4,0,21,0,25,19,6,15,10,25,0,23,2,25,0
2023-24,Andhra Pradesh,Anantapur,Gooty,Jakkalacheruvu,0,24,0,22,0,2,18,2,4,24,0,1,22,1,4,0,20,0,24,14,10,16,8,24,0,21,3,24,0
2023-24,Andhra Pradesh,Anantapur,Gooty,Chetnepalli,0,24,0,21,0,3,21,0,3,24,0,0,24,0,10,0,14,0,24,11,13,19,5,24,0,16,8,24,0
2023-24,Andhra Pradesh,Anantapur,Gooty,Kojjepalle,0,24,0,21,0,3,23,0,1,24,0,0,20,4,9,0,15,0,24,17,7,24,0,24,0,17,7,24,0
2023-24,Andhra Pradesh,Anantapur,Gooty,Thondapadu,0,24,0,21,0,3,24,0,0,24,0,0,24,0,4,0,20,0,24,17,7,11,13,24,0,20,4,24,0
2023-24,Andhra Pradesh,Anantapur,Gooty,Dharmapuram,0,25,1,24,0,2,16,0,10,25,1,0,23,3,1,0,25,0,26,26,0,26,0,26,0,23,3,26,0
2023-24,Andhra Pradesh,Anantapur,Gooty,Basinepalle,0,24,0,21,0,3,19,0,5,24,0,0,24,0,0,0,24,0,24,16,8,23,1,24,0,20,4,24,0
2023-24,Andhra Pradesh,Anantapur,Gooty,Bethapalle,0,20,0,18,0,2,18,0,2,19,1,0,19,1,1,0,19,0,20,9,11,13,7,20,0,17,3,17,3
2023-24,Andhra Pradesh,Anantapur,Gooty,Turakapalle,0,23,0,22,0,1,23,0,0,23,0,0,21,2,3,0,20,0,23,20,3,18,5,23,0,20,3,23,0
2023-24,Andhra Pradesh,Anantapur,Gooty,Gooty (Rural),0,26,0,23,0,3,21,0,5,26,0,0,25,1,1,0,25,0,26,16,10,23,3,26,0,17,9,26,0
2023-24,Andhra Pradesh,Anantapur,Gummagatta,Bhupasamudram,0,42,0,24,0,18,25,0,17,40,2,0,41,1,0,0,42,0,42,15,27,29,13,42,0,36,6,42,0
2023-24,Andhra Pradesh,Anantapur,Gummagatta,Gummagatta,0,62,2,50,0,14,42,0,22,62,2,0,62,2,2,0,62,2,62,35,29,49,15,64,0,53,11,64,0
2023-24,Andhra Pradesh,Anantapur,Gummagatta,Pulakunta,0,63,0,52,0,11,51,0,12,61,2,0,61,2,0,0,63,0,63,47,16,42,21,61,2,52,11,63,0
2023-24,Andhra Pradesh,Anantapur,Gummagatta,Kalugodu,0,52,0,43,0,9,42,0,10,49,3,0,52,0,4,0,48,0,52,37,15,51,1,52,0,42,10,52,0
2023-24,Andhra Pradesh,Anantapur,Gummagatta,Gollapalle,0,34,0,21,0,13,20,0,14,33,1,0,34,0,0,0,34,0,34,21,13,19,15,33,1,27,7,34,0
2023-24,Andhra Pradesh,Anantapur,Gummagatta,Tallakera,0,52,0,39,0,13,36,0,16,50,2,0,51,1,1,0,51,0,52,31,21,28,24,50,2,40,12,52,0
2023-24,Andhra Pradesh,Anantapur,Gummagatta,Veerapuram,0,29,0,21,0,8,18,0,11,26,3,0,29,0,0,0,29,0,29,24,5,24,5,29,0,27,2,29,0
2023-24,Andhra Pradesh,Anantapur,Gummagatta,Galagala,0,24,0,20,0,4,21,0,3,23,1,0,22,2,0,0,24,0,24,21,3,12,12,24,0,18,6,24,0
2023-24,Andhra Pradesh,Anantapur,Gummagatta,S.Hosahalli,0,6,0,5,0,1,4,0,2,5,1,0,6,0,0,0,6,0,6,1,5,5,1,6,0,5,1,6,0
2023-24,Andhra Pradesh,Anantapur,Gummagatta,Belodu,0,20,0,19,0,1,17,0,3,16,4,0,15,5,3,0,17,0,20,15,5,13,7,20,0,12,8,20,0
2023-24,Andhra Pradesh,Anantapur,Gummagatta,Rangasamudram,0,32,0,23,0,9,23,0,9,28,4,0,30,2,0,0,32,0,32,21,11,18,14,32,0,24,8,32,0
2023-24,Andhra Pradesh,Anantapur,Guntakal,Guntakal (R),0,24,3,25,0,2,15,0,12,27,0,0,23,4,0,0,27,0,27,24,3,25,2,27,0,22,5,26,0
2023-24,Andhra Pradesh,Anantapur,Guntakal,Ayyavaripalle,0,21,1,20,0,2,19,0,3,22,0,0,19,3,0,0,22,0,22,16,6,8,14,22,0,19,3,21,0
2023-24,Andhra Pradesh,Anantapur,Guntakal,Nelagonda,0,20,0,18,0,2,12,0,8,20,0,0,20,0,0,0,20,0,20,17,3,13,7,20,0,15,5,20,0
2023-24,Andhra Pradesh,Anantapur,Guntakal,Thimmapuram,0,22,1,20,0,3,8,0,15,23,0,1,22,0,0,0,23,0,23,15,8,23,0,23,0,20,3,23,0
2023-24,Andhra Pradesh,Anantapur,Guntakal,Donimukkala,0,20,2,21,0,1,15,0,7,22,0,0,20,2,0,0,22,0,22,17,5,18,4,22,0,18,4,22,0
2023-24,Andhra Pradesh,Anantapur,Guntakal,Dancherla,0,22,0,22,0,0,14,0,8,22,0,0,21,1,0,0,22,0,22,16,6,22,0,22,0,16,6,20,2
2023-24,Andhra Pradesh,Anantapur,Guntakal,Nagasamudram,0,40,1,41,0,0,17,0,24,41,0,0,40,1,0,0,41,0,41,34,7,9,32,41,0,33,8,40,1
2023-24,Andhra Pradesh,Anantapur,Guntakal,Patha Kothachervu,0,22,0,20,0,2,9,0,13,22,0,0,22,0,0,0,22,0,22,22,0,22,0,22,0,18,4,22,0
2023-24,Andhra Pradesh,Anantapur,Guntakal,Nakkanadoddi,0,25,0,25,0,0,16,0,9,25,0,0,23,2,0,0,25,0,25,16,9,25,0,25,0,19,6,23,2
2023-24,Andhra Pradesh,Anantapur,Guntakal,Dosaludiki,0,22,0,21,0,1,7,0,15,22,0,0,21,1,0,0,22,0,22,22,0,22,0,22,0,19,3,22,0
2023-24,Andhra Pradesh,Anantapur,Guntakal,Kasapuram,0,19,2,20,0,1,7,0,14,21,0,0,21,0,0,0,21,0,21,20,1,21,0,21,0,17,4,21,0
2023-24,Andhra Pradesh,Anantapur,Guntakal,Yerrathimmarayachervu,0,21,1,20,0,2,7,0,15,22,0,0,20,2,0,0,22,1,21,21,1,22,0,22,0,21,1,22,0
2023-24,Andhra Pradesh,Anantapur,Guntakal,Obulapuram,0,16,4,18,0,2,3,0,17,20,0,0,20,0,0,0,20,0,20,20,0,20,0,20,0,17,3,20,0
2023-24,Andhra Pradesh,Anantapur,Guntakal,Konganapalle,0,21,0,19,0,2,3,0,18,21,0,0,20,1,0,0,21,0,21,21,0,21,0,21,0,18,3,21,0
2023-24,Andhra Pradesh,Anantapur,Kalyandrug,Garudapuram,0,52,0,36,0,16,33,0,19,47,5,0,50,2,0,0,52,0,52,43,9,34,18,52,0,29,23,52,0
2023-24,Andhra Pradesh,Anantapur,Kalyandrug,Duradakunta,0,30,0,20,0,10,17,0,13,28,2,0,28,2,0,0,30,0,30,26,4,14,16,30,0,15,15,29,0
2023-24,Andhra Pradesh,Anantapur,Kalyandrug,Golla,0,23,0,17,0,6,14,0,9,21,2,0,22,1,0,0,23,0,23,21,2,19,4,23,0,14,9,23,0
2023-24,Andhra Pradesh,Anantapur,Kalyandrug,Manirevu,0,16,0,11,0,5,10,0,6,15,1,0,14,2,0,0,16,0,16,12,4,9,7,16,0,13,3,16,0
2023-24,Andhra Pradesh,Anantapur,Kalyandrug,Thimmasamudram,0,25,0,20,0,5,15,0,10,23,2,0,25,0,0,0,25,0,25,23,2,12,13,25,0,24,1,25,0
2023-24,Andhra Pradesh,Anantapur,Kalyandrug,East Kodipalle,0,24,0,14,0,10,18,0,6,20,4,0,23,1,0,0,24,0,24,19,5,17,7,24,0,17,7,24,0
2023-24,Andhra Pradesh,Anantapur,Kalyandrug,Chapiri,0,20,0,17,0,3,13,0,7,18,2,0,19,1,0,0,20,0,20,15,5,13,7,20,0,17,3,20,0
2023-24,Andhra Pradesh,Anantapur,Kalyandrug,Hulikal,0,17,0,15,0,2,10,0,7,16,1,0,17,0,0,0,17,0,17,14,3,12,5,16,1,12,5,17,0
2023-24,Andhra Pradesh,Anantapur,Kalyandrug,Kurubarahalli,0,1,0,0,0,1,0,0,1,1,0,0,1,0,0,0,1,0,1,0,1,1,0,1,0,1,0,1,0
2023-24,Andhra Pradesh,Anantapur,Kalyandrug,Muddinayanapalle,0,26,0,22,0,4,21,1,4,23,3,0,26,0,0,0,26,0,26,22,4,12,14,25,1,19,7,26,0
2023-24,Andhra Pradesh,Anantapur,Kalyandrug,Bedrahalli,0,25,0,18,0,7,15,0,10,22,3,0,24,1,0,0,25,0,25,24,1,18,7,25,0,24,1,23,1
2023-24,Andhra Pradesh,Anantapur,Kalyandrug,Palavoy,0,43,2,31,0,14,28,0,17,44,1,0,42,3,1,0,44,0,45,42,3,34,11,45,0,35,10,45,0
2023-24,Andhra Pradesh,Anantapur,Kalyandrug,Mudigal,0,51,0,30,0,21,32,0,19,47,4,0,51,0,0,0,51,0,51,43,8,34,17,50,1,40,11,51,0
2023-24,Andhra Pradesh,Anantapur,Kalyandrug,Kalyandurg (Rural),0,48,1,33,0,16,29,0,20,47,2,0,49,0,1,0,48,0,49,36,13,38,11,49,0,31,18,49,0
2023-24,Andhra Pradesh,Anantapur,Kalyandrug,Kalyandurg (Ct),0,18,0,10,0,8,9,0,9,13,5,0,18,0,0,0,18,0,18,17,1,10,8,18,0,14,4,18,0
2023-24,Andhra Pradesh,Anantapur,Kambadur,Kurakulapalle,0,12,0,12,0,0,10,0,2,12,0,0,12,0,0,0,12,0,12,4,8,2,10,12,0,9,3,12,0
2023-24,Andhra Pradesh,Anantapur,Kambadur,Pallur,0,36,1,29,0,8,28,1,8,36,1,0,35,2,0,0,37,0,37,20,17,22,15,37,0,31,6,32,5
2023-24,Andhra Pradesh,Anantapur,Kambadur,Karthanaparthi,0,12,0,10,0,2,8,0,4,12,0,0,12,0,0,0,12,0,12,11,1,5,7,12,0,12,0,12,0
2023-24,Andhra Pradesh,Anantapur,Kambadur,Mulakanur,1,64,2,46,0,21,45,2,20,65,2,0,65,2,1,0,66,0,67,46,21,35,32,67,0,58,9,61,6
2023-24,Andhra Pradesh,Anantapur,Kambadur,Thimmapuram,0,51,1,34,0,18,37,0,15,50,2,0,52,0,0,0,52,0,52,34,18,31,21,52,0,45,7,48,4
2023-24,Andhra Pradesh,Anantapur,Kambadur,Chennampalle,0,25,0,21,0,4,11,1,13,24,1,0,25,0,0,0,25,0,25,8,17,11,14,25,0,22,3,24,1
2023-24,Andhra Pradesh,Anantapur,Kambadur,Ralla Anantapuram,0,19,1,14,0,6,15,0,5,18,2,0,20,0,0,0,20,0,20,12,8,11,9,20,0,17,3,18,2
2023-24,Andhra Pradesh,Anantapur,Kambadur,Nuthimadugu,0,21,0,11,0,10,9,0,12,21,0,0,20,1,0,0,21,0,21,7,14,16,5,21,0,17,4,19,2
2023-24,Andhra Pradesh,Anantapur,Kambadur,Rallapalle,0,3,0,2,0,1,3,0,0,2,1,0,3,0,0,0,3,0,3,3,0,3,0,3,0,3,0,3,0
2023-24,Andhra Pradesh,Anantapur,Kambadur,Kambadur,0,93,3,70,0,26,77,0,19,93,3,0,93,3,0,0,96,0,96,51,45,42,54,96,0,87,9,89,7
2023-24,Andhra Pradesh,Anantapur,Kambadur,Ramapuram,0,32,0,21,0,11,20,0,12,30,2,0,32,0,0,0,32,0,32,20,12,16,16,32,0,27,5,28,4
2023-24,Andhra Pradesh,Anantapur,Kambadur,Gulyam,0,3,0,3,0,0,3,0,0,3,0,0,3,0,0,0,3,0,3,3,0,3,0,3,0,2,1,3,0
2023-24,Andhra Pradesh,Anantapur,Kanekal,Bennikal,0,22,0,21,0,1,16,0,6,22,0,0,16,6,1,0,21,0,22,20,2,21,1,22,0,15,7,22,0
2023-24,Andhra Pradesh,Anantapur,Kanekal,Garudachedu,0,24,0,12,0,12,24,0,0,24,0,0,24,0,0,0,24,0,24,20,4,14,10,24,0,24,0,24,0
2023-24,Andhra Pradesh,Anantapur,Kanekal,Hulikera,0,35,0,24,0,11,22,3,10,35,0,0,26,9,0,0,35,0,35,33,2,29,6,35,0,29,6,35,0
2023-24,Andhra Pradesh,Anantapur,Kanekal,Kanekal,0,78,0,68,0,10,56,2,20,78,0,0,55,23,2,0,76,0,78,73,5,51,27,77,0,69,9,77,0
2023-24,Andhra Pradesh,Anantapur,Kanekal,Kalekurthi,0,9,0,8,0,1,8,0,1,9,0,0,7,2,0,0,9,0,9,7,2,6,3,9,0,9,0,9,0
2023-24,Andhra Pradesh,Anantapur,Kanekal,N.Hanumapuram,0,24,0,23,0,1,15,2,7,24,0,0,14,10,2,0,22,0,24,24,0,13,11,24,0,21,3,24,0
2023-24,Andhra Pradesh,Anantapur,Kanekal,Malyam,0,26,0,23,0,3,24,0,2,26,0,0,13,13,0,0,26,0,26,20,6,16,10,26,0,17,9,26,0
2023-24,Andhra Pradesh,Anantapur,Kanekal,Hanakanahal,0,24,0,20,0,4,22,0,2,24,0,0,15,9,2,0,22,0,24,24,0,21,3,23,0,21,3,24,0
2023-24,Andhra Pradesh,Anantapur,Kanekal,Ganigera,0,37,0,32,0,5,24,0,13,37,0,0,27,10,0,0,37,0,37,33,4,27,10,37,0,33,4,37,0
2023-24,Andhra Pradesh,Anantapur,Kanekal,Yerragunta,0,44,2,31,0,15,25,0,21,46,0,0,43,3,1,0,45,0,46,41,5,26,20,46,0,43,3,46,0
2023-24,Andhra Pradesh,Anantapur,Kanekal,Sollapuram,0,29,0,21,1,7,27,0,2,29,0,0,28,1,8,0,21,0,29,21,8,20,9,29,0,28,1,29,0
2023-24,Andhra Pradesh,Anantapur,Kanekal,Udegolam,0,16,0,13,0,3,16,0,0,16,0,0,15,1,1,0,15,0,16,11,5,7,9,16,0,16,0,16,0
2023-24,Andhra Pradesh,Anantapur,Kanekal,Brahmasamudram,0,3,1,4,0,0,4,0,0,4,0,0,3,1,0,0,4,0,4,3,1,2,2,4,0,3,1,4,0
2023-24,Andhra Pradesh,Anantapur,Kanekal,Thumbiganur,0,23,0,20,0,3,20,0,3,23,0,0,20,3,4,0,19,0,23,16,7,13,10,23,0,15,8,23,0
2023-24,Andhra Pradesh,Anantapur,Kanekal,Ratchumarri,0,20,0,18,1,1,10,0,10,20,0,0,18,2,0,0,20,0,20,15,5,14,6,20,0,13,7,20,0
2023-24,Andhra Pradesh,Anantapur,Kundurpi,Kundurpi,0,90,1,63,0,28,52,1,38,87,4,0,90,1,0,0,91,0,91,48,43,58,33,91,0,50,41,86,5
2023-24,Andhra Pradesh,Anantapur,Kundurpi,Nijavalli,0,26,0,21,0,5,18,0,8,26,0,0,26,0,0,0,26,0,26,15,11,16,10,26,0,18,8,26,0
2023-24,Andhra Pradesh,Anantapur,Kundurpi,Bestharapalle,0,44,0,36,0,8,33,0,11,42,2,0,44,0,0,0,44,0,44,34,10,29,15,44,0,20,24,43,1
2023-24,Andhra Pradesh,Anantapur,Kundurpi,Appilepalle,0,20,0,9,0,11,16,0,4,18,2,0,20,0,0,0,20,0,20,15,5,14,6,20,0,16,4,17,3
2023-24,Andhra Pradesh,Anantapur,Kundurpi,Malayanur,0,43,1,25,0,19,30,2,12,40,4,0,42,2,0,0,44,0,44,33,11,27,17,44,0,27,17,42,2
2023-24,Andhra Pradesh,Anantapur,Kundurpi,Basapuram,0,48,0,44,0,4,34,0,14,47,1,0,45,3,0,0,48,0,48,16,32,35,13,48,0,13,35,48,0
2023-24,Andhra Pradesh,Anantapur,Kundurpi,Jambugumpala,0,24,0,21,0,3,15,0,9,22,2,0,24,0,0,0,24,0,24,18,6,17,7,24,0,16,8,24,0
2023-24,Andhra Pradesh,Anantapur,Kundurpi,Yenumaladoddi,0,22,1,12,0,11,18,0,5,21,2,0,21,2,0,0,23,0,23,8,15,18,5,23,0,17,6,23,0
2023-24,Andhra Pradesh,Anantapur,Kundurpi,S.Mallapuram,0,4,0,2,0,2,3,0,1,4,0,0,4,0,0,0,4,0,4,2,2,3,1,4,0,3,1,4,0
2023-24,Andhra Pradesh,Anantapur,Kundurpi,Kariganipalle,0,33,0,25,0,8,12,0,21,33,0,0,33,0,0,0,33,0,33,19,14,23,10,33,0,25,8,33,0
2023-24,Andhra Pradesh,Anantapur,Narpala,Venkatampalle,0,9,0,7,0,2,3,0,6,9,0,0,9,0,0,0,9,0,9,8,1,3,6,9,0,8,1,9,0
2023-24,Andhra Pradesh,Anantapur,Narpala,Duggumarri,0,25,0,22,0,3,16,0,9,25,0,0,25,0,0,0,25,0,25,17,8,17,8,24,1,19,6,25,0
2023-24,Andhra Pradesh,Anantapur,Narpala,Bondalawada,0,25,0,21,0,4,12,0,13,25,0,0,23,2,0,0,25,0,25,23,2,14,11,24,1,11,14,25,0
2023-24,Andhra Pradesh,Anantapur,Narpala,B.Pappuru,0,28,0,20,0,8,18,0,10,28,0,0,28,0,0,0,28,0,28,28,0,15,13,28,0,18,10,28,0
2023-24,Andhra Pradesh,Anantapur,Narpala,Haveli Sodanapalle,0,27,0,21,0,6,13,0,14,27,0,0,27,0,0,0,27,0,27,20,7,15,12,27,0,20,7,27,0
2023-24,Andhra Pradesh,Anantapur,Narpala,Bandlapalle,0,4,0,4,0,0,3,0,1,4,0,0,4,0,0,0,4,0,4,4,0,2,2,3,1,4,0,4,0
2023-24,Andhra Pradesh,Anantapur,Narpala,Chamaluru,0,52,0,44,0,8,32,0,20,52,0,0,50,2,0,0,52,0,52,40,12,30,22,52,0,49,3,50,2
2023-24,Andhra Pradesh,Anantapur,Narpala,Nadimidoddi,0,27,0,26,0,1,15,0,12,27,0,0,25,2,0,0,27,0,27,24,3,15,12,27,0,22,5,27,0
2023-24,Andhra Pradesh,Anantapur,Narpala,Narpala,0,145,1,120,0,26,80,0,66,146,0,0,136,10,0,0,146,0,146,109,37,85,61,146,0,123,23,146,0
2023-24,Andhra Pradesh,Anantapur,Narpala,Siddaracherla,0,1,1,2,0,0,1,0,1,2,0,0,2,0,0,0,2,0,2,2,0,2,0,2,0,1,1,2,0
2023-24,Andhra Pradesh,Anantapur,Narpala,Gugudu,0,52,0,42,0,10,26,0,26,52,0,0,49,3,0,0,52,0,52,48,4,29,23,51,1,40,12,52,0
2023-24,Andhra Pradesh,Anantapur,Pamidi,Gulimikondla @ G.Kottala,0,17,0,14,0,3,15,1,1,17,0,0,17,0,0,0,17,0,17,15,2,12,5,17,0,16,1,17,0
2023-24,Andhra Pradesh,Anantapur,Pamidi,Akkajampalle,0,45,0,35,0,10,28,1,16,43,2,0,42,3,3,0,42,1,44,35,10,29,16,45,0,38,7,45,0
2023-24,Andhra Pradesh,Anantapur,Pamidi,Thamballapalle,0,11,0,7,0,4,10,0,1,11,0,0,11,0,0,0,11,0,11,11,0,8,3,11,0,4,7,11,0
2023-24,Andhra Pradesh,Anantapur,Pamidi,Edurur,0,6,0,6,0,0,6,0,0,6,0,0,6,0,0,0,6,0,6,6,0,4,2,6,0,6,0,4,2
2023-24,Andhra Pradesh,Anantapur,Pamidi,Khadarpeta,0,14,0,14,0,0,13,0,1,14,0,0,14,0,0,0,14,0,14,8,6,8,6,14,0,11,3,13,1
2023-24,Andhra Pradesh,Anantapur,Pamidi,Appajipeta,0,2,0,1,0,1,0,0,2,2,0,0,2,0,0,0,2,0,2,2,0,1,1,2,0,1,1,2,0
2023-24,Andhra Pradesh,Anantapur,Pamidi,Ramarajupalle,0,9,0,9,0,0,4,1,4,9,0,0,9,0,0,0,9,0,9,8,1,9,0,9,0,9,0,9,0
2023-24,Andhra Pradesh,Anantapur,Pamidi,Palyam,0,27,0,22,0,5,22,0,5,27,0,0,27,0,0,0,27,0,27,22,5,22,5,27,0,10,17,23,4
2023-24,Andhra Pradesh,Anantapur,Pamidi,Anumpalle,0,33,2,30,0,5,15,5,15,35,0,0,35,0,0,0,35,0,35,31,4,31,4,35,0,33,2,35,0
2023-24,Andhra Pradesh,Anantapur,Pamidi,Neelur,0,19,0,15,0,4,17,0,2,19,0,0,19,0,0,0,19,0,19,15,4,12,7,19,0,9,10,19,0
2023-24,Andhra Pradesh,Anantapur,Pamidi,Vankarajukalva,0,19,3,20,0,2,21,0,1,22,0,0,22,0,0,0,22,0,22,18,4,16,6,22,0,22,0,22,0
2023-24,Andhra Pradesh,Anantapur,Pamidi,Eddulapalle,0,31,0,28,0,3,26,0,5,31,0,0,28,3,0,0,31,0,31,18,13,26,5,31,0,27,4,30,1
2023-24,Andhra Pradesh,Anantapur,Pamidi,Kandlapalle,0,13,0,10,0,3,11,0,2,13,0,0,12,1,0,0,13,0,13,13,0,10,3,13,0,12,1,13,0
2023-24,Andhra Pradesh,Anantapur,Pamidi,Devarapalle,0,14,0,13,0,1,9,0,5,14,0,0,14,0,0,0,14,0,14,12,2,11,3,14,0,7,7,14,0
2023-24,Andhra Pradesh,Anantapur,Pamidi,Katrimala,0,14,1,12,0,3,6,0,9,15,0,1,12,2,0,0,15,0,15,13,2,14,1,15,0,8,7,13,2
2023-24,Andhra Pradesh,Anantapur,Pamidi,Gajarampalle,0,13,0,9,0,4,8,0,5,13,0,0,12,1,0,0,13,0,13,9,4,10,3,13,0,3,10,13,0
2023-24,Andhra Pradesh,Anantapur,Pamidi,Ramagiri,0,28,0,19,0,9,22,0,6,28,0,0,27,1,0,0,28,0,28,20,8,23,5,28,0,25,3,28,0
2023-24,Andhra Pradesh,Anantapur,Pamidi,Nemallapalle,0,4,0,4,0,0,3,0,1,4,0,0,4,0,0,0,4,0,4,4,0,0,4,4,0,2,2,4,0
2023-24,Andhra Pradesh,Anantapur,Pamidi,Kalapuram,0,11,0,8,0,3,10,0,1,11,0,0,11,0,0,0,11,0,11,11,0,8,3,11,0,8,3,11,0
2023-24,Andhra Pradesh,Anantapur,Pamidi,Sorakayalapeta,0,4,1,5,0,0,3,0,2,5,0,1,4,0,0,0,5,0,5,4,1,4,1,5,0,4,1,5,0
2023-24,Andhra Pradesh,Anantapur,Pamidi,Pamidi,0,17,0,11,0,6,9,0,8,17,0,0,16,1,0,0,17,0,17,16,1,15,2,17,0,9,8,17,0
2023-24,Andhra Pradesh,Anantapur,Peddapappur,Devanuppalapadu,0,23,0,7,1,15,4,0,19,23,0,0,21,2,1,0,22,0,23,17,6,12,11,23,0,17,6,23,0
2023-24,Andhra Pradesh,Anantapur,Peddapappur,Garladinne,0,7,0,4,0,3,3,0,4,7,0,0,5,2,3,0,4,0,7,7,0,5,2,7,0,7,0,7,0
2023-24,Andhra Pradesh,Anantapur,Peddapappur,Pasalur,0,18,0,8,0,10,12,0,6,18,0,0,16,2,3,0,15,0,18,12,6,12,6,18,0,13,5,18,0
2023-24,Andhra Pradesh,Anantapur,Peddapappur,Pendekallu,0,25,0,19,0,6,18,0,7,25,0,0,25,0,4,0,21,0,25,20,5,20,5,25,0,18,7,25,0
2023-24,Andhra Pradesh,Anantapur,Peddapappur,Chinnayakkaluru,0,26,1,22,0,5,21,0,6,27,0,0,25,2,2,0,25,0,27,25,2,19,8,27,0,20,7,27,0
2023-24,Andhra Pradesh,Anantapur,Peddapappur,Peddapappur,0,30,0,24,0,6,26,0,4,30,0,0,30,0,5,0,25,0,30,24,6,20,10,30,0,23,7,30,0
2023-24,Andhra Pradesh,Anantapur,Peddapappur,Amalladinne,0,24,4,23,0,5,18,0,10,28,0,1,19,8,1,0,27,0,28,24,4,25,3,28,0,22,6,28,0
2023-24,Andhra Pradesh,Anantapur,Peddapappur,Dharmapuram,0,21,0,19,0,2,16,0,5,21,0,0,19,2,6,0,15,0,21,21,0,17,4,21,0,14,7,20,1
2023-24,Andhra Pradesh,Anantapur,Peddapappur,Jutur,0,21,2,21,0,2,16,0,7,23,0,0,15,8,6,0,17,0,23,20,3,19,4,23,0,16,7,22,1
2023-24,Andhra Pradesh,Anantapur,Peddapappur,Chagallu,0,20,0,16,0,4,16,0,4,20,0,0,19,1,8,0,12,0,20,13,7,15,5,20,0,16,4,20,0
2023-24,Andhra Pradesh,Anantapur,Peddapappur,Muchukota,0,32,0,28,0,4,28,0,4,32,0,0,30,1,2,0,30,0,32,20,12,20,11,32,0,21,11,32,0
2023-24,Andhra Pradesh,Anantapur,Peddapappur,Tabjula,0,23,0,16,0,7,13,0,10,23,0,0,21,2,1,0,22,0,23,22,1,9,14,23,0,18,5,23,0
2023-24,Andhra Pradesh,Anantapur,Peddapappur,Peddayakkaluru,0,18,5,20,0,3,20,0,3,22,1,0,21,2,9,0,14,0,23,12,11,18,5,23,0,15,8,23,0
2023-24,Andhra Pradesh,Anantapur,Peddapappur,Narasapuram,0,21,2,19,0,4,18,0,5,23,0,0,18,5,1,0,22,0,23,9,14,21,2,23,0,15,8,23,0
2023-24,Andhra Pradesh,Anantapur,Peddavadugur,Virupapuram,0,16,1,10,0,7,14,0,3,17,0,0,16,1,3,0,14,0,17,7,10,4,13,17,0,13,4,17,0
2023-24,Andhra Pradesh,Anantapur,Peddavadugur,Molakathalla,0,2,0,0,0,2,0,0,2,2,0,0,2,0,0,0,2,0,2,1,1,1,1,2,0,2,0,2,0
2023-24,Andhra Pradesh,Anantapur,Peddavadugur,Muppalagutti,0,13,0,11,0,2,11,0,2,13,0,0,13,0,0,0,13,1,12,8,5,11,2,13,0,3,10,13,0
2023-24,Andhra Pradesh,Anantapur,Peddavadugur,Medimakulapalle,0,22,1,19,0,4,22,0,1,23,0,0,23,0,5,0,18,0,23,15,8,15,8,23,0,17,6,23,0
2023-24,Andhra Pradesh,Anantapur,Peddavadugur,Dimmagudi,0,28,0,23,0,5,26,0,2,28,0,1,25,2,0,0,28,0,28,18,10,27,1,28,0,17,11,28,0
2023-24,Andhra Pradesh,Anantapur,Peddavadugur,Chitrachedu,0,22,1,19,0,4,20,0,3,23,0,0,23,0,5,0,18,0,23,23,0,15,8,23,0,16,7,23,0
2023-24,Andhra Pradesh,Anantapur,Peddavadugur,Gooty Ananta Puram,0,27,0,20,0,7,27,0,0,27,0,0,27,0,1,0,26,0,27,24,3,21,6,26,1,19,8,27,0
2023-24,Andhra Pradesh,Anantapur,Peddavadugur,Chitturu,0,23,2,19,0,6,23,0,2,25,0,0,25,0,12,0,13,0,25,15,10,23,2,25,0,19,6,25,0
2023-24,Andhra Pradesh,Anantapur,Peddavadugur,Chinnavadugur,0,27,0,19,0,8,25,0,2,27,0,0,27,0,5,0,22,0,27,26,1,24,3,27,0,18,9,27,0
2023-24,Andhra Pradesh,Anantapur,Peddavadugur,Ravuludiki,0,24,1,17,1,7,23,0,2,25,0,0,25,0,0,0,25,0,25,13,12,13,12,25,0,17,8,25,0
2023-24,Andhra Pradesh,Anantapur,Peddavadugur,Peddavadugur,0,41,1,32,0,10,38,0,4,42,0,0,37,5,9,0,33,0,42,30,12,36,6,42,0,25,17,42,0
2023-24,Andhra Pradesh,Anantapur,Peddavadugur,Appecherla,0,23,0,22,0,1,21,0,2,23,0,0,23,0,1,0,22,0,23,19,4,21,2,23,0,14,9,23,0
2023-24,Andhra Pradesh,Anantapur,Peddavadugur,Kristipadu,0,58,0,44,0,14,55,0,3,58,0,0,57,1,11,0,47,1,57,29,29,44,14,58,0,40,18,58,0
2023-24,Andhra Pradesh,Anantapur,Peddavadugur,Mallenipalle,0,36,1,31,0,6,36,0,1,37,0,0,36,1,0,0,37,0,37,13,24,21,16,37,0,26,11,37,0
2023-24,Andhra Pradesh,Anantapur,Putlur,Chintalapalle,0,6,0,6,0,0,6,0,0,5,1,0,6,0,2,0,4,0,6,4,2,2,4,6,0,6,0,6,0
2023-24,Andhra Pradesh,Anantapur,Putlur,Kummanamala,0,26,1,26,0,1,16,0,11,24,3,0,27,0,0,0,27,0,27,15,12,12,15,27,0,23,4,27,0
2023-24,Andhra Pradesh,Anantapur,Putlur,Madugupalle,0,25,2,24,0,3,15,0,12,25,2,0,27,0,0,0,27,0,27,15,12,15,12,27,0,22,5,27,0
2023-24,Andhra Pradesh,Anantapur,Putlur,Ellutla,0,22,3,25,0,0,14,0,11,24,1,0,24,1,2,0,23,0,25,18,7,18,7,25,0,19,6,25,0
2023-24,Andhra Pradesh,Anantapur,Putlur,Arakativemula,0,23,0,23,0,0,14,0,9,23,0,0,23,0,1,0,22,0,23,11,12,11,12,23,0,19,4,23,0
2023-24,Andhra Pradesh,Anantapur,Putlur,Sanagalaguduru,0,49,1,47,0,3,26,0,24,47,3,0,48,2,9,0,41,0,50,37,13,30,20,49,0,45,5,50,0
2023-24,Andhra Pradesh,Anantapur,Putlur,Cherlopalli,0,51,2,50,0,3,27,0,26,50,3,0,50,3,3,0,50,0,53,21,32,39,14,53,0,42,11,53,0
2023-24,Andhra Pradesh,Anantapur,Putlur,Dosaledu,0,1,0,0,0,1,0,0,1,1,0,0,0,1,0,0,1,0,1,0,1,1,0,0,1,1,0,1,0
2023-24,Andhra Pradesh,Anantapur,Putlur,Kadavakallu,0,24,0,23,0,1,17,0,7,23,1,0,22,2,6,0,18,0,24,22,2,12,12,24,0,24,0,24,0
2023-24,Andhra Pradesh,Anantapur,Putlur,Komatikuntla,0,25,0,25,0,0,22,0,3,23,2,0,24,1,0,0,25,0,25,14,11,18,7,25,0,23,2,25,0
2023-24,Andhra Pradesh,Anantapur,Putlur,Chintakunta,0,7,0,7,0,0,4,0,3,6,1,0,7,0,0,0,7,0,7,2,5,3,4,7,0,3,4,7,0
2023-24,Andhra Pradesh,Anantapur,Putlur,Kandikapula,0,11,0,10,0,1,6,0,5,11,0,0,11,0,0,0,11,0,11,3,8,6,5,11,0,5,6,11,0
2023-24,Andhra Pradesh,Anantapur,Putlur,Putlur,0,36,1,34,0,3,17,0,20,35,2,0,36,1,2,0,35,0,37,20,17,22,15,37,0,34,3,37,0
2023-24,Andhra Pradesh,Anantapur,Putlur,Surepalli,0,3,1,3,0,1,4,0,0,4,0,0,2,2,0,0,4,0,4,3,1,4,0,4,0,0,4,4,0
2023-24,Andhra Pradesh,Anantapur,Putlur,Gandlapadu,0,7,0,7,0,0,1,0,6,7,0,0,7,0,0,0,7,0,7,3,4,3,4,7,0,7,0,7,0
2023-24,Andhra Pradesh,Anantapur,Raptadu,Bukkacherla,0,25,3,26,0,2,13,0,15,27,1,0,25,3,0,0,28,0,28,14,14,16,12,28,0,17,11,28,0
2023-24,Andhra Pradesh,Anantapur,Raptadu,Bandameedapalle,0,26,1,14,1,12,16,0,11,27,0,0,26,1,1,0,26,0,27,15,12,24,3,27,0,20,7,27,0
2023-24,Andhra Pradesh,Anantapur,Raptadu,Yerragunta,0,3,0,3,0,0,2,0,1,3,0,0,3,0,0,0,3,0,3,2,1,2,1,3,0,3,0,3,0
2023-24,Andhra Pradesh,Anantapur,Raptadu,Gandlaparthi,0,16,0,16,0,0,16,0,0,16,0,0,14,2,0,0,16,0,16,6,10,7,9,16,0,8,8,16,0
2023-24,Andhra Pradesh,Anantapur,Raptadu,Palacherla,0,24,1,6,3,16,6,1,18,25,0,0,23,2,1,0,24,0,25,5,20,18,7,25,0,21,4,25,0
2023-24,Andhra Pradesh,Anantapur,Raptadu,Gangulakunta,0,12,0,7,1,4,8,1,3,12,0,0,10,2,0,0,12,0,12,8,4,7,5,11,1,12,0,12,0
2023-24,Andhra Pradesh,Anantapur,Raptadu,Raptadu (Part),0,76,2,62,2,14,42,1,35,76,2,0,70,8,0,0,78,0,78,47,31,27,51,78,0,55,23,78,0
2023-24,Andhra Pradesh,Anantapur,Raptadu,Hampapuram,0,7,0,7,0,0,3,0,4,7,0,0,6,1,0,0,7,0,7,4,3,3,4,7,0,5,2,7,0
2023-24,Andhra Pradesh,Anantapur,Raptadu,Maroor,0,77,3,55,4,21,48,2,30,77,3,0,77,3,1,0,79,0,80,49,31,58,22,80,0,68,12,78,0
2023-24,Andhra Pradesh,Anantapur,Raptadu,Gondireddipalle,0,29,0,13,3,13,16,0,13,28,1,0,29,0,2,0,27,0,29,19,10,10,19,29,0,25,4,29,0
2023-24,Andhra Pradesh,Anantapur,Raptadu,Bommaparthy,0,25,0,24,0,1,14,0,11,21,4,0,22,3,0,0,25,0,25,14,11,10,15,25,0,19,6,25,0
2023-24,Andhra Pradesh,Anantapur,Rayadurg,Chadam,0,30,0,20,0,10,11,0,19,30,0,0,30,0,3,0,27,0,30,6,24,17,13,30,0,28,2,30,0
2023-24,Andhra Pradesh,Anantapur,Rayadurg,Bondankal,0,20,0,17,0,3,8,0,12,20,0,0,20,0,0,0,20,0,20,2,18,11,9,20,0,15,5,20,0
2023-24,Andhra Pradesh,Anantapur,Rayadurg,Mallapuram,0,65,2,30,0,37,28,0,39,64,3,0,67,0,0,0,67,4,63,56,11,38,29,67,0,48,19,67,0
2023-24,Andhra Pradesh,Anantapur,Rayadurg,Veparalla,0,30,0,10,0,20,10,0,20,27,3,0,29,1,0,0,30,1,29,25,5,15,15,30,0,26,4,30,0
2023-24,Andhra Pradesh,Anantapur,Rayadurg,Avuladatla,0,20,1,15,0,6,13,0,8,21,0,0,19,2,0,0,21,0,21,6,15,13,8,21,0,14,7,21,0
2023-24,Andhra Pradesh,Anantapur,Rayadurg,Baginayakana Halli,0,11,2,6,0,7,5,0,8,12,1,0,13,0,0,0,13,1,12,12,1,5,8,13,0,12,1,13,0
2023-24,Andhra Pradesh,Anantapur,Rayadurg,Vadrahonnur,0,3,0,1,0,2,3,0,0,3,0,0,3,0,0,0,3,0,3,2,1,2,1,3,0,3,0,3,0
2023-24,Andhra Pradesh,Anantapur,Rayadurg,D.Kondapuram,0,22,0,9,0,13,19,0,3,22,0,0,21,1,0,0,22,0,22,12,10,2,20,22,0,20,2,22,0
2023-24,Andhra Pradesh,Anantapur,Rayadurg,Gramadatla,0,5,0,2,0,3,4,0,1,5,0,0,2,3,0,0,5,0,5,3,2,4,1,5,0,5,0,5,0
2023-24,Andhra Pradesh,Anantapur,Rayadurg,Udegolam,0,15,0,14,0,1,6,0,9,15,0,0,14,1,1,0,14,0,15,7,8,9,6,15,0,13,2,15,0
2023-24,Andhra Pradesh,Anantapur,Rayadurg,Nagireddipalle,0,40,5,17,0,28,21,0,24,40,5,0,43,2,0,0,45,11,34,35,10,24,21,45,0,37,8,45,0
2023-24,Andhra Pradesh,Anantapur,Rayadurg,Junjurampalle,0,18,0,8,0,10,14,0,4,18,0,0,18,0,0,0,18,0,18,7,11,3,15,18,0,13,5,18,0
2023-24,Andhra Pradesh,Anantapur,Rayadurg,Rayadurgam,0,23,0,18,0,5,9,0,14,23,0,0,21,2,0,0,23,1,22,14,9,16,7,23,0,17,6,23,0
2023-24,Andhra Pradesh,Anantapur,Rayadurg,Mechiri,0,38,1,8,1,30,21,0,18,38,1,0,38,1,0,0,39,5,34,34,5,20,19,39,0,30,9,38,1
2023-24,Andhra Pradesh,Anantapur,Settur,Chintarlapalle,1,21,0,16,0,6,15,0,7,22,0,0,20,2,4,0,18,0,22,22,0,11,11,22,0,18,4,22,0
2023-24,Andhra Pradesh,Anantapur,Settur,Khairevu,0,46,0,36,0,10,28,0,18,46,0,1,40,5,9,0,37,0,46,45,1,36,10,45,1,32,14,46,0
2023-24,Andhra Pradesh,Anantapur,Settur,Lakshmanpalle,0,18,0,12,0,6,4,0,14,18,0,0,15,3,1,0,17,0,18,13,5,9,9,18,0,13,5,17,1
2023-24,Andhra Pradesh,Anantapur,Settur,Adivigollapalle,0,52,4,45,0,11,15,0,41,47,9,4,42,10,11,0,45,0,56,24,32,30,26,56,0,52,4,55,1
2023-24,Andhra Pradesh,Anantapur,Settur,Settur,0,16,0,13,0,3,9,0,7,15,1,0,12,4,0,0,16,0,16,10,6,14,2,16,0,14,2,16,0
2023-24,Andhra Pradesh,Anantapur,Settur,Bachchupalle,0,30,0,26,0,4,18,0,12,30,0,0,21,9,1,0,29,0,30,30,0,19,11,30,0,24,6,30,0
2023-24,Andhra Pradesh,Anantapur,Settur,Mulakaledu,0,89,1,75,0,15,78,0,12,90,0,0,68,22,1,0,89,0,90,67,23,60,30,88,2,52,38,90,0
2023-24,Andhra Pradesh,Anantapur,Settur,Ayyagarlapalle,0,30,0,20,0,10,19,0,11,30,0,1,19,10,2,0,28,0,30,30,0,19,11,30,0,23,7,30,0
2023-24,Andhra Pradesh,Anantapur,Settur,Kamthanahalli,0,8,0,6,0,2,2,0,6,8,0,0,7,1,1,0,7,0,8,7,1,6,2,8,0,4,4,8,0
2023-24,Andhra Pradesh,Anantapur,Settur,Yatakal,0,55,0,46,0,9,41,0,14,55,0,0,42,13,4,0,51,0,55,54,1,41,14,55,0,38,17,55,0
2023-24,Andhra Pradesh,Anantapur,Singanamala,Rachepalle,0,28,0,27,0,1,24,0,4,27,1,0,28,0,0,0,28,0,28,16,12,25,3,28,0,9,19,28,0
2023-24,Andhra Pradesh,Anantapur,Singanamala,Singanamala,0,34,0,31,0,3,32,0,2,34,0,0,34,0,0,0,34,0,34,25,9,28,6,33,1,22,12,30,4
2023-24,Andhra Pradesh,Anantapur,Singanamala,Matlagondi,0,3,0,3,0,0,3,0,0,3,0,0,3,0,0,0,3,0,3,2,1,2,1,3,0,3,0,3,0
2023-24,Andhra Pradesh,Anantapur,Singanamala,Sodanapalle,0,26,1,25,0,2,20,0,7,25,2,0,25,2,0,0,27,0,27,12,15,19,8,27,0,20,7,27,0
2023-24,Andhra Pradesh,Anantapur,Singanamala,Ullikallu,0,27,0,26,0,1,22,0,5,25,2,0,25,2,2,0,25,0,27,11,16,21,6,27,0,13,14,21,6
2023-24,Andhra Pradesh,Anantapur,Singanamala,Akuledu,0,34,2,25,0,11,19,0,17,35,1,0,30,6,1,0,35,0,36,18,18,27,9,36,0,27,9,36,0
2023-24,Andhra Pradesh,Anantapur,Singanamala,Chakrayapeta,0,25,0,23,0,2,23,0,2,25,0,0,25,0,0,0,25,0,25,15,10,17,8,25,0,18,7,25,0
2023-24,Andhra Pradesh,Anantapur,Singanamala,Buddepalle,0,15,0,13,0,2,7,0,8,14,1,0,15,0,1,0,14,0,15,8,7,10,5,15,0,11,4,14,1
2023-24,Andhra Pradesh,Anantapur,Singanamala,Korivipalle,0,25,1,24,0,2,19,0,7,26,0,0,24,2,3,0,23,0,26,12,14,22,4,26,0,9,17,26,0
2023-24,Andhra Pradesh,Anantapur,Singanamala,Anandaraopeta,0,3,0,3,0,0,3,0,0,3,0,0,3,0,0,0,3,0,3,3,0,2,1,3,0,2,1,3,0
2023-24,Andhra Pradesh,Anantapur,Singanamala,Peravali,0,28,0,22,0,6,12,0,16,26,2,1,27,0,0,0,28,0,28,7,21,18,10,28,0,21,7,28,0
2023-24,Andhra Pradesh,Anantapur,Singanamala,Kallumadi,0,26,0,23,0,3,20,0,6,25,1,0,26,0,6,0,20,0,26,5,21,11,15,26,0,21,5,25,1
2023-24,Andhra Pradesh,Anantapur,Singanamala,Tarimela,0,22,1,18,0,5,10,1,12,22,1,0,23,0,0,0,23,0,23,12,11,20,3,22,1,16,7,23,0
2023-24,Andhra Pradesh,Anantapur,Singanamala,Narsapuram,0,3,0,2,0,1,3,0,0,3,0,0,3,0,0,0,3,0,3,0,3,2,1,3,0,3,0,3,0
2023-24,Andhra Pradesh,Anantapur,Singanamala,Cheelapalle,0,1,0,1,0,0,1,0,0,1,0,0,1,0,0,0,1,0,1,0,1,0,1,1,0,0,1,1,0
2023-24,Andhra Pradesh,Anantapur,Singanamala,Salakamcheruvu,0,12,0,11,0,1,11,0,1,12,0,0,11,1,0,0,12,0,12,9,3,12,0,12,0,7,5,12,0
2023-24,Andhra Pradesh,Anantapur,Tadipatri,Komali,0,1,1,2,0,0,1,0,1,2,0,0,1,1,0,0,2,0,2,2,0,2,0,2,0,2,0,2,0
2023-24,Andhra Pradesh,Anantapur,Tadipatri,Chinnapolamada,0,12,1,9,0,4,10,0,3,13,0,0,7,6,1,0,12,0,13,12,1,11,2,13,0,11,2,12,1
2023-24,Andhra Pradesh,Anantapur,Tadipatri,Peddapolamada,0,31,9,31,0,9,28,0,12,38,2,0,30,10,5,0,35,1,39,38,2,32,8,40,0,38,2,40,0
2023-24,Andhra Pradesh,Anantapur,Tadipatri,Jambulapadu,0,17,1,17,0,1,11,0,7,18,0,0,17,1,1,0,17,0,18,15,3,14,4,18,0,18,0,18,0
2023-24,Andhra Pradesh,Anantapur,Tadipatri,Seetharampuram,0,1,1,2,0,0,1,0,1,2,0,0,1,1,0,0,2,0,2,2,0,1,1,2,0,2,0,2,0
2023-24,Andhra Pradesh,Anantapur,Tadipatri,Sajjaladinne,0,12,1,13,0,0,13,0,0,13,0,0,10,3,3,0,10,0,13,12,1,11,2,13,0,13,0,13,0
2023-24,Andhra Pradesh,Anantapur,Tadipatri,Brahmanapalle,0,9,1,8,0,2,9,0,1,10,0,0,10,0,0,0,10,0,10,10,0,9,1,10,0,10,0,10,0
2023-24,Andhra Pradesh,Anantapur,Tadipatri,Husenapuram,0,2,0,2,0,0,2,0,0,2,0,0,1,1,0,0,2,0,2,1,1,1,1,2,0,2,0,2,0
2023-24,Andhra Pradesh,Anantapur,Tadipatri,Igudur,0,13,6,18,0,1,14,0,5,19,0,0,14,5,2,1,16,0,19,19,0,14,5,19,0,15,4,19,0
2023-24,Andhra Pradesh,Anantapur,Tadipatri,Chukkalur,0,16,5,19,0,2,16,0,5,21,0,0,13,8,4,0,17,0,21,19,2,17,4,21,0,15,6,21,0
2023-24,Andhra Pradesh,Anantapur,Tadipatri,Diguvapalle,0,13,6,17,0,2,17,0,2,19,0,0,12,7,4,0,15,0,19,14,5,17,2,19,0,18,1,19,0
2023-24,Andhra Pradesh,Anantapur,Tadipatri,Tadpatri (R),0,63,10,63,0,10,63,0,10,73,0,0,61,12,9,0,64,1,72,45,28,48,25,73,0,68,5,62,11
2023-24,Andhra Pradesh,Anantapur,Tadipatri,Gangadevipalle,0,22,0,16,0,6,11,0,11,22,0,0,22,0,0,0,22,19,3,22,0,15,7,22,0,22,0,22,0
2023-24,Andhra Pradesh,Anantapur,Tadipatri,Venkatampalle,0,22,0,18,0,4,14,0,8,22,0,0,20,2,4,0,18,0,22,19,3,20,2,22,0,22,0,22,0
2023-24,Andhra Pradesh,Anantapur,Tadipatri,Bhogasamudram,0,21,5,22,0,4,18,0,8,26,0,0,16,10,3,0,23,1,25,17,9,17,9,26,0,24,2,26,0
2023-24,Andhra Pradesh,Anantapur,Tadipatri,Alur,0,34,4,29,0,9,13,1,24,38,0,0,33,5,3,0,35,0,38,37,1,32,6,38,0,37,1,38,0
2023-24,Andhra Pradesh,Anantapur,Tadipatri,Vanganur,0,12,4,10,0,6,15,0,1,16,0,0,13,3,0,0,16,0,16,14,2,14,2,16,0,16,0,16,0
2023-24,Andhra Pradesh,Anantapur,Tadipatri,Veerapuram,0,1,1,2,0,0,2,0,0,2,0,0,2,0,0,0,2,0,2,0,2,1,1,2,0,2,0,2,0
2023-24,Andhra Pradesh,Anantapur,Tadipatri,Bondaladinne,0,6,1,5,0,2,7,0,0,7,0,0,5,2,2,0,5,0,7,6,1,3,4,7,0,7,0,7,0
2023-24,Andhra Pradesh,Anantapur,Tadipatri,Kaverisamudram,0,24,1,16,0,9,11,2,12,25,0,0,24,1,3,0,22,0,25,24,1,19,6,25,0,24,1,25,0
2023-24,Andhra Pradesh,Anantapur,Tadipatri,Uruchinthala,0,17,4,17,0,4,14,1,6,20,1,0,17,4,3,0,18,17,4,21,0,16,5,21,0,20,1,21,0
2023-24,Andhra Pradesh,Anantapur,Uravakonda,Peddakowkuntla,0,27,1,22,0,6,25,0,3,28,0,0,22,6,0,0,28,0,28,25,3,22,6,28,0,26,2,28,0
2023-24,Andhra Pradesh,Anantapur,Uravakonda,Mopidi,0,32,0,32,0,0,9,0,23,32,0,0,31,1,0,0,32,0,32,31,1,31,1,32,0,29,3,32,0
2023-24,Andhra Pradesh,Anantapur,Uravakonda,Pedda Musturu,0,20,1,20,0,1,9,0,12,21,0,0,21,0,0,0,21,0,21,21,0,19,2,21,0,14,7,21,0
2023-24,Andhra Pradesh,Anantapur,Uravakonda,Budagavi,0,25,1,24,0,2,23,0,3,26,0,0,24,2,0,0,26,0,26,21,5,19,7,26,0,22,4,26,0
2023-24,Andhra Pradesh,Anantapur,Uravakonda,Raketla,0,27,1,27,0,1,24,0,4,28,0,0,23,5,0,0,28,0,28,26,2,27,1,28,0,26,2,28,0
2023-24,Andhra Pradesh,Anantapur,Uravakonda,Uravakonda (Ct),0,13,5,17,0,1,15,0,3,18,0,0,14,4,0,0,18,0,18,16,2,14,4,18,0,16,2,18,0
2023-24,Andhra Pradesh,Anantapur,Uravakonda,Indravathi,0,20,0,17,0,3,15,0,5,20,0,0,20,0,0,0,20,0,20,18,2,19,1,20,0,12,8,20,0
2023-24,Andhra Pradesh,Anantapur,Uravakonda,Nimbagal,0,24,1,23,0,2,22,0,3,25,0,0,25,0,0,0,25,0,25,19,6,18,7,25,0,24,1,25,0
2023-24,Andhra Pradesh,Anantapur,Uravakonda,Amidala,0,27,2,27,0,2,25,0,4,29,0,0,26,3,0,0,29,0,29,22,7,22,7,29,0,25,4,29,0
2023-24,Andhra Pradesh,Anantapur,Uravakonda,Vyasapuram,0,25,1,20,0,6,24,0,2,26,0,0,22,4,0,0,26,0,26,21,5,24,2,26,0,21,5,26,0
2023-24,Andhra Pradesh,Anantapur,Uravakonda,Veligonda,0,24,1,24,0,1,20,0,5,25,0,0,24,1,0,0,25,0,25,22,3,24,1,25,0,20,5,25,0
2023-24,Andhra Pradesh,Anantapur,Uravakonda,Shaiksanipalle,0,21,1,21,0,1,21,0,1,22,0,0,22,0,0,0,22,0,22,19,3,16,6,22,0,20,2,22,0
2023-24,Andhra Pradesh,Anantapur,Uravakonda,Rayampalle,0,27,0,25,0,2,26,0,1,27,0,0,26,1,0,0,27,0,27,26,1,19,8,27,0,22,5,26,1
2023-24,Andhra Pradesh,Anantapur,Uravakonda,Chinna Musturu,0,26,1,25,0,2,14,0,13,27,0,0,27,0,0,0,27,0,27,25,2,26,1,27,0,22,5,27,0
2023-24,Andhra Pradesh,Anantapur,Uravakonda,Lathavaram,0,24,0,22,0,2,18,0,6,24,0,0,24,0,0,0,24,0,24,22,2,22,2,24,0,19,5,24,0
2023-24,Andhra Pradesh,Anantapur,Uravakonda,Renimakulapalle,0,24,1,24,0,1,13,0,12,25,0,0,23,2,0,0,25,0,25,22,3,23,2,25,0,20,5,25,0
2023-24,Andhra Pradesh,Anantapur,Uravakonda,Nerimetla,0,23,2,23,0,2,21,0,4,25,0,0,25,0,0,0,25,0,25,25,0,22,3,25,0,19,6,25,0
2023-24,Andhra Pradesh,Anantapur,Vajrakarur,Chabala,0,18,4,18,0,4,17,0,5,22,0,0,18,4,1,0,21,0,22,18,4,21,1,22,0,16,6,22,0
2023-24,Andhra Pradesh,Anantapur,Vajrakarur,Chinna Hothur,0,20,1,15,0,6,17,0,4,21,0,0,17,4,0,0,21,0,21,15,6,14,7,21,0,17,4,21,0
2023-24,Andhra Pradesh,Anantapur,Vajrakarur,Pedda Chinnapyapili,0,16,3,16,0,3,18,0,1,19,0,0,17,2,1,0,18,0,19,17,2,14,5,19,0,13,6,19,0
2023-24,Andhra Pradesh,Anantapur,Vajrakarur,Ragulapadu,0,19,3,18,0,4,20,0,2,22,0,0,20,2,0,0,22,0,22,20,2,20,2,22,0,11,11,22,0
2023-24,Andhra Pradesh,Anantapur,Vajrakarur,Pottipadu,0,1,0,1,0,0,1,0,0,1,0,0,1,0,0,0,1,0,1,1,0,1,0,1,0,1,0,1,0
2023-24,Andhra Pradesh,Anantapur,Vajrakarur,Gade Hothur,0,18,3,12,1,8,11,0,10,21,0,0,20,1,4,0,17,0,21,19,2,16,5,21,0,12,9,21,0
2023-24,Andhra Pradesh,Anantapur,Vajrakarur,Ganjikunta,0,24,1,23,0,2,19,0,6,25,0,0,23,2,0,0,25,0,25,19,6,21,4,25,0,23,2,25,0
2023-24,Andhra Pradesh,Anantapur,Vajrakarur,Venkatampalle,0,15,1,12,0,4,13,0,3,16,0,0,15,1,1,0,15,0,16,11,5,14,2,16,0,10,6,15,0
2023-24,Andhra Pradesh,Anantapur,Vajrakarur,Jarutla Rampuram,0,8,0,7,0,1,2,0,6,8,0,0,8,0,0,0,8,0,8,7,1,8,0,8,0,5,3,8,0
2023-24,Andhra Pradesh,Anantapur,Vajrakarur,Konakondla,0,15,4,18,0,1,16,0,3,19,0,0,15,4,0,0,19,0,19,19,0,13,6,19,0,11,8,19,0
2023-24,Andhra Pradesh,Anantapur,Vajrakarur,Vajrakarur,0,22,1,20,0,3,20,0,3,23,0,0,23,0,1,0,22,1,22,21,2,19,4,23,0,14,9,23,0
2023-24,Andhra Pradesh,Anantapur,Vajrakarur,Gulapalem,0,9,1,9,0,1,10,0,0,10,0,0,9,1,0,0,10,0,10,7,3,10,0,10,0,9,1,10,0
2023-24,Andhra Pradesh,Anantapur,Vajrakarur,Kamalapadu,0,11,0,7,0,4,11,0,0,11,0,0,11,0,0,0,11,0,11,10,1,11,0,11,0,8,3,11,0
2023-24,Andhra Pradesh,Anantapur,Vidapanakal,Donekal,0,1,0,1,0,0,1,0,0,1,0,0,1,0,0,0,1,0,1,1,0,1,0,1,0,1,0,1,0
2023-24,Andhra Pradesh,Anantapur,Vidapanakal,Cheekalaguriki,0,21,0,21,0,0,21,0,0,21,0,0,18,3,0,0,21,0,21,20,1,20,1,21,0,18,3,21,0
2023-24,Andhra Pradesh,Anantapur,Vidapanakal,Hanchanahal,0,19,3,21,0,1,20,0,2,22,0,0,22,0,0,0,22,0,22,21,1,18,4,22,0,16,6,22,0
2023-24,Andhra Pradesh,Anantapur,Vidapanakal,Poliki,0,22,0,19,0,3,20,0,2,22,0,0,21,1,0,0,22,0,22,14,8,17,5,22,0,21,1,22,0
2023-24,Andhra Pradesh,Anantapur,Vidapanakal,N.Thimmapuram,0,22,0,21,0,1,20,0,2,22,0,0,18,4,0,0,22,0,22,19,3,14,8,22,0,20,2,22,0
2023-24,Andhra Pradesh,Anantapur,Vidapanakal,Vidapanakal,0,61,3,55,0,9,54,0,10,64,0,0,63,1,0,0,64,0,64,40,24,50,14,63,0,56,8,64,0
2023-24,Andhra Pradesh,Anantapur,Vidapanakal,Palthur,0,55,0,46,0,9,39,0,16,55,0,0,49,6,0,0,55,0,55,34,21,42,13,55,0,49,6,55,0
2023-24,Andhra Pradesh,Anantapur,Vidapanakal,Undabanda,0,29,2,28,0,3,27,0,4,31,0,0,28,3,0,0,31,0,31,30,1,28,3,31,0,24,7,31,0
2023-24,Andhra Pradesh,Anantapur,Vidapanakal,Karakamukkala,0,21,1,18,0,4,16,0,6,22,0,0,22,0,0,0,22,0,22,21,1,18,4,22,0,21,1,22,0
2023-24,Andhra Pradesh,Anantapur,Vidapanakal,Havaligi,0,83,4,78,0,9,74,0,13,87,0,0,84,3,0,0,87,0,87,43,44,77,10,85,1,79,8,87,0
2023-24,Andhra Pradesh,Anantapur,Vidapanakal,Gadekal,0,23,4,26,0,1,20,0,7,27,0,0,27,0,0,0,27,0,27,27,0,26,1,27,0,24,3,27,0
2023-24,Andhra Pradesh,Anantapur,Vidapanakal,Velpumadugu,0,35,4,37,0,2,36,0,3,39,0,0,38,1,0,0,39,0,39,35,4,34,5,39,0,38,1,39,0
2023-24,Andhra Pradesh,Anantapur,Vidapanakal,Malapuram,0,24,0,24,0,0,22,0,2,23,1,0,24,0,0,0,24,1,23,22,2,23,1,24,0,19,5,24,0
2023-24,Andhra Pradesh,Anantapur,Yadiki,Vemulapadu,0,22,0,22,0,0,18,0,4,22,0,0,22,0,13,0,9,0,22,13,9,20,2,22,0,1,21,22,0
2023-24,Andhra Pradesh,Anantapur,Yadiki,Yadiki,0,27,0,25,0,2,19,0,8,27,0,0,27,0,1,0,26,2,25,13,14,23,4,27,0,2,25,27,0
2023-24,Andhra Pradesh,Anantapur,Yadiki,Konuppalapadu,0,24,1,25,0,0,19,0,6,25,0,0,24,1,18,0,7,0,25,11,14,18,7,25,0,19,6,25,0
2023-24,Andhra Pradesh,Anantapur,Yadiki,Obulapuram,0,2,0,2,0,0,1,0,1,2,0,0,2,0,0,0,2,0,2,1,1,2,0,2,0,1,1,2,0
2023-24,Andhra Pradesh,Anantapur,Yadiki,Tutrallapalle,0,25,0,25,0,0,21,0,4,25,0,0,25,0,19,0,6,1,24,9,16,18,7,25,0,17,8,25,0
2023-24,Andhra Pradesh,Anantapur,Yadiki,Puppala,0,25,1,26,0,0,17,0,9,25,1,0,26,0,12,0,14,0,26,23,3,22,4,26,0,21,5,26,0
2023-24,Andhra Pradesh,Anantapur,Yadiki,Rayalacheruvu,0,25,0,23,0,2,17,0,8,24,1,0,25,0,9,0,16,0,25,16,9,24,1,25,0,14,11,25,0
2023-24,Andhra Pradesh,Anantapur,Yadiki,Gudipadu,0,24,0,24,0,0,14,0,10,24,0,0,23,1,7,0,17,1,23,4,20,12,12,24,0,20,4,24,0
2023-24,Andhra Pradesh,Anantapur,Yadiki,Kamalapadu,0,24,0,24,0,0,20,0,4,24,0,0,24,0,12,0,12,0,24,12,12,19,5,24,0,1,23,24,0
2023-24,Andhra Pradesh,Anantapur,Yadiki,Nittoor,0,25,0,22,0,3,15,0,9,25,0,0,24,1,0,0,25,5,20,10,15,17,8,25,0,2,23,25,0
2023-24,Andhra Pradesh,Anantapur,Yadiki,Nagarur,0,24,0,22,0,2,18,0,6,24,0,0,24,0,21,0,3,0,24,11,13,18,6,24,0,14,10,24,0
2023-24,Andhra Pradesh,Anantapur,Yadiki,Chandana,0,24,0,21,0,3,22,0,2,24,0,0,24,0,15,0,9,0,24,14,10,18,6,24,0,21,3,24,0
2023-24,Andhra Pradesh,Anantapur,Yellanur,Chilamakuru,0,2,1,3,0,0,1,0,2,3,0,0,3,0,0,0,3,0,3,1,2,1,2,3,0,3,0,3,0
2023-24,Andhra Pradesh,Anantapur,Yellanur,Bukkapuram,0,11,1,12,0,0,6,0,6,12,0,0,11,1,0,0,12,0,12,9,3,7,5,12,0,8,4,12,0
2023-24,Andhra Pradesh,Anantapur,Yellanur,Singavaram,0,9,0,8,0,1,7,0,2,9,0,0,8,1,0,0,9,0,9,5,4,8,1,9,0,7,2,9,0
2023-24,Andhra Pradesh,Anantapur,Yellanur,Mallagundla,0,17,0,17,0,0,14,0,3,17,0,0,17,0,0,0,17,0,17,16,1,5,12,17,0,16,1,17,0
2023-24,Andhra Pradesh,Anantapur,Yellanur,Goddumarri,0,31,0,28,0,3,14,0,17,31,0,0,31,0,0,0,31,0,31,14,17,26,5,31,0,22,9,31,0
2023-24,Andhra Pradesh,Anantapur,Yellanur,Kacharlakunta,0,4,0,4,0,0,2,0,2,4,0,0,4,0,0,0,4,0,4,3,1,3,1,4,0,3,1,4,0
2023-24,Andhra Pradesh,Anantapur,Yellanur,Pathapalle,0,3,0,3,0,0,3,0,0,3,0,0,3,0,0,0,3,0,3,2,1,0,3,3,0,2,1,2,1
2023-24,Andhra Pradesh,Anantapur,Yellanur,Vemulapalle,0,3,1,4,0,0,3,0,1,4,0,0,4,0,0,0,4,0,4,2,2,3,1,4,0,3,1,4,0
2023-24,Andhra Pradesh,Anantapur,Yellanur,Thirumalapuram,0,7,0,7,0,0,3,0,4,7,0,0,7,0,0,0,7,0,7,2,5,1,6,7,0,6,1,7,0
2023-24,Andhra Pradesh,Anantapur,Yellanur,Yellanur,0,40,0,38,0,2,27,0,13,40,0,0,36,4,0,0,40,0,40,24,16,21,19,40,0,36,4,39,1
2023-24,Andhra Pradesh,Anantapur,Yellanur,Peddamallepalle,0,3,0,3,0,0,0,0,3,3,0,0,2,1,1,0,2,0,3,2,1,1,2,3,0,3,0,3,0
2023-24,Andhra Pradesh,Anantapur,Yellanur,Nitturu,0,2,0,2,0,0,0,0,2,2,0,0,1,1,0,0,2,0,2,1,1,1,1,2,0,2,0,1,1
2023-24,Andhra Pradesh,Anantapur,Yellanur,Kalluru,0,36,1,34,0,3,21,0,16,36,1,0,36,1,0,0,37,0,37,25,12,27,10,37,0,31,6,35,2
2023-24,Andhra Pradesh,Anantapur,Yellanur,Aravedu,0,3,0,3,0,0,2,0,1,3,0,0,2,1,0,0,3,0,3,2,1,2,1,3,0,2,1,3,0
2023-24,Andhra Pradesh,Anantapur,Yellanur,Vennapurapalle,0,15,0,14,0,1,10,1,4,15,0,0,15,0,0,0,15,0,15,12,3,5,10,15,0,11,4,14,1
2023-24,Andhra Pradesh,Anantapur,Yellanur,Boppepalle,0,12,0,10,0,2,4,0,8,12,0,0,11,1,0,0,12,0,12,10,2,8,4,12,0,10,2,12,0
2023-24,Andhra Pradesh,Anantapur,Yellanur,Y.Chintakayamanda,0,18,0,18,0,0,7,0,11,18,0,0,17,1,1,0,17,0,18,7,11,11,7,18,0,14,4,18,0
2023-24,Andhra Pradesh,Annamayya,Nimmanapalle,Mastur,0,45,2,19,12,16,14,1,32,39,8,0,36,11,6,0,41,0,47,16,31,20,27,46,0,38,9,42,5
2023-24,Andhra Pradesh,Annamayya,Nimmanapalle,Machireddigaripalle,0,43,1,20,11,13,17,1,26,10,34,0,35,9,4,0,39,0,43,18,26,18,26,44,0,23,21,29,15
2023-24,Andhra Pradesh,Annamayya,Nimmanapalle,Nimmanapalle,1,53,3,16,19,22,13,5,39,44,13,1,50,6,8,0,49,0,57,33,24,25,32,53,1,40,17,51,6
2023-24,Andhra Pradesh,Annamayya,Nimmanapalle,Thavalam,0,26,4,18,3,9,5,1,24,19,11,0,24,6,7,0,23,0,30,22,8,9,21,29,0,16,14,26,4
2023-24,Andhra Pradesh,Annamayya,Nimmanapalle,Reddivaripalle,0,52,1,18,17,18,12,1,40,30,23,0,38,14,16,0,33,1,50,18,35,15,38,53,0,31,22,51,2
2023-24,Andhra Pradesh,Annamayya,Nimmanapalle,Bandlapai,0,29,3,20,6,6,9,0,23,23,9,0,26,6,4,0,28,0,32,15,17,15,17,32,0,17,15,31,1
2023-24,Andhra Pradesh,Annamayya,Nimmanapalle,Agraharam,0,35,1,21,6,9,9,0,27,29,7,0,30,6,12,0,24,0,36,13,23,3,33,36,0,25,11,29,7
2023-24,Andhra Pradesh,Annamayya,Nimmanapalle,Vengamvaripalle,0,28,0,18,3,7,7,0,21,23,5,0,22,6,8,0,20,0,28,10,18,9,19,27,1,16,12,23,5
2023-24,Andhra Pradesh,Annamayya,Nimmanapalle,Rachavetivaripalle,0,29,1,14,9,7,5,1,24,23,7,1,24,5,9,0,21,0,30,16,14,3,27,29,1,14,16,30,0
2023-24,Andhra Pradesh,Annamayya,B.Kothakota,Gollapalle,0,38,1,23,4,12,10,1,28,19,20,0,31,8,0,0,39,0,39,23,16,32,7,39,0,0,39,39,0
2023-24,Andhra Pradesh,Annamayya,B.Kothakota,Bayyappagaripalle,0,51,1,34,6,12,17,0,35,46,6,3,46,3,0,0,52,0,52,37,15,32,20,50,2,1,51,52,0
2023-24,Andhra Pradesh,Annamayya,B.Kothakota,Gummasamudram,0,43,0,22,7,14,13,1,29,29,14,1,40,2,0,0,42,0,43,24,19,29,14,43,0,0,43,43,0
2023-24,Andhra Pradesh,Annamayya,B.Kothakota,Badikayalapalle,1,75,5,46,13,22,28,0,53,69,12,2,69,10,2,0,79,2,79,59,22,63,18,79,2,1,80,78,1
2023-24,Andhra Pradesh,Annamayya,B.Kothakota,Kotavooru,0,39,4,21,8,14,24,0,19,34,9,0,37,6,0,0,43,2,41,40,3,27,16,41,1,1,42,41,2
2023-24,Andhra Pradesh,Annamayya,B.Kothakota,Thummanamgutta,0,40,0,22,3,15,14,1,25,35,5,3,32,3,0,0,38,0,38,33,7,32,8,36,3,1,39,39,1
2023-24,Andhra Pradesh,Annamayya,B.Kothakota,Gattu,2,77,5,48,8,28,37,6,41,65,19,4,74,6,0,0,80,0,82,55,29,56,27,82,2,3,81,84,0
2023-24,Andhra Pradesh,Annamayya,B.Kothakota,Beerangi,1,39,2,21,5,16,13,1,28,28,14,1,35,5,0,0,39,0,40,33,9,23,19,42,0,1,41,42,0
2023-24,Andhra Pradesh,Annamayya,B.Kothakota,B.Kothakota,0,70,6,40,12,24,25,14,37,58,18,3,67,6,0,0,76,0,76,48,28,60,16,75,1,0,76,76,0
2023-24,Andhra Pradesh,Y.S.R.,Chinnamandem,Devagudipalle,0,31,1,18,8,6,12,0,20,26,6,2,24,6,0,0,32,2,30,23,9,25,7,32,0,0,32,32,0
2023-24,Andhra Pradesh,Annamayya,Chinnamandem,Bonamala,0,36,1,17,8,12,7,3,27,25,12,2,31,4,0,3,34,20,17,34,3,31,6,34,3,0,37,29,5
2023-24,Andhra Pradesh,Annamayya,Chinnamandem,Chinnamandem,1,68,1,31,17,22,23,0,47,51,19,2,57,11,2,0,67,15,55,45,25,55,15,68,2,2,68,62,8
2023-24,Andhra Pradesh,Annamayya,Chinnamandem,Mallur,0,59,1,30,10,20,19,3,38,38,22,3,52,5,0,4,56,25,35,45,15,55,5,59,1,0,60,58,2
2023-24,Andhra Pradesh,Annamayya,Chinnamandem,T.Sakibanda,0,31,1,19,3,10,16,1,15,28,4,2,27,3,0,0,32,8,24,22,10,24,8,32,0,0,32,32,0
2023-24,Andhra Pradesh,Annamayya,Chinnamandem,Paramatikona,2,48,4,23,16,15,18,1,35,41,13,2,47,4,0,9,44,8,45,35,19,46,8,52,2,1,53,52,2
2023-24,Andhra Pradesh,Annamayya,Chinnamandem,Diguvagottiveedu,0,34,0,17,9,8,13,1,20,30,4,2,30,2,0,1,33,1,33,21,13,23,11,34,0,1,33,34,0
2023-24,Andhra Pradesh,Annamayya,Chinnamandem,Vandadi,0,32,0,26,2,4,15,0,17,20,12,1,28,3,2,0,30,10,22,19,13,21,11,32,0,0,32,32,0
2023-24,Andhra Pradesh,Annamayya,Chitvel,Bhakrapuram,0,13,3,7,3,6,9,0,7,11,5,0,16,0,0,0,16,0,16,12,4,2,14,1,15,12,4,16,0
2023-24,Andhra Pradesh,Annamayya,Chitvel,Mallemadugu,0,1,0,0,0,1,0,0,1,1,0,0,1,0,0,0,1,0,1,0,1,0,1,0,1,1,0,1,0
2023-24,Andhra Pradesh,Annamayya,Chitvel,Maharajapuram @Siddareddipalle,0,1,0,0,0,1,0,1,0,1,0,1,0,0,0,0,1,0,1,0,1,1,0,1,0,1,0,1,0
2023-24,Andhra Pradesh,Annamayya,Chitvel,Kampasamudram,0,16,1,9,2,6,10,0,7,13,4,0,17,0,1,0,16,0,17,11,6,6,11,8,9,10,7,16,1
2023-24,Andhra Pradesh,Annamayya,Chitvel,Malemarpuram,0,29,5,15,7,12,13,2,19,29,5,0,34,0,1,0,33,0,34,23,11,18,16,26,7,25,9,34,0
2023-24,Andhra Pradesh,Annamayya,Chitvel,Chintala Chelika,0,7,4,6,0,5,4,1,6,10,1,0,11,0,0,0,11,0,11,10,1,0,11,3,8,7,4,5,6
2023-24,Andhra Pradesh,Annamayya,Chitvel,Chitvel,0,30,6,12,9,16,16,3,18,24,13,2,34,0,1,0,35,0,36,26,11,14,23,24,12,22,15,37,0
2023-24,Andhra Pradesh,Annamayya,Chitvel,Rajukunta,0,4,2,1,4,1,1,0,5,5,1,0,6,0,1,0,5,0,6,3,3,2,4,2,4,4,2,5,1
2023-24,Andhra Pradesh,Annamayya,Chitvel,Nagiripadu,0,15,3,5,5,8,10,0,8,12,6,0,18,0,0,0,18,0,17,14,4,12,6,16,2,13,4,18,0
2023-24,Andhra Pradesh,Annamayya,Chitvel,Mylapalle,0,11,5,8,3,5,4,1,11,16,0,1,15,0,0,0,16,0,16,14,2,2,14,10,5,12,4,13,3
2023-24,Andhra Pradesh,Annamayya,Chitvel,Nagavaram,0,21,3,9,5,10,14,0,10,22,2,0,24,0,0,0,24,0,24,18,6,13,11,23,1,18,5,24,0
2023-24,Andhra Pradesh,Annamayya,Chitvel,K.V.R.R. Puram,0,1,0,0,1,0,0,1,0,1,0,0,1,0,0,0,1,0,1,1,0,0,1,1,0,0,1,1,0
2023-24,Andhra Pradesh,Annamayya,Chitvel,Nethivaripalle,0,8,3,6,1,4,6,1,4,7,4,5,6,0,0,0,11,0,11,8,3,9,2,11,0,8,3,11,0
2023-24,Andhra Pradesh,Annamayya,Galiveedu,Pyarampalle,0,5,0,2,2,1,3,0,2,4,1,0,4,1,0,0,5,0,5,3,2,3,2,5,0,1,4,5,0
2023-24,Andhra Pradesh,Annamayya,Galiveedu,Pulikunta,0,31,2,18,7,8,7,1,25,25,8,0,28,5,15,0,18,1,32,12,21,2,31,33,0,22,11,20,13
2023-24,Andhra Pradesh,Annamayya,Galiveedu,Eguvagottiveedu,0,26,0,13,5,8,5,0,21,20,6,0,16,10,20,0,6,1,25,19,7,7,19,26,0,9,17,10,16
2023-24,Andhra Pradesh,Annamayya,Galiveedu,Araveedu,0,22,0,7,8,7,3,0,19,16,6,0,19,3,6,0,16,1,21,7,15,2,20,22,0,8,14,13,9
2023-24,Andhra Pradesh,Annamayya,Galiveedu,Galiveedu,0,100,7,33,34,40,27,2,78,78,29,0,75,32,67,0,40,0,107,54,53,29,78,107,0,50,57,91,16
2023-24,Andhra Pradesh,Annamayya,Galiveedu,Veligallu,0,85,10,66,9,20,33,2,60,42,53,1,65,29,6,0,89,0,95,49,46,56,39,89,5,63,32,82,13
2023-24,Andhra Pradesh,Annamayya,Galiveedu,Gopanapalle,1,27,2,9,10,11,9,0,21,19,11,0,18,12,23,0,7,0,30,15,15,1,29,30,0,17,13,10,20
2023-24,Andhra Pradesh,Annamayya,Galiveedu,Gundlacheruvu,0,27,0,12,9,6,8,0,19,24,3,0,22,5,11,0,16,1,26,4,23,2,25,26,1,14,13,18,9
2023-24,Andhra Pradesh,Annamayya,Galiveedu,Garugupalle,0,14,0,5,3,6,6,0,8,10,3,0,10,4,4,0,10,0,14,10,4,2,12,14,0,3,11,9,5
2023-24,Andhra Pradesh,Annamayya,Galiveedu,Thumukunta,0,26,4,19,5,6,7,0,23,25,5,0,23,7,0,0,30,0,30,18,12,14,16,30,0,23,7,20,10
2023-24,Andhra Pradesh,Annamayya,Galiveedu,Pandikunta,0,23,1,7,7,10,6,0,18,12,12,0,20,4,15,0,9,0,24,14,10,2,22,24,0,11,13,17,7
2023-24,Andhra Pradesh,Annamayya,Galiveedu,Nooliveedu,1,62,7,23,22,25,15,1,54,46,24,0,52,18,11,0,59,1,69,38,32,3,67,70,0,45,25,37,33
2023-24,Andhra Pradesh,Annamayya,Galiveedu,Korlakunta,0,26,3,8,8,13,11,0,18,20,9,0,19,9,11,0,17,1,27,9,20,3,26,27,2,10,19,21,8
2023-24,Andhra Pradesh,Y.S.R.,Gurramkonda,Chittiboyanapalle,0,1,0,0,0,1,1,0,0,0,1,0,1,0,0,0,1,0,1,0,1,1,0,1,0,0,1,1,0
2023-24,Andhra Pradesh,Annamayya,Gurramkonda,Tharigondarajupalle,0,14,1,9,4,2,10,0,5,1,14,0,13,2,0,2,13,2,13,7,8,11,4,14,1,0,15,12,3
2023-24,Andhra Pradesh,Annamayya,Gurramkonda,Ramapuram,0,21,1,14,3,5,15,0,7,0,22,0,17,5,1,0,21,0,22,15,7,19,3,22,0,0,22,17,5
2023-24,Andhra Pradesh,Annamayya,Gurramkonda,Tharigonda,0,28,0,16,5,8,20,1,8,0,31,0,24,3,0,2,23,1,25,23,10,18,15,30,3,1,31,27,6
2023-24,Andhra Pradesh,Annamayya,Gurramkonda,Setlivaripalle,0,20,0,14,2,4,8,1,11,1,19,0,17,2,0,1,16,1,17,14,6,16,4,19,0,0,20,17,3
2023-24,Andhra Pradesh,Annamayya,Gurramkonda,Gurramkonda,0,30,1,13,7,11,19,1,11,2,29,0,27,4,0,0,27,1,30,30,1,26,5,29,2,0,31,25,6
2023-24,Andhra Pradesh,Annamayya,Gurramkonda,Sarimadugu,0,19,0,13,3,3,14,0,6,0,20,1,13,4,0,0,16,0,18,9,11,17,3,19,1,0,20,19,1
2023-24,Andhra Pradesh,Annamayya,Gurramkonda,Cherlopalle,0,10,1,5,3,3,5,0,6,2,9,0,11,0,0,1,8,1,10,11,0,4,7,11,0,0,11,11,0
2023-24,Andhra Pradesh,Annamayya,Gurramkonda,Pasalavandla Palle,0,37,1,17,8,13,22,1,15,2,36,0,35,3,0,6,31,7,31,26,12,32,6,37,1,1,37,37,1
2023-24,Andhra Pradesh,Annamayya,Gurramkonda,Marripadu,1,33,3,21,6,10,22,0,15,2,35,0,36,1,0,7,30,7,30,34,3,35,2,35,2,1,36,35,2
2023-24,Andhra Pradesh,Annamayya,Gurramkonda,Amilepalle,0,11,0,8,1,3,8,1,4,1,13,0,10,0,0,1,7,1,9,13,3,7,7,15,2,1,13,15,2
2023-24,Andhra Pradesh,Annamayya,Gurramkonda,Sangasamudram,0,23,2,11,7,7,18,1,7,0,27,0,21,3,0,5,19,5,19,31,4,19,15,26,11,0,27,37,0
2023-24,Andhra Pradesh,Annamayya,Gurramkonda,Nadimikhandriga,0,29,0,10,7,12,17,1,11,2,27,0,26,3,0,3,26,3,26,11,18,26,3,28,1,0,29,29,0
2023-24,Andhra Pradesh,Annamayya,Gurramkonda,Yellutla,0,5,0,3,2,0,3,0,2,1,4,0,5,0,0,0,5,0,5,2,3,3,2,5,0,0,5,5,0
2023-24,Andhra Pradesh,Annamayya,Kalakada,Kalakadakothapalle,0,30,2,18,3,11,20,0,12,21,11,1,30,1,0,0,31,0,31,1,31,15,17,29,3,20,12,26,6
2023-24,Andhra Pradesh,Annamayya,Kalakada,Pothavaripalle,0,5,0,3,1,1,2,0,3,4,1,0,4,1,0,0,5,0,5,0,5,1,4,4,1,4,1,5,0
2023-24,Andhra Pradesh,Annamayya,Kalakada,Devalapalle,0,7,0,5,0,2,7,0,0,5,2,0,7,0,0,0,7,0,7,0,7,3,4,7,0,2,5,6,1
2023-24,Andhra Pradesh,Annamayya,Kalakada,Mudiamvaripalle,1,21,1,15,4,4,12,0,11,17,6,0,22,1,0,0,23,0,23,6,17,18,5,23,0,10,13,23,0
2023-24,Andhra Pradesh,Annamayya,Kalakada,Nadimicherla,0,4,0,4,0,0,2,0,2,4,0,1,3,0,0,0,4,0,4,2,2,4,0,4,0,2,2,3,1
2023-24,Andhra Pradesh,Annamayya,Kalakada,Kadirayacheruvu,0,12,0,11,0,1,4,0,8,9,3,0,11,1,0,0,12,0,12,2,10,8,4,10,2,5,7,12,0
2023-24,Andhra Pradesh,Annamayya,Kalakada,Gudibanda,0,2,0,2,0,0,2,0,0,1,1,0,2,0,0,0,2,0,2,2,0,2,0,2,0,0,2,2,0
2023-24,Andhra Pradesh,Annamayya,Kalakada,Kona,0,22,1,22,0,1,14,0,9,20,3,1,21,1,0,0,23,0,23,2,21,14,9,23,0,11,12,23,0
2023-24,Andhra Pradesh,Annamayya,Kalakada,Kalakada,1,87,3,67,12,12,57,1,33,62,29,4,81,6,1,0,90,0,91,11,80,40,51,85,6,46,45,80,11
2023-24,Andhra Pradesh,Annamayya,Kalakada,Gangapuram,0,5,1,3,1,2,5,0,1,2,4,0,6,0,0,0,6,1,5,1,5,5,1,5,1,1,5,6,0
2023-24,Andhra Pradesh,Annamayya,Kalikiri,Korlakunta,0,16,1,13,1,3,8,0,9,12,5,1,14,2,2,0,15,0,17,2,15,7,10,17,0,9,8,16,1
2023-24,Andhra Pradesh,Annamayya,Kalikiri,Marrikuntapalle,0,20,0,20,1,1,12,0,14,11,18,0,16,1,0,0,11,0,13,2,29,25,6,25,7,14,16,30,2
2023-24,Andhra Pradesh,Annamayya,Kalikiri,Guttapalem,0,20,1,22,0,2,22,0,5,21,7,1,20,0,0,0,16,0,18,3,27,30,0,28,3,17,11,31,0
2023-24,Andhra Pradesh,Annamayya,Kalikiri,Pathegada,0,5,0,2,1,3,3,0,4,5,4,0,5,0,0,0,4,0,4,0,11,5,6,11,1,3,7,12,0
2023-24,Andhra Pradesh,Annamayya,Kalikiri,Kalikirireddivari Palle,1,26,5,19,4,9,21,0,11,23,9,0,27,5,3,1,28,1,31,2,30,22,10,24,5,19,13,31,1
2023-24,Andhra Pradesh,Annamayya,Kalikiri,Kalikiri,0,13,0,11,3,3,15,0,7,15,10,1,9,0,0,0,9,1,8,2,29,29,0,29,2,14,12,30,1
2023-24,Andhra Pradesh,Annamayya,Kalikiri,Cheekatipalle,0,8,0,10,2,0,8,0,6,11,6,0,5,1,0,0,6,0,6,0,22,12,9,21,0,14,7,22,0
2023-24,Andhra Pradesh,Annamayya,Kalikiri,Parapatla,0,5,2,6,1,2,7,0,2,5,5,0,2,0,0,0,2,0,2,0,10,7,3,10,0,4,6,10,0
2023-24,Andhra Pradesh,Annamayya,Kalikiri,Medikurthi,0,12,0,11,2,4,16,0,5,14,9,0,10,0,0,0,8,0,10,1,29,30,0,31,1,15,12,32,0
2023-24,Andhra Pradesh,Annamayya,Kalikiri,Mahal,0,3,0,0,2,1,3,0,0,1,2,0,3,0,0,0,3,0,3,1,2,3,0,2,1,3,0,3,0
2023-24,Andhra Pradesh,Annamayya,Kalikiri,Pallavolu,0,27,4,23,2,6,21,2,9,24,8,0,27,3,0,0,28,21,7,7,25,27,5,27,5,14,18,29,3
2023-24,Andhra Pradesh,Annamayya,Kalikiri,Munellapalle,0,18,1,16,2,1,15,1,4,7,13,1,16,2,1,0,16,14,5,3,18,19,2,21,0,11,9,19,2
2023-24,Andhra Pradesh,Annamayya,Kambhamvaripalle,Kasireddipalle,0,2,1,1,2,1,2,0,2,3,1,0,2,1,0,0,3,0,3,0,4,2,2,3,1,0,4,3,1
2023-24,Andhra Pradesh,Annamayya,Kambhamvaripalle,Mahalrajupalle,0,7,0,6,0,1,3,1,3,6,1,0,7,0,0,0,7,0,7,5,2,5,2,7,0,4,3,7,0
2023-24,Andhra Pradesh,Annamayya,Kambhamvaripalle,Gyarampalle,0,28,2,20,5,5,22,0,8,18,12,0,28,2,0,0,27,0,30,15,15,14,16,28,2,22,8,19,11
2023-24,Andhra Pradesh,Annamayya,Kambhamvaripalle,Gorantlapalle,0,8,1,5,2,2,6,0,3,6,3,0,9,0,0,0,9,1,8,5,4,4,5,9,0,5,4,4,4
2023-24,Andhra Pradesh,Annamayya,Kambhamvaripalle,Kambhamvaripalle,0,49,8,44,3,10,38,1,21,44,16,3,48,5,0,0,51,0,55,31,29,37,23,53,7,23,37,38,22
2023-24,Andhra Pradesh,Annamayya,Kambhamvaripalle,Maddipatlavandlapalle,0,17,0,11,1,9,15,0,12,24,6,1,11,2,0,0,7,1,9,20,11,22,9,27,4,12,19,25,6
2023-24,Andhra Pradesh,Annamayya,Kambhamvaripalle,Noothanakalva,0,22,3,18,2,5,19,0,7,15,12,1,21,3,0,0,24,0,24,17,11,9,19,24,4,16,12,18,10
2023-24,Andhra Pradesh,Annamayya,Kambhamvaripalle,Garnimitta,0,18,3,12,6,9,20,2,6,20,9,2,12,0,0,0,11,0,13,21,9,19,11,31,0,6,24,15,15
2023-24,Andhra Pradesh,Annamayya,Kambhamvaripalle,Thuvvapalle,0,26,2,21,2,5,16,1,11,22,6,0,24,4,0,0,28,0,28,13,15,13,15,23,5,4,24,16,12
2023-24,Andhra Pradesh,Annamayya,Kambhamvaripalle,Theethavagunta Palle,0,12,1,10,1,2,6,0,7,9,4,0,11,2,0,0,13,0,13,6,7,7,6,10,3,0,13,10,3
2023-24,Andhra Pradesh,Annamayya,Kambhamvaripalle,Vagalla,0,27,0,16,4,7,21,2,4,19,8,1,24,2,1,0,26,0,27,3,24,13,14,24,3,8,19,12,15
2023-24,Andhra Pradesh,Annamayya,Kambhamvaripalle,Sorakayalapet,0,16,3,12,3,4,13,0,6,10,9,2,16,0,1,1,16,1,17,4,15,11,8,18,1,9,10,9,10
2023-24,Andhra Pradesh,Annamayya,Kambhamvaripalle,Kethamreddipalle,0,3,0,1,0,2,2,1,0,0,3,0,3,0,0,0,3,0,3,0,3,1,2,3,0,0,3,3,0
2023-24,Andhra Pradesh,Annamayya,Kambhamvaripalle,Matampalle,0,11,2,4,4,6,6,2,6,8,7,1,9,1,1,0,9,1,9,11,6,14,3,12,5,1,14,17,0
2023-24,Andhra Pradesh,Annamayya,Kambhamvaripalle,Thimmapuram,0,10,0,5,3,5,9,0,4,8,6,0,8,1,0,0,5,0,8,15,5,9,9,20,1,7,10,12,9
2023-24,Andhra Pradesh,Annamayya,Kambhamvaripalle,Jillellamanda,0,26,4,14,9,8,23,1,7,15,17,1,27,2,1,0,29,1,29,8,25,14,19,27,6,8,25,23,10
2023-24,Andhra Pradesh,Annamayya,Kambhamvaripalle,Galivaripalle,0,2,0,2,0,0,1,0,1,2,0,0,2,0,0,0,1,0,1,0,2,1,1,2,0,0,2,1,1
2023-24,Andhra Pradesh,Annamayya,Kambhamvaripalle,Marella,0,30,1,27,1,3,24,2,5,22,9,3,27,1,2,0,29,0,31,13,18,17,14,29,2,11,20,20,9
2023-24,Andhra Pradesh,Annamayya,Kodur,Obanapalle,0,44,3,13,15,19,28,0,19,22,25,1,46,0,2,0,45,0,47,24,23,32,15,41,6,12,35,20,27
2023-24,Andhra Pradesh,Annamayya,Kodur,Vasudevapuram,0,5,0,1,2,2,2,0,3,3,2,0,5,0,0,0,5,0,5,0,5,4,1,3,1,2,3,5,0
2023-24,Andhra Pradesh,Annamayya,Kodur,Gangarajupuram,0,10,1,3,4,4,5,1,5,4,7,0,11,0,0,0,11,0,11,1,10,7,4,9,2,1,10,9,2
2023-24,Andhra Pradesh,Annamayya,Kodur,Kodur (West),0,23,7,8,9,13,15,0,15,14,16,0,30,0,2,0,28,0,30,30,0,19,11,27,3,5,25,27,3
2023-24,Andhra Pradesh,Annamayya,Kodur,Anantharajupeta,0,73,10,27,25,31,52,0,31,43,40,0,79,4,1,0,82,0,83,72,11,51,32,76,6,14,69,81,2
2023-24,Andhra Pradesh,Annamayya,Kodur,K.Buduguntapalle,0,13,2,4,5,6,6,0,9,9,6,1,14,0,0,0,15,0,15,2,13,10,5,12,3,5,10,15,0
2023-24,Andhra Pradesh,Annamayya,Kodur,Vellelavari Khandrika,0,27,1,7,10,11,20,0,8,15,13,0,28,0,0,2,26,0,28,3,25,14,14,24,2,1,27,25,3
2023-24,Andhra Pradesh,Annamayya,Kodur,Chiyyavaram,0,25,1,10,5,11,7,1,18,10,16,0,26,0,0,0,26,0,26,20,6,14,12,25,0,7,19,24,2
2023-24,Andhra Pradesh,Annamayya,Kodur,Settigunta,0,50,7,26,11,20,19,1,37,27,30,1,56,0,1,0,56,0,57,52,5,33,24,51,5,16,41,53,4
2023-24,Andhra Pradesh,Annamayya,Kodur,Upparapalle,1,43,6,20,13,17,19,0,31,30,20,3,47,0,1,0,49,0,50,5,45,38,12,33,17,14,36,36,14
2023-24,Andhra Pradesh,Annamayya,Kodur,Kodur (East),1,60,5,30,11,25,32,0,34,31,35,3,61,2,1,0,65,0,66,21,45,54,12,59,7,20,46,61,5
2023-24,Andhra Pradesh,Annamayya,Kodur,Raghavarajupuram,0,12,1,6,1,6,7,0,6,7,6,0,13,0,0,0,13,0,13,6,7,11,2,8,5,2,11,9,4
2023-24,Andhra Pradesh,Annamayya,Kodur,Kitchamambapuram Agraharam,0,11,4,5,5,5,7,0,8,6,9,0,15,0,1,0,14,0,15,15,0,9,6,15,0,5,10,13,2
2023-24,Andhra Pradesh,Annamayya,Kurabalakota,Pitchalavandla Palle,0,79,7,36,23,27,28,2,56,31,55,0,86,0,0,0,86,0,86,22,64,64,21,84,2,35,51,65,20
2023-24,Andhra Pradesh,Annamayya,Kurabalakota,Matlivaripalle,0,41,7,32,6,10,16,0,32,19,29,0,47,1,0,0,48,0,48,6,42,28,20,43,5,17,31,30,18
2023-24,Andhra Pradesh,Annamayya,Kurabalakota,Kurabalakota,1,223,10,160,31,43,111,2,121,123,111,5,226,3,1,0,233,0,234,106,128,171,63,228,1,73,161,191,43
2023-24,Andhra Pradesh,Annamayya,Kurabalakota,Angallu,0,140,13,110,21,22,61,6,86,69,84,1,148,4,0,0,153,0,153,29,124,98,55,137,9,51,102,98,55
2023-24,Andhra Pradesh,Annamayya,Kurabalakota,Thettu,1,131,10,95,16,31,62,3,77,50,92,1,140,1,0,0,142,1,141,20,122,108,34,136,5,46,96,100,41
2023-24,Andhra Pradesh,Annamayya,Kurabalakota,Mudivedu,0,133,5,97,19,22,55,4,79,49,89,0,137,1,0,0,138,0,138,38,100,108,30,124,9,57,81,97,41
2023-24,Andhra Pradesh,Y.S.R.,Lakkireddipalle,Kurnoothala,0,1,1,1,0,1,2,0,0,2,0,0,1,1,0,0,2,0,2,0,2,0,2,2,0,1,1,2,0
2023-24,Andhra Pradesh,Annamayya,Lakkireddipalle,Kakulavaram,0,3,0,0,0,3,2,0,1,3,0,0,3,0,0,0,3,0,3,3,0,1,2,3,0,1,2,3,0
2023-24,Andhra Pradesh,Annamayya,Lakkireddipalle,Maddirevula,1,57,7,22,11,32,26,2,37,45,20,0,60,4,3,0,61,0,64,58,7,36,29,63,2,22,43,61,4
2023-24,Andhra Pradesh,Annamayya,Lakkireddipalle,Pandillapalle,0,32,3,11,6,17,23,1,11,22,13,0,28,0,0,0,35,0,35,7,20,13,14,26,1,9,25,27,0
2023-24,Andhra Pradesh,Annamayya,Lakkireddipalle,Dappepalle,3,82,12,42,16,39,49,1,47,74,23,1,64,19,2,1,94,0,97,9,74,56,27,78,5,33,63,81,2
2023-24,Andhra Pradesh,Annamayya,Lakkireddipalle,Lakkireddipalle,2,44,5,26,6,19,24,0,27,39,11,0,31,20,0,0,51,0,51,3,46,41,8,49,0,19,32,47,2
2023-24,Andhra Pradesh,Annamayya,Lakkireddipalle,Ananthapuram,0,52,7,27,12,22,23,2,36,48,13,1,43,14,1,0,46,0,52,48,13,22,39,57,3,18,43,60,1
2023-24,Andhra Pradesh,Annamayya,Lakkireddipalle,Somabotlapalle,0,6,0,5,0,1,5,0,1,3,3,0,6,0,0,0,6,0,6,1,5,2,4,6,0,0,6,6,0
2023-24,Andhra Pradesh,Annamayya,Lakkireddipalle,Naraharibhatla Palle,0,0,1,0,0,1,0,0,1,0,1,0,1,0,0,0,1,0,1,1,0,0,1,0,1,1,0,1,0
2023-24,Andhra Pradesh,Annamayya,Lakkireddipalle,Gudlavaripalle,0,9,1,4,1,5,1,0,9,5,5,2,7,1,0,0,10,0,10,7,3,3,7,9,1,6,4,10,0
2023-24,Andhra Pradesh,Annamayya,Lakkireddipalle,Dinnepadu,0,73,10,46,6,31,42,0,41,70,12,2,65,14,2,0,79,0,82,17,65,45,37,77,5,26,56,80,2
2023-24,Andhra Pradesh,Annamayya,Lakkireddipalle,Brahmana Yerragudi,0,86,3,29,20,40,52,0,37,62,27,3,86,0,0,0,89,0,89,22,67,32,57,84,5,33,55,89,0
2023-24,Andhra Pradesh,Annamayya,Madanapalle,Molakaladinne,0,3,0,1,1,1,1,0,2,2,1,0,3,0,0,0,3,0,3,3,0,1,2,3,0,3,0,3,0
2023-24,Andhra Pradesh,Annamayya,Madanapalle,Basinikonda (Part),0,51,2,29,9,15,23,3,27,33,20,2,46,5,0,0,52,0,52,32,21,26,25,48,5,20,33,32,20
2023-24,Andhra Pradesh,Annamayya,Madanapalle,Valasapalle,0,22,0,13,4,5,4,0,18,16,6,2,18,2,0,0,22,0,22,17,5,3,19,20,2,13,9,8,14
2023-24,Andhra Pradesh,Annamayya,Madanapalle,Malepadu,0,14,1,10,2,3,3,0,12,11,4,0,13,2,0,0,15,0,15,1,14,5,10,14,1,10,5,11,4
2023-24,Andhra Pradesh,Annamayya,Madanapalle,Ankisettipalle (Og),0,27,3,13,10,7,13,1,16,16,14,0,26,3,0,0,27,0,28,16,14,20,10,26,4,12,18,28,2
2023-24,Andhra Pradesh,Annamayya,Madanapalle,Pothapalu,0,30,0,19,2,10,23,1,7,16,15,2,25,2,0,0,29,0,29,5,26,14,17,30,1,14,17,17,14
2023-24,Andhra Pradesh,Annamayya,Madanapalle,Kothavaripalle,0,81,3,45,17,22,62,1,21,57,27,5,72,7,0,0,81,5,78,47,37,55,28,69,12,28,56,57,26
2023-24,Andhra Pradesh,Annamayya,Madanapalle,Ponnetipalem (Og) (Part),0,37,0,22,5,10,11,0,26,32,5,1,31,5,0,0,37,0,37,23,14,19,18,33,4,21,16,19,18
2023-24,Andhra Pradesh,Annamayya,Madanapalle,Kollabylu (Part),0,65,1,21,21,24,16,4,46,42,24,7,54,3,1,0,62,0,64,34,32,36,30,61,5,31,35,49,16
2023-24,Andhra Pradesh,Annamayya,Madanapalle,Penchupadu,1,27,2,15,8,7,5,0,25,19,11,1,25,4,0,0,30,0,30,7,23,17,13,31,0,19,11,16,14
2023-24,Andhra Pradesh,Annamayya,Madanapalle,Vempalle,0,53,0,23,14,16,20,2,31,31,22,2,48,3,0,1,51,2,51,20,33,30,23,52,1,22,31,42,10
2023-24,Andhra Pradesh,Annamayya,Madanapalle,Chinnathippasamudram,0,57,1,31,17,11,39,0,20,35,24,1,52,5,0,0,57,25,33,37,22,29,30,50,8,26,33,39,18
2023-24,Andhra Pradesh,Annamayya,Madanapalle,Pappireddipalle (Og),0,3,0,3,0,0,3,0,0,1,2,0,3,0,0,0,3,0,3,2,1,2,1,3,0,2,1,2,1
2023-24,Andhra Pradesh,Annamayya,Madanapalle,Madanapalle (R) (Part),0,37,1,17,8,13,12,0,26,31,7,1,34,3,0,0,38,4,34,21,17,21,17,34,4,18,20,28,10
2023-24,Andhra Pradesh,Annamayya,Mulakalacheruvu,Gudupalle,7,34,0,15,14,13,10,8,24,40,2,10,26,5,0,0,40,1,40,41,1,29,13,42,0,19,23,34,8
2023-24,Andhra Pradesh,Annamayya,Mulakalacheruvu,T.Sowdasamudram,2,35,3,17,13,10,5,2,33,29,11,4,30,6,4,0,35,0,40,24,16,26,14,39,1,20,20,34,6
2023-24,Andhra Pradesh,Annamayya,Mulakalacheruvu,Sompalle,8,63,3,37,19,18,23,7,44,63,11,8,54,11,13,0,58,1,70,46,28,36,38,73,1,39,35,65,9
2023-24,Andhra Pradesh,Annamayya,Mulakalacheruvu,Mulakalacheruvu,21,66,1,59,17,12,25,22,42,64,25,24,56,7,0,0,81,0,86,72,18,45,44,90,0,40,50,67,23
2023-24,Andhra Pradesh,Annamayya,Mulakalacheruvu,Maddinayanipalle,13,43,1,33,6,18,19,14,24,51,6,15,41,1,0,0,53,0,56,47,10,22,35,56,1,25,32,42,14
2023-24,Andhra Pradesh,Annamayya,Mulakalacheruvu,Nayanicheruvupalle,1,0,0,1,0,0,0,1,0,1,0,1,0,0,0,0,1,0,1,1,0,0,1,1,0,0,1,0,1
2023-24,Andhra Pradesh,Annamayya,Mulakalacheruvu,Vepurikota,1,31,0,19,5,8,11,2,19,20,12,2,27,3,0,0,32,0,32,18,14,29,3,32,0,21,11,31,1
2023-24,Andhra Pradesh,Annamayya,Mulakalacheruvu,Kadirinathunikota,3,9,0,10,2,0,3,3,6,11,1,3,9,0,0,0,10,0,12,6,6,7,5,10,2,2,10,7,5
2023-24,Andhra Pradesh,Annamayya,Mulakalacheruvu,Devalcheruvu,5,32,0,25,7,5,10,7,20,26,11,8,25,4,0,0,37,0,37,24,13,19,18,34,3,20,17,31,6
2023-24,Andhra Pradesh,Annamayya,Mulakalacheruvu,Chennaiahgaripalle,2,18,0,9,3,8,4,2,14,16,4,1,14,4,0,0,19,0,19,9,12,13,8,20,1,8,13,17,4
2023-24,Andhra Pradesh,Annamayya,Mulakalacheruvu,Peddapalem,11,27,1,24,6,9,3,11,25,32,7,11,25,2,7,1,28,0,37,27,12,22,17,36,3,7,32,26,13
2023-24,Andhra Pradesh,Annamayya,Mulakalacheruvu,Burakayalakota,7,56,1,31,15,19,16,9,41,53,13,9,46,8,0,0,61,0,63,37,29,43,23,58,8,37,29,58,8
2023-24,Andhra Pradesh,Annamayya,Mulakalacheruvu,Kalavapalle,5,33,0,16,7,15,7,4,27,27,13,4,29,5,3,1,34,0,38,32,8,17,23,40,0,24,16,35,5
2023-24,Andhra Pradesh,Annamayya,Nandalur,Nagireddipalle (Ct),0,16,0,11,2,3,11,1,4,6,10,0,13,3,4,0,12,0,16,7,9,7,9,11,5,5,11,16,0
2023-24,Andhra Pradesh,Annamayya,Nandalur,Lebaka Manga Mamba Puram,0,4,0,3,1,0,3,0,1,0,4,0,3,1,0,0,4,0,4,3,1,3,1,4,0,1,3,4,0
2023-24,Andhra Pradesh,Annamayya,Nandalur,Pothapi,0,1,1,2,0,0,1,0,1,0,2,0,2,0,0,0,2,0,2,0,2,0,2,2,0,0,2,1,1
2023-24,Andhra Pradesh,Annamayya,Nandalur,Tanguturu,0,2,0,1,1,0,0,1,1,1,1,0,2,0,0,0,2,0,2,0,2,0,2,0,2,0,2,0,2
2023-24,Andhra Pradesh,Annamayya,Nandalur,Kunda Nellore,0,8,0,6,2,0,4,0,4,3,5,0,8,0,1,0,7,0,8,4,4,5,3,7,1,3,5,8,0
2023-24,Andhra Pradesh,Annamayya,Nandalur,Nandalur,0,10,0,8,1,1,4,0,6,1,9,0,10,0,2,0,8,0,10,1,9,2,8,7,3,5,5,9,1
2023-24,Andhra Pradesh,Annamayya,Nandalur,Adapur,0,12,0,8,1,3,3,1,8,0,12,0,9,3,6,0,6,0,12,5,7,5,7,6,5,5,7,10,2
2023-24,Andhra Pradesh,Annamayya,Nandalur,Nallathimmayapalle,0,2,1,1,1,1,2,0,1,0,3,0,3,0,0,0,3,0,3,3,0,0,3,3,0,2,1,3,0
2023-24,Andhra Pradesh,Annamayya,Nandalur,Patur,0,5,1,3,0,3,3,0,3,1,5,0,5,1,1,0,5,0,6,6,0,0,6,5,1,0,6,6,0
2023-24,Andhra Pradesh,Annamayya,Nandalur,Yellamarajupalle,0,5,0,4,0,1,4,0,1,0,5,0,3,2,2,0,3,0,5,4,1,4,1,4,1,1,4,4,1
2023-24,Andhra Pradesh,Annamayya,Nandalur,Lebaka,0,11,0,5,1,5,2,1,8,2,9,0,9,2,2,0,9,0,11,3,8,3,8,11,0,6,5,10,1
2023-24,Andhra Pradesh,Annamayya,Obulavaripalle,Jillelamadaka,0,1,0,1,0,0,0,1,0,0,1,0,1,0,0,0,1,0,1,0,1,1,0,1,0,0,1,1,0
2023-24,Andhra Pradesh,Annamayya,Obulavaripalle,Yerraguntakota,0,32,5,17,7,13,13,1,23,25,12,2,31,4,0,2,35,15,22,24,13,28,9,34,2,30,7,35,2
2023-24,Andhra Pradesh,Annamayya,Obulavaripalle,Rallacheruvupalle,0,3,0,2,1,0,0,0,3,2,1,0,3,0,0,0,3,2,1,2,1,3,0,3,0,3,0,3,0
2023-24,Andhra Pradesh,Annamayya,Obulavaripalle,Gadela,0,20,1,12,2,7,11,0,10,12,9,0,21,0,0,3,18,2,19,13,8,19,2,18,3,9,12,20,1
2023-24,Andhra Pradesh,Annamayya,Obulavaripalle,Botimeedapalle,0,13,0,5,0,8,8,0,5,11,2,1,12,0,0,2,11,0,13,6,7,2,11,13,0,13,0,13,0
2023-24,Andhra Pradesh,Annamayya,Obulavaripalle,Mukkavaripalle,0,15,0,12,0,3,9,0,6,11,4,0,13,2,0,1,14,0,15,11,4,12,3,14,1,11,4,15,0
2023-24,Andhra Pradesh,Annamayya,Obulavaripalle,Gobburuvaripalle,0,2,0,2,0,0,0,0,2,1,1,0,1,1,0,0,2,0,2,2,0,2,0,2,0,1,1,2,0
2023-24,Andhra Pradesh,Annamayya,Obulavaripalle,Bommavaram,0,12,2,9,1,4,9,0,5,10,4,1,13,0,0,2,13,0,14,8,6,0,14,13,1,11,3,12,2
2023-24,Andhra Pradesh,Annamayya,Obulavaripalle,Govindampalle,0,14,2,7,3,6,10,0,6,7,9,0,16,0,0,3,13,0,16,14,2,13,3,14,2,9,7,14,2
2023-24,Andhra Pradesh,Annamayya,Obulavaripalle,Pedda Rampadu,0,34,4,24,2,12,20,0,18,24,14,0,37,1,0,0,38,13,25,29,9,27,11,34,4,24,14,37,0
2023-24,Andhra Pradesh,Annamayya,Obulavaripalle,Chinna Orampadu,0,27,4,15,4,12,14,0,17,14,17,0,31,0,0,0,31,8,23,13,18,24,7,28,3,21,10,31,0
2023-24,Andhra Pradesh,Annamayya,Obulavaripalle,Korlakunta,0,25,3,17,3,8,11,0,17,20,8,1,26,1,0,1,27,1,27,17,11,15,13,22,6,24,4,24,4
2023-24,Andhra Pradesh,Annamayya,Peddamandyam,Musalikunta,0,26,4,23,1,6,12,2,16,9,21,0,22,8,0,0,29,0,29,17,13,25,5,28,2,14,16,28,2
2023-24,Andhra Pradesh,Annamayya,Peddamandyam,Papepalle,0,30,2,21,2,9,12,2,18,7,25,0,29,3,0,0,32,0,32,26,6,25,7,32,0,13,19,32,0
2023-24,Andhra Pradesh,Annamayya,Peddamandyam,Kalicherla,0,87,6,57,11,25,56,2,35,26,67,0,69,24,0,2,91,1,92,57,36,76,17,91,2,58,35,84,9
2023-24,Andhra Pradesh,Annamayya,Peddamandyam,Bandrevu,1,29,1,11,5,15,20,1,10,10,21,0,30,1,0,0,31,0,31,17,14,23,8,29,2,19,12,28,3
2023-24,Andhra Pradesh,Annamayya,Peddamandyam,Peddamandyam,0,49,2,38,5,8,27,2,22,8,42,1,42,8,0,0,51,0,51,44,7,39,12,49,2,30,21,44,6
2023-24,Andhra Pradesh,Annamayya,Peddathippasamudram,Pattamvandlapalle,0,43,4,25,10,12,26,0,21,19,28,0,33,14,0,1,46,0,47,43,4,35,10,47,0,20,27,3,43
2023-24,Andhra Pradesh,Annamayya,Peddathippasamudram,Jagadamvaripalle,0,2,0,2,0,0,1,0,1,1,1,0,1,1,0,0,2,0,2,2,0,1,1,2,0,1,1,0,2
2023-24,Andhra Pradesh,Annamayya,Peddathippasamudram,Rangasamudram,1,25,2,10,9,9,21,0,7,21,7,3,23,2,0,0,28,1,27,27,1,22,6,27,1,13,15,5,22
2023-24,Andhra Pradesh,Annamayya,Peddathippasamudram,Thummarakunta,2,80,11,43,25,25,73,1,19,46,47,7,79,7,2,0,91,0,93,89,4,57,36,91,1,48,45,4,89
2023-24,Andhra Pradesh,Annamayya,Peddathippasamudram,T.Sadum,0,44,0,16,9,19,27,0,17,30,15,4,32,8,1,0,43,0,44,43,2,30,15,45,0,17,28,1,43
2023-24,Andhra Pradesh,Annamayya,Peddathippasamudram,Boorlapalle,1,44,2,24,9,14,33,0,14,31,16,9,29,9,1,0,45,0,47,47,0,29,18,46,1,24,23,1,44
2023-24,Andhra Pradesh,Annamayya,Peddathippasamudram,Kamsalavandla Palle,0,11,0,8,1,2,8,0,3,4,7,1,10,0,0,0,11,0,11,10,1,11,0,11,0,5,6,3,8
2023-24,Andhra Pradesh,Annamayya,Peddathippasamudram,Peddathippasamudram,0,87,6,44,25,24,61,1,31,44,49,10,65,18,12,0,81,0,93,93,0,46,46,93,0,37,56,11,82
2023-24,Andhra Pradesh,Annamayya,Peddathippasamudram,Madunuru,0,34,0,19,7,8,16,0,18,24,10,0,32,2,1,0,33,0,34,32,2,23,11,33,0,10,24,7,27
2023-24,Andhra Pradesh,Annamayya,Peddathippasamudram,Mallela,0,24,0,14,3,7,17,0,7,6,18,1,22,1,1,0,23,0,24,24,0,19,5,24,0,16,8,7,17
2023-24,Andhra Pradesh,Annamayya,Peddathippasamudram,Kandukuru,0,44,0,12,16,16,39,0,5,20,24,4,35,5,0,0,44,1,43,43,1,31,11,44,0,28,16,5,39
2023-24,Andhra Pradesh,Annamayya,Peddathippasamudram,Katnagallu,0,29,2,14,10,7,23,0,8,14,17,3,26,2,1,0,30,0,31,31,0,18,13,30,1,13,18,1,30
2023-24,Andhra Pradesh,Annamayya,Peddathippasamudram,Pulikallu,0,17,0,10,3,4,16,0,1,9,8,3,11,3,0,0,17,0,17,17,0,8,9,17,0,9,8,0,17
2023-24,Andhra Pradesh,Annamayya,Peddathippasamudram,Sampathikota,0,39,0,17,9,13,26,4,9,25,14,3,34,2,0,0,39,0,39,37,2,29,10,38,1,24,15,3,36
2023-24,Andhra Pradesh,Annamayya,Peddathippasamudram,Maddaiahgaripalle,0,5,0,2,0,3,1,0,4,4,1,1,4,0,0,0,5,0,5,5,0,2,3,5,0,1,4,0,5
2023-24,Andhra Pradesh,Annamayya,Peddathippasamudram,Chinnaponguppalle,0,2,0,0,1,1,1,0,1,2,0,0,2,0,0,0,2,0,2,2,0,2,0,2,0,1,1,1,1
2023-24,Andhra Pradesh,Annamayya,Peddathippasamudram,Buchipalle,0,5,0,2,2,1,4,1,0,2,3,1,4,0,0,0,5,0,5,5,0,4,1,5,0,3,2,0,5
2023-24,Andhra Pradesh,Annamayya,Penagalur,Singareddipalle,0,8,0,3,2,3,2,0,6,4,4,0,8,0,0,0,8,0,8,4,4,7,1,8,0,1,7,8,0
2023-24,Andhra Pradesh,Annamayya,Penagalur,Komantharajupuram,0,1,0,0,1,0,1,0,0,0,1,0,1,0,0,0,1,0,1,0,1,1,0,1,0,1,0,1,0
2023-24,Andhra Pradesh,Annamayya,Penagalur,Narayana Nellore,0,10,0,5,1,4,10,0,0,8,2,0,10,0,0,0,10,0,10,2,8,7,3,9,1,7,3,10,0
2023-24,Andhra Pradesh,Annamayya,Penagalur,Nallapureddipalle,0,7,1,7,0,1,3,2,3,7,1,0,8,0,0,0,8,0,8,5,3,6,2,7,1,3,5,6,2
2023-24,Andhra Pradesh,Annamayya,Penagalur,Itimarpuram,0,37,1,21,8,9,22,1,15,20,18,0,35,3,2,0,36,0,38,6,32,23,15,33,5,18,20,33,5
2023-24,Andhra Pradesh,Annamayya,Penagalur,Thirunampalle,0,4,1,2,0,3,1,0,4,3,2,0,4,1,0,0,5,0,5,1,4,4,1,5,0,1,4,5,0
2023-24,Andhra Pradesh,Annamayya,Penagalur,Siddavaram,0,6,0,3,1,2,3,0,3,3,3,0,6,0,0,0,6,0,6,4,2,4,2,5,1,0,6,6,0
2023-24,Andhra Pradesh,Annamayya,Penagalur,Velagacherla,0,15,0,7,2,6,12,0,3,11,4,0,15,0,0,0,15,0,15,4,11,13,2,15,0,9,6,13,2
2023-24,Andhra Pradesh,Annamayya,Penagalur,Pondalur,0,37,3,26,5,9,29,0,11,26,14,0,40,0,0,0,40,0,40,5,35,18,22,35,5,19,21,36,4
2023-24,Andhra Pradesh,Annamayya,Penagalur,Sirivaram,0,4,1,1,1,3,4,0,1,3,2,0,5,0,0,0,5,0,5,1,4,3,2,5,0,4,1,5,0
2023-24,Andhra Pradesh,Annamayya,Penagalur,Singanamala,0,3,0,2,0,1,2,0,1,2,1,0,3,0,0,0,3,0,3,1,2,2,1,3,0,2,1,3,0
2023-24,Andhra Pradesh,Annamayya,Penagalur,Penagalur,0,24,1,16,2,7,14,0,11,16,9,0,25,0,0,0,25,0,25,2,23,18,7,23,2,7,18,25,0
2023-24,Andhra Pradesh,Annamayya,Penagalur,Yelagacherla Mangamambapuram,0,2,0,2,0,0,2,0,0,0,2,0,2,0,0,0,2,0,2,0,2,2,0,2,0,0,2,2,0
2023-24,Andhra Pradesh,Annamayya,Penagalur,Damancherla,0,3,0,3,0,0,3,0,0,3,0,0,3,0,0,0,3,0,3,0,3,3,0,3,0,2,1,3,0
2023-24,Andhra Pradesh,Annamayya,Penagalur,Obili,0,16,2,12,1,5,13,0,5,9,9,0,17,1,0,0,18,0,18,5,13,10,8,15,2,10,8,17,1
2023-24,Andhra Pradesh,Annamayya,Penagalur,Kondur,0,10,0,6,3,1,5,0,5,5,5,0,10,0,0,0,10,0,10,6,4,6,4,10,0,7,3,10,0
2023-24,Andhra Pradesh,Annamayya,Piler,Jandla,0,8,0,6,1,3,5,0,5,1,11,0,7,0,0,0,6,0,6,2,11,11,2,14,0,4,9,14,0
2023-24,Andhra Pradesh,Annamayya,Piler,Agraharam,0,2,0,2,0,0,1,0,1,2,0,0,2,0,0,0,2,0,2,1,1,2,0,2,0,0,2,1,1
2023-24,Andhra Pradesh,Annamayya,Piler,Bodumalluvaripalle,0,9,1,6,4,1,8,0,8,1,19,0,7,0,0,0,7,0,7,1,26,26,1,27,0,11,14,27,0
2023-24,Andhra Pradesh,Annamayya,Piler,Vepulabylu,0,14,1,9,5,3,8,0,11,1,21,1,12,2,4,0,8,0,14,1,27,19,6,29,0,12,11,29,0
2023-24,Andhra Pradesh,Annamayya,Piler,Pileru (Ct),0,3,2,2,2,1,3,0,3,2,5,0,5,0,1,0,3,0,5,5,3,8,0,8,0,6,1,8,0
2023-24,Andhra Pradesh,Annamayya,Piler,Mudupulavemula,0,18,3,4,8,10,3,0,19,1,21,2,13,4,1,0,16,0,18,2,21,17,6,23,0,7,15,23,0
2023-24,Andhra Pradesh,Annamayya,Piler,Maddelacheruvu,0,3,0,1,1,1,1,0,4,0,5,0,3,0,0,0,3,0,3,0,5,5,0,5,0,1,4,5,0
2023-24,Andhra Pradesh,Annamayya,Piler,Gudarevupalle,0,5,0,5,1,2,4,0,8,0,16,0,2,0,0,0,1,0,1,0,19,16,3,19,0,6,11,20,0
2023-24,Andhra Pradesh,Annamayya,Piler,Avuvaripalle,0,3,0,4,0,0,1,0,3,0,4,0,3,0,0,0,1,0,1,0,4,3,1,3,0,1,3,4,0
2023-24,Andhra Pradesh,Annamayya,Piler,Mellacheruvu,0,38,4,13,14,16,13,0,34,0,48,0,40,0,10,0,19,0,32,5,44,29,20,49,0,12,36,46,3
2023-24,Andhra Pradesh,Annamayya,Piler,Talupula,0,24,6,15,10,10,12,1,25,1,39,2,18,4,2,0,17,0,20,10,32,28,14,43,0,17,24,43,0
2023-24,Andhra Pradesh,Annamayya,Piler,Regullu,0,30,1,19,5,9,19,1,21,2,49,1,20,1,0,0,20,0,22,20,37,48,9,57,0,16,39,57,0
2023-24,Andhra Pradesh,Annamayya,Piler,Doddipalle,0,41,0,21,13,10,21,1,30,8,45,2,30,4,6,0,23,0,31,28,44,52,19,73,2,22,42,67,7
2023-24,Andhra Pradesh,Annamayya,Piler,Kavalipalle,0,6,0,2,3,1,2,0,4,0,6,1,5,0,0,0,6,0,6,0,6,6,0,6,0,3,3,6,0
2023-24,Andhra Pradesh,Annamayya,Pullampeta,A.Channamambapuram,0,5,0,1,3,1,2,0,3,1,4,0,5,0,0,1,4,2,3,5,0,5,0,5,0,1,4,5,0
2023-24,Andhra Pradesh,Annamayya,Pullampeta,Rangampalle,0,1,0,0,0,1,0,0,1,0,1,0,1,0,0,0,1,1,0,1,0,1,0,1,0,0,1,1,0
2023-24,Andhra Pradesh,Annamayya,Pullampeta,Perigavaram,0,1,0,0,1,0,0,0,1,0,1,0,1,0,0,0,1,0,1,1,0,0,1,1,0,1,0,1,0
2023-24,Andhra Pradesh,Annamayya,Pullampeta,Ketharajupalle,0,2,4,4,1,1,5,0,1,4,2,0,6,0,0,0,6,3,3,5,1,3,3,6,0,1,5,6,0
2023-24,Andhra Pradesh,Annamayya,Pullampeta,Garalamadugu,0,15,0,11,0,4,4,0,11,10,5,1,13,1,0,1,14,8,7,15,0,15,0,12,3,10,5,15,0
2023-24,Andhra Pradesh,Annamayya,Pullampeta,Kommanavaripalle,0,10,1,7,1,3,7,0,4,11,0,0,11,0,0,0,11,6,5,11,0,8,3,11,0,5,6,11,0
2023-24,Andhra Pradesh,Annamayya,Pullampeta,Vathalur,0,12,0,4,3,5,4,0,8,8,4,0,11,1,0,1,11,7,5,8,4,8,4,11,1,6,6,12,0
2023-24,Andhra Pradesh,Annamayya,Pullampeta,Apparajupeta,0,15,0,8,3,4,6,0,9,8,7,0,15,0,0,0,15,0,15,11,4,4,11,15,0,6,9,15,0
2023-24,Andhra Pradesh,Annamayya,Pullampeta,Utukuru Venkatampalle,0,2,0,1,0,1,2,0,0,1,1,0,2,0,0,0,2,0,2,0,2,2,0,0,2,0,2,1,1
2023-24,Andhra Pradesh,Annamayya,Pullampeta,Kothapalle Agraharam,0,3,1,4,0,0,1,0,3,4,0,0,4,0,0,0,4,4,0,4,0,4,0,4,0,2,2,4,0
2023-24,Andhra Pradesh,Annamayya,Pullampeta,Anantaiahgaripalle,0,20,1,12,3,6,5,0,16,17,4,0,21,0,0,0,21,14,7,20,1,14,7,19,2,10,11,21,0
2023-24,Andhra Pradesh,Annamayya,Pullampeta,Dandlopalle,0,1,0,0,0,1,0,0,1,1,0,0,1,0,0,0,1,0,1,1,0,1,0,0,1,0,1,1,0
2023-24,Andhra Pradesh,Annamayya,Pullampeta,Immanur,0,1,0,1,0,0,0,0,1,1,0,0,1,0,0,0,1,1,0,1,0,1,0,0,1,1,0,1,0
2023-24,Andhra Pradesh,Annamayya,Pullampeta,Puthanavaripalle,0,3,0,1,0,2,0,0,3,3,0,0,3,0,0,0,3,2,1,3,0,2,1,3,0,3,0,3,0
2023-24,Andhra Pradesh,Annamayya,Pullampeta,Pullampeta,0,7,0,5,1,1,2,0,5,3,4,1,6,0,0,0,7,5,2,6,1,5,2,7,0,4,3,7,0
2023-24,Andhra Pradesh,Annamayya,Pullampeta,Ananthasamudram,0,8,0,5,0,3,1,1,6,4,4,0,7,1,0,2,6,4,4,8,0,8,0,8,0,5,3,8,0
2023-24,Andhra Pradesh,Annamayya,Pullampeta,Reddipalle,0,5,0,1,1,3,4,0,1,3,2,1,3,1,0,1,4,1,4,5,0,3,2,5,0,2,3,5,0
2023-24,Andhra Pradesh,Annamayya,Pullampeta,Dalavaipalle,0,6,0,3,0,3,3,0,3,6,0,0,6,0,0,0,6,6,0,6,0,5,1,6,0,3,3,6,0
2023-24,Andhra Pradesh,Annamayya,Pullampeta,Vallurupalle,0,6,0,3,0,3,2,0,4,5,1,0,5,1,0,0,6,4,2,6,0,6,0,6,0,4,2,6,0
2023-24,Andhra Pradesh,Annamayya,Pullampeta,Ramasamudram,0,19,0,19,0,0,2,16,0,2,0,0,2,0,0,0,2,0,2,2,0,2,0,1,1,0,2,2,0
2023-24,Andhra Pradesh,Annamayya,Pullampeta,Utukuruchalivendla,0,3,0,3,0,0,2,0,1,3,0,0,3,0,0,0,3,0,3,3,0,1,2,3,0,0,3,2,1
2023-24,Andhra Pradesh,Annamayya,Pullampeta,Thippayapalle,0,16,0,7,3,6,6,0,10,11,5,1,15,0,1,0,15,7,9,10,6,14,2,12,3,8,8,16,0
2023-24,Andhra Pradesh,Annamayya,Rajampet,Poli,0,16,0,10,4,2,11,0,5,6,10,0,10,6,1,0,15,0,16,13,3,1,15,14,2,10,6,14,2
2023-24,Andhra Pradesh,Annamayya,Rajampet,Utukur,0,9,0,6,0,3,6,0,3,4,5,0,8,1,0,0,9,0,9,9,0,4,5,8,0,6,3,8,1
2023-24,Andhra Pradesh,Annamayya,Rajampet,Tallapaka,0,18,0,13,2,3,10,0,8,11,7,0,15,3,0,0,18,0,18,13,5,8,10,17,1,7,11,18,0
2023-24,Andhra Pradesh,Annamayya,Rajampet,Madanagopalapuram,0,11,0,4,3,4,0,0,11,7,4,0,9,2,0,0,11,0,11,10,1,0,11,11,0,3,8,10,1
2023-24,Andhra Pradesh,Annamayya,Rajampet,Brahmanapalle,0,1,0,0,1,0,1,0,0,1,0,0,1,0,0,0,1,0,1,1,0,0,1,1,0,0,1,1,0
2023-24,Andhra Pradesh,Annamayya,Rajampet,Gopamambapuram,0,7,0,3,1,3,0,1,6,4,3,0,6,1,1,0,6,0,7,6,1,0,7,7,0,4,3,7,0
2023-24,Andhra Pradesh,Annamayya,Rajampet,Gundluru,0,66,6,52,5,15,31,1,40,45,27,2,61,9,4,0,68,0,72,13,59,43,29,69,3,30,42,71,1
2023-24,Andhra Pradesh,Annamayya,Rajampet,Rollamadugu,0,10,0,6,0,4,8,0,2,3,7,0,9,1,0,0,10,0,10,8,2,0,10,7,2,6,4,9,1
2023-24,Andhra Pradesh,Annamayya,Rajampet,Hastavaram,0,17,0,8,4,5,1,2,14,12,5,0,14,3,0,0,17,0,17,14,3,9,8,15,1,4,13,17,0
2023-24,Andhra Pradesh,Annamayya,Rajampet,Kothapalle,0,8,0,5,2,1,6,0,2,7,1,0,7,1,0,0,8,0,8,5,3,4,4,5,1,1,7,8,0
2023-24,Andhra Pradesh,Annamayya,Rajampet,Mittameedapalle,0,18,0,8,3,7,9,0,9,13,5,0,17,1,0,0,18,0,18,12,6,4,14,18,0,6,12,16,2
2023-24,Andhra Pradesh,Annamayya,Rajampet,Mannur,0,19,0,9,3,7,11,0,8,8,11,0,17,2,0,0,19,0,19,13,6,4,15,16,2,11,8,16,2
2023-24,Andhra Pradesh,Annamayya,Rajampet,Akepadu,0,11,0,4,3,4,4,1,6,6,5,0,10,1,2,0,9,0,11,8,3,9,2,9,1,2,9,10,1
2023-24,Andhra Pradesh,Annamayya,Rajampet,Kitchamambapuram,0,15,0,10,3,2,10,1,4,7,8,0,14,1,0,0,15,0,15,10,5,1,14,14,1,10,5,13,2
2023-24,Andhra Pradesh,Annamayya,Rajampet,Rajampet (R) (Part),0,16,1,12,3,2,3,2,12,13,4,0,16,1,0,0,17,0,17,12,5,0,17,14,3,9,8,17,0
2023-24,Andhra Pradesh,Annamayya,Rajampet,Pulapathuru,0,6,0,2,2,2,5,0,1,2,4,0,6,0,0,0,6,0,6,5,1,0,6,3,3,2,4,3,3
2023-24,Andhra Pradesh,Annamayya,Rajampet,Mandapalle,0,15,1,6,3,7,6,1,9,7,9,0,11,5,0,0,16,0,16,14,2,1,15,15,1,6,10,14,2
2023-24,Andhra Pradesh,Annamayya,Ramapuram,Bandlapalle,2,44,4,15,20,15,17,3,30,49,1,2,47,1,0,1,49,23,27,43,7,33,17,43,7,25,25,50,0
2023-24,Andhra Pradesh,Annamayya,Ramapuram,Chitlur,0,27,0,6,10,11,13,0,14,23,4,0,26,1,0,0,24,9,17,22,5,18,9,27,0,14,13,27,0
2023-24,Andhra Pradesh,Annamayya,Ramapuram,Hasanapuram,0,29,0,7,10,12,7,0,22,28,1,2,24,3,0,0,29,17,12,25,4,25,4,29,0,4,25,29,0
2023-24,Andhra Pradesh,Annamayya,Ramapuram,Gopagudipalle,0,48,1,30,4,15,20,1,28,31,18,0,47,2,0,5,44,15,34,27,22,28,20,46,3,20,29,44,5
2023-24,Andhra Pradesh,Annamayya,Ramapuram,Rachapalle,0,32,0,8,12,12,10,0,22,27,5,0,32,0,0,0,32,6,26,19,13,26,6,31,1,14,18,30,2
2023-24,Andhra Pradesh,Annamayya,Ramapuram,Saraswathipalle,2,21,2,8,8,9,8,3,14,21,4,0,23,2,0,0,24,0,25,23,2,22,3,21,3,15,10,24,0
2023-24,Andhra Pradesh,Annamayya,Ramapuram,Nallaguttapalle,0,22,1,14,3,6,14,0,9,18,5,0,23,0,0,0,20,3,19,21,2,22,1,22,1,16,7,21,1
2023-24,Andhra Pradesh,Annamayya,Ramapuram,Suddamalla,0,23,0,11,4,8,12,0,11,18,5,1,21,1,0,1,22,5,18,9,14,13,5,23,0,11,12,21,2
2023-24,Andhra Pradesh,Annamayya,Ramapuram,Neelakantharaopeta,0,17,0,6,4,7,5,1,11,14,3,0,16,1,0,0,17,3,14,11,6,9,8,15,0,11,6,15,2
2023-24,Andhra Pradesh,Annamayya,Ramapuram,Guvvalacheruvu,1,14,2,9,2,6,9,0,8,14,3,2,11,4,0,0,17,2,15,7,10,9,8,16,1,6,11,15,2
2023-24,Andhra Pradesh,Annamayya,Ramapuram,Kalpanayunicheruvu,0,25,0,16,2,7,16,0,9,21,4,3,20,2,0,0,25,8,17,22,3,22,3,24,1,16,9,25,0
2023-24,Andhra Pradesh,Annamayya,Ramasamudram,Elavanellore,1,20,1,9,6,9,11,2,12,22,2,0,16,4,0,0,15,1,16,17,11,15,11,26,2,12,14,26,2
2023-24,Andhra Pradesh,Annamayya,Ramasamudram,R.Nadimpalle,0,32,1,18,7,8,9,1,24,28,5,1,25,6,0,0,30,23,8,23,12,10,25,33,2,24,10,33,2
2023-24,Andhra Pradesh,Annamayya,Ramasamudram,Ramasamudram,0,13,1,4,5,5,4,1,10,10,5,0,12,2,0,0,13,4,9,13,2,8,7,12,3,10,5,15,0
2023-24,Andhra Pradesh,Annamayya,Ramasamudram,Chokkandlapalle,0,31,3,27,3,4,11,0,23,22,12,2,26,6,0,0,30,0,33,19,15,20,14,28,6,18,16,28,6
2023-24,Andhra Pradesh,Annamayya,Ramasamudram,Arikela,0,35,0,24,5,5,9,0,26,26,10,0,30,4,0,0,32,0,32,15,21,17,19,33,3,15,21,29,7
2023-24,Andhra Pradesh,Annamayya,Ramasamudram,Nariganipalle,0,30,1,21,5,6,12,0,20,22,10,0,24,7,0,1,29,0,31,22,10,15,17,30,2,17,15,28,4
2023-24,Andhra Pradesh,Annamayya,Ramasamudram,Chembakur,0,33,0,16,7,10,9,2,22,20,11,0,27,4,3,0,28,23,8,21,10,8,23,27,4,15,16,27,4
2023-24,Andhra Pradesh,Annamayya,Ramasamudram,Peddakurapalle,0,27,0,8,9,10,11,0,18,26,3,1,18,6,1,0,15,1,21,19,13,22,10,31,1,18,13,30,2
2023-24,Andhra Pradesh,Annamayya,Ramasamudram,Kurijala,0,4,0,3,0,1,0,3,0,1,0,0,0,0,0,0,0,0,0,0,0,1,0,0,0,1,0,0,0
2023-24,Andhra Pradesh,Annamayya,Ramasamudram,Kappalle,0,30,1,11,11,9,13,0,20,24,9,2,23,6,0,1,26,18,11,28,5,21,12,31,2,7,26,33,0
2023-24,Andhra Pradesh,Annamayya,Ramasamudram,Miniki,0,27,0,19,3,5,12,1,16,18,11,0,23,4,0,0,20,0,25,19,12,18,13,29,2,19,10,27,4
2023-24,Andhra Pradesh,Annamayya,Ramasamudram,Voolapadu,1,33,1,16,9,10,9,0,26,27,8,1,29,5,0,0,28,8,24,34,1,17,18,35,0,11,24,35,0
2023-24,Andhra Pradesh,Annamayya,Ramasamudram,Moogavadi,0,30,0,18,5,7,11,1,20,20,12,0,23,7,0,0,26,1,27,18,18,22,13,36,1,19,15,32,5
2023-24,Andhra Pradesh,Annamayya,Ramasamudram,Kudurucheemanapalle,0,28,2,11,11,9,10,0,22,26,6,2,23,5,0,0,24,4,23,29,2,31,1,32,0,16,16,31,0
2023-24,Andhra Pradesh,Annamayya,Ramasamudram,Malenatham,0,24,0,13,6,5,11,0,13,16,9,0,19,5,0,1,17,8,14,24,1,9,16,25,0,7,18,25,0
2023-24,Andhra Pradesh,Y.S.R.,Rayachoty,Chennamukkapalle (Ct),0,6,0,4,1,1,4,1,1,1,5,0,4,2,0,0,6,2,4,4,2,5,1,6,0,2,4,5,1
2023-24,Andhra Pradesh,Y.S.R.,Rayachoty,Dullavaripalle,0,7,0,7,0,0,3,0,4,1,6,0,3,4,0,0,7,0,7,4,3,5,2,7,0,2,5,5,2
2023-24,Andhra Pradesh,Annamayya,Rayachoty,Botlacheruvu,0,15,3,17,1,0,4,1,13,2,16,0,9,9,1,0,17,0,18,5,13,3,15,18,0,16,2,12,6
2023-24,Andhra Pradesh,Annamayya,Rayachoty,Gorlamudiveedu,0,2,0,0,1,1,2,0,0,1,1,0,1,1,0,0,2,0,2,0,2,2,0,2,0,0,2,2,0
2023-24,Andhra Pradesh,Annamayya,Rayachoty,Yerranagupalle,0,8,0,5,1,2,3,0,5,0,8,2,6,0,0,0,8,0,8,1,7,0,8,8,0,3,5,5,3
2023-24,Andhra Pradesh,Annamayya,Rayachoty,Madhavaram,0,9,0,7,1,1,6,0,3,2,7,0,7,2,0,0,9,0,9,2,7,5,4,9,0,6,3,8,1
2023-24,Andhra Pradesh,Annamayya,Rayachoty,Rayachoti,0,4,0,3,0,1,3,0,1,0,4,0,4,0,1,0,3,0,4,2,2,2,2,4,0,2,2,4,0
2023-24,Andhra Pradesh,Annamayya,Rayachoty,Sibyala,0,3,2,1,1,3,3,0,2,0,5,0,4,1,0,0,5,0,5,5,0,5,0,5,0,4,1,5,0
2023-24,Andhra Pradesh,Annamayya,Rayachoty,Pemmadapalle,0,2,0,2,0,0,2,0,0,0,2,0,2,0,0,0,2,0,2,2,0,2,0,2,0,0,2,2,0
2023-24,Andhra Pradesh,Annamayya,Rayachoty,Indukurupalle,0,1,0,0,0,1,0,0,1,0,1,0,1,0,0,0,1,0,1,1,0,0,1,1,0,1,0,1,0
2023-24,Andhra Pradesh,Annamayya,Rayachoty,Abbavaram,0,2,0,1,0,1,2,0,0,1,1,0,1,1,0,0,2,0,2,2,0,2,0,2,0,0,2,2,0
2023-24,Andhra Pradesh,Annamayya,Rayachoty,Masapet (R),0,15,0,15,0,0,8,0,7,2,13,1,10,4,1,0,14,0,15,11,4,4,11,15,0,9,6,8,7
2023-24,Andhra Pradesh,Annamayya,Rayachoty,Katimayakunta,0,26,0,25,0,1,8,4,14,7,19,2,14,10,4,1,20,0,26,12,14,4,22,26,0,12,14,18,8
2023-24,Andhra Pradesh,Annamayya,Rayachoty,Guntimadugu,0,4,0,3,0,1,2,0,2,1,3,0,3,1,0,0,4,0,4,2,2,2,2,4,0,1,2,2,2
2023-24,Andhra Pradesh,Annamayya,Sambepalle,Guttapalle,0,17,1,6,9,3,10,2,6,16,2,0,14,4,0,0,18,0,18,18,0,18,0,18,0,11,7,16,2
2023-24,Andhra Pradesh,Annamayya,Sambepalle,Devapatla,0,56,6,20,20,22,9,8,45,54,8,0,62,0,0,0,61,1,61,56,6,49,13,59,3,45,17,55,7
2023-24,Andhra Pradesh,Annamayya,Sambepalle,Gunnikuntla,1,44,5,24,14,12,9,7,34,45,5,0,49,0,0,0,48,1,47,41,10,46,5,50,1,21,30,50,1
2023-24,Andhra Pradesh,Annamayya,Sambepalle,Sambepalle,0,18,0,4,6,8,6,4,8,4,14,0,13,5,0,0,18,0,18,17,1,17,1,18,0,8,10,18,0
2023-24,Andhra Pradesh,Annamayya,Sambepalle,Guriginjakunta,0,23,3,3,10,13,2,0,24,19,7,0,26,0,0,0,26,0,26,24,2,26,0,26,0,14,12,25,1
2023-24,Andhra Pradesh,Annamayya,Sambepalle,Dudyala,1,37,0,18,8,12,17,0,21,33,5,0,19,19,0,0,38,1,37,37,1,37,1,37,1,17,21,35,3
2023-24,Andhra Pradesh,Annamayya,Sambepalle,Routhukunta,0,28,3,8,14,9,4,3,24,22,9,0,30,1,0,1,30,0,31,27,4,31,0,30,1,18,13,31,0
2023-24,Andhra Pradesh,Annamayya,Sambepalle,Settipalle,0,37,1,21,5,12,17,1,20,28,10,0,22,16,0,0,38,0,38,37,1,25,12,37,1,27,11,38,0
2023-24,Andhra Pradesh,Annamayya,Sambepalle,Motakatla,1,42,3,24,11,14,6,10,33,43,6,1,35,9,6,0,38,0,44,35,14,34,15,49,0,28,21,47,2
2023-24,Andhra Pradesh,Annamayya,Sambepalle,Narayanareddipalle,0,45,7,32,7,13,5,8,39,43,9,0,51,1,0,0,52,1,51,38,14,37,15,52,0,27,25,52,0
2023-24,Andhra Pradesh,Annamayya,T.Sundupalle,Mudampadu,0,22,0,11,6,5,13,1,8,1,21,0,13,9,0,0,20,0,22,12,10,20,2,22,0,12,10,21,1
2023-24,Andhra Pradesh,Annamayya,T.Sundupalle,Peddinenikalva,0,25,0,10,8,7,18,0,7,2,23,1,19,4,0,0,22,0,24,13,12,14,11,25,0,10,15,18,7
2023-24,Andhra Pradesh,Annamayya,T.Sundupalle,Rayavaram,0,6,0,3,1,2,5,0,1,0,6,0,6,0,0,0,6,0,6,4,2,3,3,6,0,4,2,6,0
2023-24,Andhra Pradesh,Annamayya,T.Sundupalle,Akkampalle,1,14,0,7,4,4,11,0,4,2,13,0,12,3,0,0,15,0,15,13,2,8,7,15,0,8,7,14,1
2023-24,Andhra Pradesh,Annamayya,T.Sundupalle,Gundlapalle,0,63,3,52,5,8,57,0,9,6,60,1,60,5,2,0,64,0,66,27,39,14,52,65,0,35,31,53,13
2023-24,Andhra Pradesh,Annamayya,T.Sundupalle,Reddivaripalle,0,19,0,17,1,5,18,0,8,8,17,0,14,3,0,0,17,0,17,27,2,22,7,26,3,11,17,29,0
2023-24,Andhra Pradesh,Annamayya,T.Sundupalle,Yerramanenipalem,0,15,0,9,3,4,14,0,3,0,18,1,11,2,0,0,11,0,14,10,8,12,6,18,0,7,11,17,1
2023-24,Andhra Pradesh,Annamayya,T.Sundupalle,T Sundupalle,0,44,0,27,8,9,32,0,12,1,42,1,37,6,0,0,43,0,43,24,20,32,12,44,0,23,21,43,1
2023-24,Andhra Pradesh,Annamayya,T.Sundupalle,Polimerapalle,1,55,2,19,24,15,38,1,19,4,55,0,38,20,0,0,57,0,57,29,31,33,26,60,0,28,31,46,14
2023-24,Andhra Pradesh,Annamayya,T.Sundupalle,Madithadu,1,52,2,28,14,13,36,1,19,1,55,0,43,9,0,0,52,0,52,36,21,30,27,57,0,35,22,55,2
2023-24,Andhra Pradesh,Annamayya,T.Sundupalle,Thimmasamudram,0,7,0,0,2,4,3,0,4,2,4,0,6,1,0,0,7,0,7,4,3,6,1,6,1,5,2,6,1
2023-24,Andhra Pradesh,Annamayya,T.Sundupalle,Bhagampalle,0,27,1,11,6,11,22,0,6,0,28,1,22,5,0,0,28,0,28,10,18,16,12,28,0,15,13,27,1
2023-24,Andhra Pradesh,Annamayya,Thamballapalle,Kotakonda,0,43,1,36,3,5,42,0,2,13,31,0,44,0,1,0,43,1,43,21,23,17,27,43,0,24,20,39,5
2023-24,Andhra Pradesh,Annamayya,Thamballapalle,Renimakulapalle,1,37,2,25,4,11,38,0,2,10,30,0,40,0,0,0,40,0,40,24,16,21,19,40,0,17,23,40,0
2023-24,Andhra Pradesh,Annamayya,Thamballapalle,Kannemadugu,0,18,3,14,3,4,18,0,3,14,7,2,18,1,0,0,21,0,21,2,18,2,19,20,0,7,14,20,0
2023-24,Andhra Pradesh,Annamayya,Thamballapalle,Marrimakulapalle,2,33,3,22,3,13,29,1,8,13,25,2,32,4,0,15,23,15,23,9,29,13,25,35,1,8,30,35,3
2023-24,Andhra Pradesh,Annamayya,Thamballapalle,Eddulavaripalle,0,23,0,18,1,4,17,0,6,9,14,3,17,3,0,0,23,0,23,11,12,14,9,23,0,7,16,23,0
2023-24,Andhra Pradesh,Annamayya,Thamballapalle,Kotala,0,53,0,41,1,11,37,1,15,22,31,11,31,11,4,0,49,0,53,17,36,34,19,51,2,16,37,53,0
2023-24,Andhra Pradesh,Annamayya,Thamballapalle,Kukkarajupalle,0,36,5,28,2,11,33,0,8,16,25,0,40,0,0,0,40,0,40,22,19,16,25,38,2,18,23,41,0
2023-24,Andhra Pradesh,Annamayya,Thamballapalle,Kosuvaripalle,0,81,1,65,2,16,73,0,10,19,64,1,81,0,0,0,82,0,82,51,32,56,27,80,2,15,68,82,1
2023-24,Andhra Pradesh,Annamayya,Thamballapalle,Panchalamarri,0,11,0,10,0,1,8,0,3,10,1,1,10,0,0,0,10,0,11,3,8,8,3,10,0,7,4,11,0
2023-24,Andhra Pradesh,Annamayya,Thamballapalle,Yerrasanipalle,0,8,0,7,0,1,3,0,5,5,3,0,8,0,0,0,8,0,8,1,7,3,5,8,0,3,5,8,0
2023-24,Andhra Pradesh,Annamayya,Thamballapalle,Thamballapalle,0,80,2,66,3,14,74,0,9,24,59,3,78,1,4,2,73,0,80,61,27,32,54,84,1,43,42,81,7
2023-24,Andhra Pradesh,Annamayya,Thamballapalle,Gundlapalle,0,10,0,1,5,4,8,0,2,3,7,1,8,1,0,0,10,0,10,5,5,8,2,8,2,4,6,8,2
2023-24,Andhra Pradesh,Annamayya,Thamballapalle,Diguvapalem,0,47,1,34,7,7,24,1,23,25,23,1,43,4,0,0,48,0,48,3,45,22,26,47,1,22,26,47,1
2023-24,Andhra Pradesh,Annamayya,Thamballapalle,Kotlapalle,0,1,0,0,1,0,1,0,0,0,1,0,1,0,0,0,1,0,1,0,1,1,0,1,0,0,1,1,0
2023-24,Andhra Pradesh,Annamayya,Thamballapalle,Gopidinne,0,37,0,29,4,4,29,0,8,12,25,2,35,0,0,0,37,0,37,32,5,21,16,37,0,10,27,37,0
2023-24,Andhra Pradesh,Annamayya,Valmikipuram,Gandaboyanapalle,0,30,1,13,6,12,11,0,20,22,9,0,29,2,0,2,28,1,30,24,7,16,15,29,2,3,28,31,0
2023-24,Andhra Pradesh,Annamayya,Valmikipuram,Chintaparthi,0,54,3,26,11,20,21,0,36,38,19,1,49,7,1,10,45,0,57,42,15,49,8,52,5,17,40,55,2
2023-24,Andhra Pradesh,Annamayya,Valmikipuram,Aramadaka,0,10,0,4,2,4,3,0,7,7,3,0,10,0,0,3,7,0,10,8,2,7,3,9,1,0,10,7,3
2023-24,Andhra Pradesh,Annamayya,Valmikipuram,Vittalam,0,8,0,5,1,2,6,0,2,5,3,0,8,0,0,2,6,0,8,8,0,5,3,7,1,3,5,8,0
2023-24,Andhra Pradesh,Annamayya,Valmikipuram,Nagarimadugu,0,23,1,14,4,6,10,1,13,18,6,0,22,2,0,7,17,0,24,22,2,10,14,24,0,15,9,24,0
2023-24,Andhra Pradesh,Annamayya,Valmikipuram,Chinthalavaripalle,0,22,0,13,3,6,4,0,18,18,4,0,22,0,0,15,7,0,22,19,3,19,3,21,1,4,18,22,0
2023-24,Andhra Pradesh,Annamayya,Valmikipuram,Kuraparthi,0,18,1,10,2,7,7,1,11,12,7,1,15,3,0,11,8,0,19,17,2,12,7,18,1,4,15,19,0
2023-24,Andhra Pradesh,Annamayya,Valmikipuram,Valmikipuram,0,79,1,43,8,29,38,0,42,51,29,2,66,12,0,15,65,0,80,68,12,52,28,75,5,35,45,78,2
2023-24,Andhra Pradesh,Annamayya,Valmikipuram,Jarravaripalle,1,29,0,11,0,19,19,0,11,16,14,0,29,1,0,13,17,0,30,23,7,18,12,30,0,15,15,30,0
2023-24,Andhra Pradesh,Annamayya,Valmikipuram,Manchuru,0,29,0,13,5,11,10,0,19,15,14,0,23,6,0,7,22,0,29,21,8,23,6,27,1,19,10,29,0
2023-24,Andhra Pradesh,Annamayya,Valmikipuram,Thatiguntapalle,0,34,0,21,3,10,12,1,21,19,15,1,29,4,0,8,26,1,33,29,5,25,9,33,1,17,17,33,1
2023-24,Andhra Pradesh,Annamayya,Valmikipuram,T.Sakirevupalle,0,23,0,15,3,5,14,0,9,13,10,0,21,2,0,6,17,0,23,20,3,19,4,23,0,4,19,23,0
2023-24,Andhra Pradesh,Annamayya,Valmikipuram,Budidavedu,0,5,0,2,1,2,2,0,3,4,1,0,4,1,0,1,4,0,5,3,2,5,0,5,0,1,4,5,0
2023-24,Andhra Pradesh,Annamayya,Veeraballi,Vongimalla,1,59,9,17,20,32,21,1,47,46,23,4,42,23,22,0,47,0,69,41,28,30,39,66,2,26,43,67,2
2023-24,Andhra Pradesh,Annamayya,Veeraballi,Yadaballe,0,2,0,2,0,0,0,0,2,1,1,0,2,0,0,0,2,0,2,0,2,2,0,2,0,1,1,2,0
2023-24,Andhra Pradesh,Annamayya,Veeraballi,Gadikota,0,17,1,11,2,5,10,1,7,9,9,0,17,1,3,0,15,0,18,13,5,14,4,16,1,10,8,17,1
2023-24,Andhra Pradesh,Annamayya,Veeraballi,Veeraballe,0,47,1,13,16,19,14,0,34,30,18,4,29,15,10,0,38,1,47,25,23,22,26,46,1,27,21,48,0
2023-24,Andhra Pradesh,Annamayya,Veeraballi,Somavaram,0,52,0,13,15,24,21,1,30,36,16,3,24,25,17,0,35,0,52,35,17,41,11,52,0,37,15,50,2
2023-24,Andhra Pradesh,Annamayya,Veeraballi,Peddiveedu,0,16,0,9,3,4,8,0,8,12,4,0,13,3,4,0,12,0,16,8,8,10,6,16,0,6,10,16,0
2023-24,Andhra Pradesh,Annamayya,Veeraballi,Sanipaya,0,25,1,14,4,8,7,1,18,16,10,0,23,3,10,0,16,0,26,10,16,17,9,26,0,10,16,26,0
2023-24,Andhra Pradesh,Annamayya,Veeraballi,Matli,0,53,2,26,11,18,19,1,35,44,11,0,48,7,11,0,44,0,55,29,26,33,22,55,0,27,28,55,0
2023-24,Andhra Pradesh,Annamayya,Veeraballi,Odiveedu,0,19,0,7,5,7,7,0,12,13,6,1,11,7,4,0,15,0,19,11,8,11,8,18,1,10,9,19,0
2023-24,Andhra Pradesh,Bapatla,Addanki,Addanki (South) (U),0,29,3,0,26,6,30,0,2,20,12,0,30,2,0,0,32,0,32,5,27,24,8,29,3,32,0,20,12
2023-24,Andhra Pradesh,Bapatla,Addanki,Dhenuva Konda,0,17,1,4,8,6,18,0,0,13,5,0,17,1,0,0,18,1,17,4,14,16,2,10,8,18,0,16,2
2023-24,Andhra Pradesh,Bapatla,Addanki,Modepalle,0,13,1,0,12,2,14,0,0,10,4,0,14,0,2,0,12,0,14,1,13,9,5,14,0,14,0,11,3
2023-24,Andhra Pradesh,Bapatla,Addanki,Kunkupadu,0,8,0,0,8,0,1,0,7,3,5,0,8,0,0,0,8,0,8,0,8,1,7,8,0,3,5,0,8
2023-24,Andhra Pradesh,Bapatla,Addanki,Addanki (North) (U),0,31,0,1,24,6,30,0,1,18,13,0,30,1,0,0,31,2,29,9,22,29,2,29,2,29,2,28,3
2023-24,Andhra Pradesh,Bapatla,Addanki,Bommanampadu,0,20,1,0,14,7,21,0,0,12,9,0,21,0,1,0,20,0,21,7,14,19,2,20,1,13,8,20,1
2023-24,Andhra Pradesh,Bapatla,Addanki,Chakraya Palem,0,8,0,0,6,2,8,0,0,6,2,0,8,0,0,0,8,0,8,6,2,6,2,6,2,6,2,8,0
2023-24,Andhra Pradesh,Bapatla,Addanki,Chinakotha Palle,0,13,0,0,12,1,12,0,1,7,6,0,12,1,0,0,13,2,11,3,10,11,2,9,4,12,1,12,1
2023-24,Andhra Pradesh,Bapatla,Addanki,Mani Keswaram,0,12,1,0,12,1,13,0,0,9,4,0,13,0,1,0,12,1,12,5,8,7,6,13,0,13,0,9,4
2023-24,Andhra Pradesh,Bapatla,Addanki,Kotikalapudi,0,17,0,1,13,3,10,0,7,15,2,0,17,0,0,0,17,1,16,4,13,10,7,16,1,13,4,12,5
2023-24,Andhra Pradesh,Bapatla,Addanki,Ramayapalem (U),0,12,0,0,11,1,12,0,0,4,8,0,11,1,4,0,8,0,12,3,9,10,2,11,1,12,0,4,8
2023-24,Andhra Pradesh,Bapatla,Addanki,Gopalapuram,0,3,0,0,2,1,3,0,0,1,2,0,3,0,0,0,3,1,2,3,0,3,0,3,0,2,1,3,0
2023-24,Andhra Pradesh,Bapatla,Addanki,Kalavakuru,0,18,3,1,16,4,21,0,0,11,10,0,21,0,2,0,19,1,20,5,16,14,7,20,1,20,1,20,1
2023-24,Andhra Pradesh,Bapatla,Addanki,Dharmavaram,0,36,0,0,28,8,36,0,0,23,13,1,35,0,0,0,36,1,35,13,23,27,9,35,1,34,2,24,12
2023-24,Andhra Pradesh,Bapatla,Addanki,Vemparala,0,19,1,0,17,3,17,0,3,12,8,0,19,1,0,0,20,0,20,9,11,17,3,19,1,15,5,9,11
2023-24,Andhra Pradesh,Bapatla,Addanki,Uppalapadu,0,24,0,0,24,0,20,0,4,14,10,0,24,0,3,0,21,1,23,10,14,20,4,22,2,17,7,10,14
2023-24,Andhra Pradesh,Bapatla,Amruthalur,Thurumella,0,35,1,0,24,12,16,0,20,30,6,1,33,2,0,0,36,6,30,14,22,17,19,36,0,13,23,28,8
2023-24,Andhra Pradesh,Bapatla,Amruthalur,Pyaparru,0,52,1,0,46,7,27,0,26,44,9,1,48,4,0,0,53,3,50,16,37,20,33,52,1,27,26,47,6
2023-24,Andhra Pradesh,Bapatla,Amruthalur,Govada,0,63,15,0,34,44,69,0,9,50,28,0,62,16,0,0,78,23,55,24,54,56,22,78,0,66,12,66,12
2023-24,Andhra Pradesh,Bapatla,Amruthalur,Panchalavaram,0,52,0,0,18,34,46,0,6,50,2,0,49,3,0,0,52,5,47,20,32,43,9,52,0,46,6,52,0
2023-24,Andhra Pradesh,Bapatla,Amruthalur,Mulpur,0,57,0,0,16,41,53,0,4,40,17,0,57,0,0,0,57,3,54,6,51,50,7,57,0,50,7,56,1
2023-24,Andhra Pradesh,Bapatla,Amruthalur,Moparru,0,41,0,0,27,14,28,0,13,33,8,0,40,1,0,0,41,0,41,3,38,36,5,41,0,36,5,39,2
2023-24,Andhra Pradesh,Bapatla,Amruthalur,Koditadiparru,0,38,0,0,34,4,17,0,21,25,13,0,38,0,0,0,38,0,38,12,26,21,17,38,0,21,17,32,6
2023-24,Andhra Pradesh,Bapatla,Amruthalur,Peddapudi,0,41,0,1,36,4,30,0,11,35,6,0,41,0,0,0,41,4,37,33,8,15,26,41,0,11,30,40,1
2023-24,Andhra Pradesh,Bapatla,Amruthalur,Kuchipudi,0,56,0,0,18,38,46,0,10,50,6,0,56,0,0,0,56,1,55,15,41,45,11,56,0,49,7,54,2
2023-24,Andhra Pradesh,Bapatla,Amruthalur,Amruthalur,0,71,35,0,88,18,98,0,8,85,21,1,67,38,0,0,106,14,92,43,63,59,47,106,0,79,27,93,13
2023-24,Andhra Pradesh,Bapatla,Amruthalur,Yelavarru,0,69,2,0,67,4,57,0,14,54,17,0,70,1,0,0,71,15,56,48,23,30,41,71,0,35,36,50,21
2023-24,Andhra Pradesh,Bapatla,Amruthalur,Intur,1,86,14,1,94,6,92,0,9,85,16,3,90,8,0,0,101,13,88,16,85,78,23,101,0,87,14,32,69
2023-24,Andhra Pradesh,Bapatla,Ballikurava,Sankaralingam Gudipadu,0,15,0,0,15,0,10,0,5,7,8,0,15,0,0,0,15,2,13,5,10,3,12,12,3,11,4,5,10
2023-24,Andhra Pradesh,Bapatla,Ballikurava,Kukatla Palle,0,15,0,0,14,1,13,0,2,9,6,0,15,0,1,0,14,0,15,1,14,7,8,15,0,15,0,2,13
2023-24,Andhra Pradesh,Bapatla,Ballikurava,Gorre Padu,0,30,0,0,29,1,18,0,12,21,9,0,30,0,0,0,30,0,30,0,30,12,18,29,1,30,0,3,27
2023-24,Andhra Pradesh,Bapatla,Ballikurava,Koppera Padu,0,16,0,0,16,0,13,0,3,13,3,0,16,0,0,0,16,1,15,15,1,2,14,13,3,16,0,16,0
2023-24,Andhra Pradesh,Bapatla,Ballikurava,Valla Palle,0,29,0,0,29,0,27,0,2,22,7,0,29,0,1,0,28,0,29,29,0,6,23,20,9,20,9,29,0
2023-24,Andhra Pradesh,Bapatla,Ballikurava,Mukteswaram,0,14,0,0,13,1,4,1,9,11,3,0,14,0,0,0,14,0,14,1,13,1,13,9,5,11,3,13,1
2023-24,Andhra Pradesh,Bapatla,Ballikurava,Guntupalle,0,29,0,0,28,1,19,1,9,23,6,0,29,0,1,0,28,1,28,19,10,10,19,22,7,23,6,29,0
2023-24,Andhra Pradesh,Bapatla,Ballikurava,Uppumaguluru,0,29,1,0,29,1,30,0,0,18,12,0,30,0,2,0,28,2,28,3,25,8,20,27,3,26,4,28,2
2023-24,Andhra Pradesh,Bapatla,Ballikurava,Konidena,0,32,0,0,32,0,29,0,3,14,18,0,32,0,0,0,32,3,29,1,31,8,24,24,8,26,6,32,0
2023-24,Andhra Pradesh,Bapatla,Ballikurava,Koppera Palem,0,14,0,0,12,2,13,0,1,10,4,0,14,0,0,0,14,0,14,1,13,3,11,14,0,14,0,14,0
2023-24,Andhra Pradesh,Bapatla,Ballikurava,Vaidana,0,15,0,0,15,0,15,0,0,15,0,0,15,0,0,0,15,0,15,15,0,1,14,9,6,13,2,14,1
2023-24,Andhra Pradesh,Bapatla,Ballikurava,Chennupalle,0,16,0,0,16,0,16,0,0,5,11,0,16,0,1,0,15,0,16,1,15,8,8,14,2,13,3,16,0
2023-24,Andhra Pradesh,Bapatla,Ballikurava,Vemavaram,0,50,5,0,46,8,46,0,9,33,22,1,42,12,3,0,52,5,50,0,54,15,38,34,14,52,3,54,1
2023-24,Andhra Pradesh,Bapatla,Ballikurava,Ballikurava,0,30,0,0,30,0,24,0,6,16,14,0,30,0,3,0,27,1,29,4,26,4,26,24,6,20,10,30,0
2023-24,Andhra Pradesh,Bapatla,Bapatla,Gopapuram,0,1,3,0,2,2,4,0,0,4,0,3,1,0,0,2,2,0,4,0,4,2,2,3,1,4,0,4,0
2023-24,Andhra Pradesh,Bapatla,Bapatla,Gudipudi,0,9,1,0,9,1,5,0,5,6,4,0,9,1,0,0,10,1,9,0,10,8,2,10,0,8,2,1,9
2023-24,Andhra Pradesh,Bapatla,Bapatla,Jammulapalem,1,9,23,0,31,2,27,0,6,19,14,1,3,29,0,0,33,4,29,30,3,16,17,33,0,20,13,29,4
2023-24,Andhra Pradesh,Bapatla,Bapatla,Palaparthipadu,0,2,5,0,7,0,4,0,3,4,3,0,7,0,0,0,7,0,7,1,6,7,0,7,0,5,2,6,1
2023-24,Andhra Pradesh,Bapatla,Bapatla,Kankatapalem,0,38,0,0,37,1,29,0,9,30,8,0,38,0,1,0,37,19,19,2,36,20,18,38,0,33,5,5,33
2023-24,Andhra Pradesh,Bapatla,Bapatla,Etheru,0,11,25,0,31,5,34,0,2,28,8,0,31,5,0,0,36,4,32,27,9,15,21,36,0,28,8,29,7
2023-24,Andhra Pradesh,Bapatla,Bapatla,Narasayapalem,0,32,1,0,26,7,25,0,8,27,6,0,33,0,0,0,33,0,33,0,33,10,23,33,0,32,1,0,33
2023-24,Andhra Pradesh,Bapatla,Bapatla,Neredupalle,0,8,1,0,8,1,5,0,4,5,4,0,4,5,0,0,9,1,8,0,9,4,5,9,0,7,2,0,9
2023-24,Andhra Pradesh,Bapatla,Bapatla,Mulapalem,0,6,12,0,17,1,9,0,9,13,5,0,18,0,0,0,18,4,14,1,17,3,15,18,0,17,1,0,18
2023-24,Andhra Pradesh,Bapatla,Bapatla,Murukondapadu,0,63,0,0,60,3,61,0,2,56,7,0,63,0,0,0,63,19,44,58,5,45,18,62,1,55,8,54,9
2023-24,Andhra Pradesh,Bapatla,Bapatla,Jillellamudi,0,2,14,0,16,0,15,0,1,13,3,1,14,1,0,0,16,3,13,0,16,4,12,16,0,13,3,2,14
2023-24,Andhra Pradesh,Bapatla,Bapatla,Bharthipudi,0,6,1,0,6,1,4,0,3,7,0,0,1,6,0,0,7,1,6,2,5,7,0,7,0,6,1,4,3
2023-24,Andhra Pradesh,Bapatla,Bapatla,Maruproluvaripalem (R),0,84,3,1,52,34,32,18,37,68,19,0,83,4,3,0,84,10,77,46,41,37,49,71,16,54,33,44,42
2023-24,Andhra Pradesh,Bapatla,Bapatla,Cheruvu,0,35,0,0,34,1,35,0,0,31,4,0,35,0,0,0,35,28,7,1,34,1,31,35,0,29,6,34,1
2023-24,Andhra Pradesh,Bapatla,Bapatla,Appikatla,0,34,0,0,16,18,13,0,21,26,8,0,34,0,0,0,34,29,5,0,34,24,10,34,0,32,2,0,34
2023-24,Andhra Pradesh,Bapatla,Bapatla,Bapatla East (R),0,93,3,0,76,20,7,49,40,66,30,0,95,1,0,0,96,14,82,51,45,67,27,94,2,67,29,60,36
2023-24,Andhra Pradesh,Bapatla,Bapatla,Bapatla West (R),0,64,0,2,56,6,32,14,18,56,8,0,61,3,0,0,64,10,54,8,56,24,40,64,0,19,45,30,33
2023-24,Andhra Pradesh,Bapatla,Bapatla,Poondla,0,10,18,0,13,15,24,0,4,28,0,12,7,9,0,3,25,9,19,0,28,4,24,26,2,25,3,21,7
2023-24,Andhra Pradesh,Bapatla,Bapatla,Adivi,0,55,1,0,47,9,16,14,26,43,13,1,54,1,0,0,56,11,45,47,9,36,20,54,2,54,2,33,22
2023-24,Andhra Pradesh,Bapatla,Bhattiprolu,Pesarlanka,0,1,0,0,1,0,0,0,1,1,0,0,1,0,0,0,1,0,1,1,0,1,0,1,0,1,0,1,0
2023-24,Andhra Pradesh,Bapatla,Bhattiprolu,Surepalle,0,51,0,0,45,5,48,0,3,46,5,0,50,1,0,0,51,51,0,33,18,34,17,50,1,46,5,9,42
2023-24,Andhra Pradesh,Bapatla,Bhattiprolu,Pedapulivarru,0,52,0,0,51,1,37,1,14,44,8,0,50,2,0,0,52,6,46,26,26,18,32,52,0,51,1,46,6
2023-24,Andhra Pradesh,Bapatla,Bhattiprolu,Pedalanka,0,1,1,0,1,1,2,0,0,1,1,0,1,1,0,0,2,2,0,0,2,0,2,2,0,2,0,2,0
2023-24,Andhra Pradesh,Bapatla,Bhattiprolu,Oleru,0,53,1,0,54,0,54,0,0,46,8,0,52,2,0,0,54,4,50,3,51,12,41,54,0,52,2,50,4
2023-24,Andhra Pradesh,Bapatla,Bhattiprolu,Konetipuram,0,52,0,0,48,4,48,0,4,51,1,1,48,3,0,0,52,1,51,15,37,10,42,51,1,45,7,41,11
2023-24,Andhra Pradesh,Bapatla,Bhattiprolu,Bhattiprolu,0,112,0,0,109,2,86,0,26,97,15,6,106,0,0,0,112,41,71,7,105,30,82,110,2,63,49,5,107
2023-24,Andhra Pradesh,Bapatla,Bhattiprolu,Pallekona,0,41,0,0,39,2,31,0,10,38,3,0,41,0,0,0,41,17,24,2,39,10,31,41,0,28,13,2,39
2023-24,Andhra Pradesh,Bapatla,Bhattiprolu,Gorigapudi,0,49,1,0,48,2,48,0,2,44,6,1,49,0,0,0,50,0,50,50,0,35,15,34,16,44,6,25,25
2023-24,Andhra Pradesh,Bapatla,Bhattiprolu,Vellaturu,0,54,1,0,54,1,45,0,10,44,11,0,55,0,0,0,55,2,53,22,33,23,32,55,0,51,4,35,20
2023-24,Andhra Pradesh,Bapatla,Bhattiprolu,Addepalli,0,101,0,1,81,19,70,0,31,94,7,0,98,3,0,0,101,29,72,19,82,59,42,99,2,63,38,74,27
2023-24,Andhra Pradesh,Bapatla,Cherukupalle,Arumbaka,0,193,42,1,171,62,131,3,101,196,39,0,169,66,0,0,235,2,233,189,46,84,150,234,1,172,63,223,12
2023-24,Andhra Pradesh,Bapatla,Cherukupalle,Gudavalli,0,9,3,1,11,0,10,0,2,12,0,0,8,4,0,0,12,0,12,1,11,10,2,12,0,5,7,12,0
2023-24,Andhra Pradesh,Bapatla,Cherukupalle,Nadimpalle,0,50,1,1,32,18,31,1,19,39,12,0,50,1,0,2,49,11,40,42,9,30,21,49,2,42,9,38,13
2023-24,Andhra Pradesh,Bapatla,Cherukupalle,Kanagala,0,3,1,0,4,0,4,0,0,3,1,0,3,1,0,0,4,1,3,2,1,1,3,4,0,4,0,4,0
2023-24,Andhra Pradesh,Bapatla,Cherukupalle,Rajavolu,0,53,8,0,34,27,24,1,36,41,20,0,54,7,0,2,59,3,58,50,11,55,5,58,3,46,15,54,7
2023-24,Andhra Pradesh,Bapatla,Cherukupalle,Rambhotlapalem,0,120,5,0,93,32,81,0,44,87,38,0,115,10,0,1,124,3,122,104,21,75,49,104,21,104,21,100,25
2023-24,Andhra Pradesh,Bapatla,Cherukupalle,Arepalle,0,48,5,0,47,6,31,0,22,47,6,0,46,7,0,8,45,6,47,50,3,49,4,53,0,38,15,42,11
2023-24,Andhra Pradesh,Bapatla,Cherukupalle,Ponnapalle,0,59,8,0,53,13,41,0,26,55,12,0,56,11,1,0,66,4,63,59,8,16,51,67,0,55,12,47,20
2023-24,Andhra Pradesh,Bapatla,Cherukupalle,Balusulapalem,0,55,2,0,27,29,42,1,14,39,18,0,55,2,0,0,57,0,57,53,4,39,18,53,4,48,9,52,5
2023-24,Andhra Pradesh,Bapatla,Cherukupalle,Kavuru,0,66,1,0,44,23,55,0,12,52,15,0,63,4,0,0,67,0,67,53,14,39,27,58,9,48,19,55,12
2023-24,Andhra Pradesh,Bapatla,Chinaganjam,Chinaganjam,0,48,0,4,27,17,27,11,10,26,22,0,48,0,0,0,48,1,47,0,46,30,18,34,11,37,11,34,8
2023-24,Andhra Pradesh,Bapatla,Chinaganjam,Santharavuru,0,24,0,1,21,2,23,0,1,20,4,0,24,0,0,0,24,4,20,7,17,1,23,24,0,7,17,23,1
2023-24,Andhra Pradesh,Bapatla,Chinaganjam,Pedaganjam,0,13,0,1,7,5,6,1,6,6,7,0,13,0,0,0,13,2,11,2,11,9,4,6,6,8,5,11,2
2023-24,Andhra Pradesh,Bapatla,Chinaganjam,Kadavakuduru,0,23,0,0,9,14,12,0,11,5,18,0,23,0,0,0,23,1,22,0,23,19,4,16,6,19,4,19,4
2023-24,Andhra Pradesh,Bapatla,Chinaganjam,Gonasapudi,0,9,0,0,5,4,9,0,0,4,5,0,9,0,0,0,9,0,9,0,9,3,6,7,2,4,5,7,2
2023-24,Andhra Pradesh,Bapatla,Chinaganjam,Motu Palle,0,14,0,1,3,10,4,0,10,11,3,0,14,0,0,0,14,0,14,1,13,8,6,14,0,6,8,5,9
2023-24,Andhra Pradesh,Bapatla,Chirala,Chirala (Ct),0,19,1,0,9,11,7,2,11,15,5,0,20,0,2,0,18,7,13,12,7,5,14,19,1,17,3,13,7
2023-24,Andhra Pradesh,Bapatla,Chirala,Wada,0,2,0,0,1,1,2,0,0,2,0,0,1,1,0,0,2,1,1,1,1,1,1,2,0,2,0,2,0
2023-24,Andhra Pradesh,Bapatla,Chirala,Perala,0,2,0,0,2,0,2,0,0,2,0,0,2,0,0,0,2,1,1,2,0,0,2,2,0,2,0,2,0
2023-24,Andhra Pradesh,Bapatla,Chirala,Gavinivari Palem,0,75,0,15,7,53,11,15,49,45,30,0,74,1,2,0,73,2,73,46,29,27,48,63,12,42,33,31,44
2023-24,Andhra Pradesh,Bapatla,Chirala,Ipuru Palem (Part),0,46,0,5,10,31,14,4,28,26,19,0,45,1,8,0,38,7,39,31,13,21,25,32,14,24,22,21,25
2023-24,Andhra Pradesh,Bapatla,Inkollu,Pavulur,0,29,0,0,26,2,29,0,0,25,4,0,29,0,0,0,29,0,29,0,29,9,20,29,0,25,4,22,4
2023-24,Andhra Pradesh,Bapatla,Inkollu,Inkollu,0,71,0,0,69,1,57,7,7,69,2,0,70,1,0,0,71,2,69,7,64,35,35,71,0,53,18,60,9
2023-24,Andhra Pradesh,Bapatla,Inkollu,Idupulapadu,0,34,0,0,32,1,22,2,10,28,6,0,34,0,0,0,34,1,33,0,34,5,29,33,1,14,20,30,4
2023-24,Andhra Pradesh,Bapatla,Inkollu,Bhimavaram,0,16,0,0,15,1,16,0,0,15,1,0,16,0,0,0,16,0,16,0,16,0,16,16,0,11,5,14,2
2023-24,Andhra Pradesh,Bapatla,Inkollu,Koniki,0,20,0,0,19,1,11,1,8,20,0,0,20,0,0,0,20,0,20,3,17,0,20,20,0,10,10,18,1
2023-24,Andhra Pradesh,Bapatla,Inkollu,Ganga Varam,0,16,0,0,15,1,12,0,4,13,3,0,16,0,0,0,16,0,16,0,16,1,15,16,0,3,13,12,2
2023-24,Andhra Pradesh,Bapatla,Inkollu,Duddukur,0,20,0,0,20,0,20,0,0,20,0,0,20,0,0,0,20,0,20,0,20,9,11,20,0,11,9,18,0
2023-24,Andhra Pradesh,Bapatla,Inkollu,Pusapadu,0,30,0,0,29,1,21,1,8,20,10,0,30,0,0,0,30,4,26,0,30,1,29,30,0,20,10,29,1
2023-24,Andhra Pradesh,Bapatla,Inkollu,Nagandla,0,18,0,0,16,2,7,6,5,15,3,0,18,0,1,0,17,2,16,6,12,10,8,18,0,15,3,16,2
2023-24,Andhra Pradesh,Bapatla,Janakavaram Ponguluru,Alavalapadu,0,19,2,0,18,3,11,0,10,14,7,0,21,0,1,0,20,0,21,0,21,7,14,10,11,7,14,18,3
2023-24,Andhra Pradesh,Bapatla,Janakavaram Ponguluru,Budavada,0,21,0,0,20,1,16,0,5,13,8,0,17,4,0,0,21,1,20,0,21,5,16,21,0,17,4,0,21
2023-24,Andhra Pradesh,Bapatla,Janakavaram Ponguluru,Reningavaram,0,12,0,0,12,0,6,0,6,3,9,0,11,1,0,0,12,0,12,0,12,0,12,10,2,4,8,3,9
2023-24,Andhra Pradesh,Bapatla,Janakavaram Ponguluru,Thurpu Thakkella Padu,0,5,0,0,3,2,5,0,0,4,1,0,5,0,0,0,5,0,5,1,4,3,2,5,0,0,5,0,5
2023-24,Andhra Pradesh,Bapatla,Janakavaram Ponguluru,Kasyapuram,0,8,0,0,8,0,7,0,1,4,4,0,7,1,0,0,8,0,8,0,8,1,7,7,1,0,8,6,2
2023-24,Andhra Pradesh,Bapatla,Janakavaram Ponguluru,Bytamanjulur,0,17,1,0,18,0,15,0,3,6,12,0,17,1,0,0,18,0,18,1,17,8,10,17,1,0,18,3,15
2023-24,Andhra Pradesh,Bapatla,Janakavaram Ponguluru,Muppavaram,0,1,0,0,1,0,1,0,0,1,0,0,1,0,0,0,1,0,1,0,1,1,0,1,0,0,1,1,0
2023-24,Andhra Pradesh,Bapatla,Janakavaram Ponguluru,Thurpu Koppera Padu,0,16,1,0,11,6,15,0,2,9,8,0,16,1,0,0,17,0,17,7,10,7,10,16,1,6,11,11,6
2023-24,Andhra Pradesh,Bapatla,Janakavaram Ponguluru,Konda Manjulur,0,21,4,1,20,4,19,0,6,18,7,0,22,3,0,0,25,1,24,8,17,10,15,23,2,11,14,5,20
2023-24,Andhra Pradesh,Bapatla,Janakavaram Ponguluru,Chandalur,0,15,9,0,20,4,16,0,8,18,6,0,24,0,0,0,24,0,24,1,23,9,15,12,12,19,5,12,12
2023-24,Andhra Pradesh,Bapatla,Janakavaram Ponguluru,Ramakuru,0,15,3,0,18,0,15,0,3,10,8,0,5,13,0,0,18,0,18,0,18,8,10,18,0,12,6,3,15
2023-24,Andhra Pradesh,Bapatla,Janakavaram Ponguluru,Janakavaram Panguluru,0,52,18,0,57,13,57,3,10,57,13,2,65,3,7,0,63,0,70,10,60,31,39,48,22,41,29,38,32
2023-24,Andhra Pradesh,Bapatla,Janakavaram Ponguluru,Kondamur,1,25,12,0,34,4,31,0,7,25,13,2,31,5,0,0,38,1,37,0,38,23,15,26,12,11,27,37,1
2023-24,Andhra Pradesh,Bapatla,Karamchedu,Audi Pudi,0,41,0,2,34,4,41,0,0,39,2,0,39,2,0,0,41,0,41,0,41,6,35,38,3,12,29,36,5
2023-24,Andhra Pradesh,Bapatla,Karamchedu,Kesavarappadu,0,15,0,0,10,5,15,0,0,6,9,0,15,0,0,0,15,0,15,1,14,4,11,15,0,14,1,6,9
2023-24,Andhra Pradesh,Bapatla,Karamchedu,Kodavalivari Palem,0,33,0,1,19,12,33,0,0,25,8,0,31,2,0,0,33,0,33,6,27,6,27,27,6,25,8,23,10
2023-24,Andhra Pradesh,Bapatla,Karamchedu,Swarna,0,83,0,2,75,6,83,0,0,82,1,0,80,3,5,0,78,1,82,4,79,11,72,43,40,33,50,47,36
2023-24,Andhra Pradesh,Bapatla,Karamchedu,Karamchedu,0,198,0,2,159,37,198,0,0,163,35,0,194,4,0,0,198,8,190,1,197,71,127,163,35,101,97,164,34
2023-24,Andhra Pradesh,Bapatla,Karamchedu,Daggubadu,0,37,0,2,16,19,37,0,0,30,7,0,34,3,0,0,37,0,37,4,33,11,26,35,2,21,16,29,8
2023-24,Andhra Pradesh,Bapatla,Karamchedu,Kunkalamarru,0,78,0,0,75,3,77,0,1,70,8,1,74,3,0,0,78,12,66,1,77,22,56,77,1,70,8,63,15
2023-24,Andhra Pradesh,Bapatla,Karlapalem,Karlapalem,0,124,29,1,143,8,73,10,70,116,37,3,123,27,1,11,141,36,117,117,36,79,74,153,0,102,51,85,67
2023-24,Andhra Pradesh,Bapatla,Karlapalem,Buddam,0,17,0,0,16,1,13,0,4,13,4,0,17,0,0,0,17,3,14,1,16,8,9,17,0,12,5,2,15
2023-24,Andhra Pradesh,Bapatla,Karlapalem,Yazali,0,98,23,1,108,12,101,1,19,104,17,0,93,28,0,0,121,30,91,34,87,47,74,119,2,95,26,97,24
2023-24,Andhra Pradesh,Bapatla,Karlapalem,Perali,0,87,0,0,83,4,23,13,51,63,24,0,86,1,0,0,87,15,72,58,29,27,60,79,8,75,12,54,33
2023-24,Andhra Pradesh,Bapatla,Karlapalem,Ganapavaram,0,78,20,0,92,5,70,1,27,71,27,0,76,22,5,0,93,21,77,9,89,31,67,98,0,82,16,23,75
2023-24,Andhra Pradesh,Bapatla,Kollur,Potharlanka,0,74,27,0,56,45,64,0,37,100,1,0,61,40,1,0,100,1,100,15,86,90,11,98,3,94,7,62,39
2023-24,Andhra Pradesh,Bapatla,Kollur,Gajullanka,0,40,39,2,51,26,52,0,27,79,0,8,23,48,0,0,79,0,79,24,55,36,42,67,9,69,9,49,30
2023-24,Andhra Pradesh,Bapatla,Kollur,Ipur,0,10,5,1,9,5,10,0,5,14,1,0,7,8,0,0,15,0,15,11,4,6,9,13,2,11,4,13,2
2023-24,Andhra Pradesh,Bapatla,Kollur,Chilumuru,0,25,15,0,12,28,22,0,18,38,2,0,21,19,0,0,40,1,39,1,39,15,25,27,12,39,1,36,4
2023-24,Andhra Pradesh,Bapatla,Kollur,Donepudi,0,9,12,0,18,3,15,0,6,21,0,10,3,8,0,0,21,0,21,2,19,3,18,21,0,21,0,4,17
2023-24,Andhra Pradesh,Bapatla,Kollur,Chinapulivarru,0,30,11,0,29,12,27,0,14,39,2,3,24,14,0,0,41,0,41,1,40,7,34,41,0,41,0,21,20
2023-24,Andhra Pradesh,Bapatla,Kollur,Ravikampadu,0,75,7,0,43,39,46,0,36,81,1,6,75,1,0,0,82,0,82,9,73,47,35,80,1,78,4,51,31
2023-24,Andhra Pradesh,Bapatla,Kollur,Kollur,0,70,33,1,57,45,67,1,35,100,3,3,54,46,2,0,101,1,102,14,89,74,28,101,1,99,4,64,39
2023-24,Andhra Pradesh,Bapatla,Kollur,Pedalanka,0,1,0,0,1,0,1,0,0,1,0,0,1,0,0,0,1,0,1,1,0,1,0,1,0,1,0,1,0
2023-24,Andhra Pradesh,Bapatla,Kollur,Ananthavaram,0,14,28,2,36,4,24,0,18,42,0,0,5,37,0,0,42,1,41,33,9,32,10,28,14,26,16,38,4
2023-24,Andhra Pradesh,Bapatla,Korisapadu,Prasangula Padu,0,14,0,0,5,9,14,0,0,13,1,0,13,1,0,0,14,0,14,0,14,13,1,14,0,5,9,14,0
2023-24,Andhra Pradesh,Bapatla,Korisapadu,Rachapudi,0,17,0,0,8,9,15,0,2,17,0,0,16,1,0,0,17,0,17,0,17,12,5,17,0,7,10,16,1
2023-24,Andhra Pradesh,Bapatla,Korisapadu,Pamidi Padu,0,43,3,0,26,20,40,0,6,46,0,2,41,3,0,0,46,0,46,0,46,40,6,46,0,21,25,44,2
2023-24,Andhra Pradesh,Bapatla,Korisapadu,Dyvala Ravuru,0,11,2,0,12,1,9,0,4,13,0,1,11,1,1,0,12,0,13,0,13,11,2,11,2,7,6,9,4
2023-24,Andhra Pradesh,Bapatla,Korisapadu,Pichikalagudipadu,0,4,11,0,15,0,12,0,3,13,2,1,1,13,2,0,13,0,15,0,14,15,0,15,0,10,5,14,1
2023-24,Andhra Pradesh,Bapatla,Korisapadu,Korisapadu,0,30,6,2,32,2,30,0,6,27,9,0,28,8,0,0,36,1,35,0,36,33,3,35,1,22,14,32,4
2023-24,Andhra Pradesh,Bapatla,Korisapadu,Somavarappadu,0,3,1,0,3,1,4,0,0,4,0,1,3,0,0,0,4,0,4,0,4,4,0,4,0,3,1,4,0
2023-24,Andhra Pradesh,Bapatla,Korisapadu,Bodduvani Palem,1,19,26,1,42,2,36,0,10,38,8,4,16,26,0,0,46,0,46,1,45,40,6,44,2,31,15,42,4
2023-24,Andhra Pradesh,Bapatla,Korisapadu,Ravinuthala,0,30,6,0,33,3,31,0,5,32,4,0,30,6,1,0,35,0,36,1,35,34,2,34,2,31,5,33,3
2023-24,Andhra Pradesh,Bapatla,Korisapadu,Anamanamur,0,4,1,1,4,0,5,0,0,5,0,0,4,1,0,0,5,0,5,0,5,5,0,5,0,3,2,5,0
2023-24,Andhra Pradesh,Bapatla,Martur,Nagaraju Palle,0,13,0,0,12,1,10,0,3,9,4,0,13,0,0,0,13,1,12,0,13,3,10,13,0,9,4,9,4
2023-24,Andhra Pradesh,Bapatla,Martur,Martur,0,71,2,0,67,4,66,1,6,60,13,1,53,19,6,0,67,1,72,29,44,50,23,72,1,63,10,69,4
2023-24,Andhra Pradesh,Bapatla,Martur,Dronadula,0,26,0,0,22,4,18,1,7,17,8,0,26,0,0,0,26,3,23,0,26,26,0,26,0,26,0,25,1
2023-24,Andhra Pradesh,Bapatla,Martur,Bolla Palle,0,11,1,0,12,0,10,0,2,7,5,0,12,0,0,0,12,0,12,0,12,3,7,12,0,10,2,12,0
2023-24,Andhra Pradesh,Bapatla,Martur,Bobbe Palle,0,12,0,0,12,0,12,0,0,8,4,0,12,0,0,0,12,1,11,0,12,3,9,10,2,2,10,11,1
2023-24,Andhra Pradesh,Bapatla,Martur,Darsiagraharam,0,10,0,0,6,4,8,0,2,8,1,0,10,0,0,0,10,0,10,0,10,10,0,10,0,7,3,9,1
2023-24,Andhra Pradesh,Bapatla,Martur,Rajupalem,0,20,0,0,18,2,14,0,6,14,6,0,20,0,0,0,20,0,20,0,20,18,2,20,0,13,7,17,3
2023-24,Andhra Pradesh,Bapatla,Martur,Jonna Thali Agraharam,0,13,0,0,12,1,7,0,6,10,3,0,13,0,0,0,13,0,13,0,13,12,1,13,0,12,1,12,1
2023-24,Andhra Pradesh,Bapatla,Martur,Valaparla,0,19,3,0,19,2,18,0,4,19,3,0,22,0,0,0,22,0,22,0,21,6,14,22,0,21,1,17,5
2023-24,Andhra Pradesh,Bapatla,Martur,Konanki,0,24,0,0,24,0,14,1,9,15,9,0,24,0,0,0,24,0,24,0,24,15,8,24,0,21,3,20,4
2023-24,Andhra Pradesh,Bapatla,Martur,Kolala Pudi,0,12,0,0,11,1,10,0,2,11,1,0,12,0,0,0,12,0,12,0,12,7,5,12,0,9,3,11,1
2023-24,Andhra Pradesh,Bapatla,Nagaram,Edupalle,0,42,0,2,20,20,17,0,25,31,11,0,42,0,9,0,33,6,36,39,3,17,25,42,0,16,26,17,25
2023-24,Andhra Pradesh,Bapatla,Nagaram,Pedamatlapudi,0,84,0,2,74,8,15,4,65,68,16,0,84,0,1,27,56,33,51,70,14,45,39,84,0,59,25,66,17
2023-24,Andhra Pradesh,Bapatla,Nagaram,Pedapalle,0,41,0,0,26,15,8,1,32,39,2,0,41,0,0,22,19,9,32,38,3,15,26,41,0,33,8,14,27
2023-24,Andhra Pradesh,Bapatla,Nagaram,Pudiwada,0,39,3,2,21,19,17,0,25,39,3,0,42,0,0,0,42,2,40,35,7,21,21,42,0,36,6,40,2
2023-24,Andhra Pradesh,Bapatla,Nagaram,Eletipalem,0,84,2,1,78,7,45,5,36,67,19,0,83,3,0,0,86,21,65,44,42,10,76,84,2,73,13,59,27
2023-24,Andhra Pradesh,Bapatla,Nagaram,Sivangulapalem,0,5,0,1,0,4,1,0,4,5,0,0,5,0,0,0,5,0,5,4,1,5,0,5,0,5,0,3,2
2023-24,Andhra Pradesh,Bapatla,Nagaram,Allaparru,0,127,0,1,107,19,108,1,18,98,29,1,126,0,2,0,125,41,86,112,15,59,68,127,0,79,48,98,29
2023-24,Andhra Pradesh,Bapatla,Nagaram,Siripudi,0,45,0,1,30,14,8,0,37,40,5,0,45,0,0,1,44,5,40,41,4,22,23,45,0,38,7,33,12
2023-24,Andhra Pradesh,Bapatla,Nagaram,Nagaram,0,52,0,6,31,15,28,1,23,46,6,0,52,0,0,0,52,15,37,35,17,18,34,52,0,42,10,45,7
2023-24,Andhra Pradesh,Bapatla,Nagaram,Pamidimarru,0,27,0,2,2,23,18,2,7,20,7,0,27,0,0,0,27,0,27,27,0,2,25,27,0,22,5,27,0
2023-24,Andhra Pradesh,Bapatla,Nagaram,Dhulipudi,0,141,0,22,62,57,81,3,57,115,26,0,141,0,0,1,140,21,120,93,48,16,125,140,1,121,20,115,26
2023-24,Andhra Pradesh,Bapatla,Nagaram,Thotapalle,0,25,0,0,21,4,20,0,5,22,3,0,25,0,0,0,25,0,25,1,24,2,23,25,0,17,8,22,3
2023-24,Andhra Pradesh,Bapatla,Nagaram,Peddavaram,0,13,0,0,11,2,11,0,2,11,2,0,13,0,0,0,13,0,13,2,11,2,11,13,0,13,0,12,1
2023-24,Andhra Pradesh,Bapatla,Nizampatnam,Adavuladeevi,1,50,38,0,71,18,72,0,17,76,13,4,47,38,1,0,88,9,80,32,57,46,43,89,0,45,44,89,0
2023-24,Andhra Pradesh,Bapatla,Nizampatnam,Pregnam,0,25,1,0,4,22,12,2,12,26,0,0,26,0,1,0,25,2,24,2,19,20,5,26,0,15,11,26,0
2023-24,Andhra Pradesh,Bapatla,Nizampatnam,Dindi,0,21,4,0,21,4,22,1,2,23,2,0,25,0,0,0,25,8,17,2,23,16,9,22,3,17,8,23,2
2023-24,Andhra Pradesh,Bapatla,Nizampatnam,Nizampatnam,0,116,11,0,52,75,96,2,29,123,4,8,102,17,1,0,126,15,112,56,69,74,52,118,9,63,64,105,22
2023-24,Andhra Pradesh,Bapatla,Nizampatnam,Amudalapalli,0,50,3,0,7,46,29,0,24,53,0,0,50,3,0,0,53,2,51,38,14,33,19,45,8,29,24,38,15
2023-24,Andhra Pradesh,Bapatla,Nizampatnam,Kuchinapudi,2,48,49,0,53,46,65,1,33,83,16,9,51,39,0,0,99,6,93,24,75,63,34,95,0,52,47,85,14
2023-24,Andhra Pradesh,Bapatla,Nizampatnam,Pallapatla,0,42,1,0,24,19,30,0,13,42,1,1,42,0,0,8,35,3,40,5,38,18,25,41,2,15,28,43,0
2023-24,Andhra Pradesh,Bapatla,Nizampatnam,Muthupalle Agraharam,0,17,3,1,12,7,11,3,6,19,1,1,17,2,0,0,20,11,9,4,16,4,15,20,0,9,11,15,5
2023-24,Andhra Pradesh,Bapatla,Parchur,Inagallu,0,13,0,0,7,6,12,0,1,12,1,1,12,0,0,0,13,0,13,4,9,4,9,13,0,11,2,8,5
2023-24,Andhra Pradesh,Bapatla,Parchur,Veeranna Palem,0,16,0,4,12,0,14,2,0,15,1,0,16,0,0,0,16,7,9,2,14,7,9,16,0,16,0,11,5
2023-24,Andhra Pradesh,Bapatla,Parchur,Adusumalle,0,8,0,0,7,1,8,0,0,8,0,0,8,0,0,0,8,0,8,0,8,0,8,7,1,7,1,5,3
2023-24,Andhra Pradesh,Bapatla,Parchur,Parchur,0,76,3,3,68,8,77,0,2,72,7,1,76,2,1,0,78,26,53,1,78,7,72,76,3,72,7,45,34
2023-24,Andhra Pradesh,Bapatla,Parchur,Ramanayapalem,0,15,0,0,13,2,15,0,0,15,0,0,15,0,0,0,15,4,11,2,13,1,14,14,1,15,0,8,7
2023-24,Andhra Pradesh,Bapatla,Parchur,Upputur,0,16,2,2,10,6,17,0,1,17,1,0,15,3,0,0,18,5,13,3,15,6,12,18,0,17,1,9,8
2023-24,Andhra Pradesh,Bapatla,Parchur,Garnepudi,0,18,1,1,17,1,16,1,2,19,0,0,19,0,0,0,19,4,15,1,18,2,17,19,0,16,3,11,8
2023-24,Andhra Pradesh,Bapatla,Parchur,Cherukuru,0,16,0,0,15,1,15,0,1,16,0,0,15,1,0,0,16,4,12,5,11,8,8,16,0,16,0,9,7
2023-24,Andhra Pradesh,Bapatla,Parchur,Nuthalapadu,0,24,3,1,21,5,27,0,0,25,2,0,25,2,2,0,25,3,24,0,27,6,21,25,2,25,2,13,14
2023-24,Andhra Pradesh,Bapatla,Parchur,Devara Palle,0,11,0,0,8,3,11,0,0,10,1,0,11,0,0,0,11,0,11,1,10,3,8,10,1,11,0,5,6
2023-24,Andhra Pradesh,Bapatla,Parchur,Edubadu,0,1,1,0,2,0,1,1,0,2,0,0,2,0,0,0,2,0,2,2,0,0,2,2,0,2,0,1,1
2023-24,Andhra Pradesh,Bapatla,Parchur,Gollapudi,0,7,0,0,6,1,7,0,0,7,0,1,6,0,0,0,7,0,7,0,7,0,7,7,0,7,0,3,4
2023-24,Andhra Pradesh,Bapatla,Parchur,Chennubhotla Palem,0,1,0,0,1,0,1,0,0,1,0,0,1,0,0,0,1,0,1,0,1,0,1,1,0,1,0,1,0
2023-24,Andhra Pradesh,Bapatla,Pittalavanipalem,Allur,0,29,3,0,30,2,21,0,11,29,3,0,32,0,0,0,32,0,32,4,28,8,24,31,1,23,9,27,5
2023-24,Andhra Pradesh,Bapatla,Pittalavanipalem,Sangupalem Kodur,2,12,17,0,29,2,22,0,9,27,4,1,14,16,0,0,31,4,27,30,1,20,10,31,0,28,3,29,2
2023-24,Andhra Pradesh,Bapatla,Pittalavanipalem,Komali,0,32,1,0,30,3,21,1,11,25,8,0,21,12,0,0,33,24,9,25,8,27,5,33,0,31,2,33,0
2023-24,Andhra Pradesh,Bapatla,Pittalavanipalem,Khajipalem,1,23,12,0,30,6,25,2,9,29,7,1,27,8,0,0,36,20,16,32,4,9,27,32,4,26,10,35,1
2023-24,Andhra Pradesh,Bapatla,Pittalavanipalem,Pittalavanipalem,0,151,27,0,155,23,85,15,78,140,38,1,157,20,0,0,178,37,141,132,46,111,67,164,14,120,58,129,49
2023-24,Andhra Pradesh,Bapatla,Pittalavanipalem,Chandole,0,42,21,1,47,15,42,0,21,50,13,0,50,13,0,0,63,11,52,62,1,38,25,56,7,49,14,58,5
2023-24,Andhra Pradesh,Bapatla,Repalle,Kaithepalle,0,37,25,0,52,8,44,2,16,49,13,2,31,29,0,0,62,29,33,29,33,15,47,55,7,52,10,40,22
2023-24,Andhra Pradesh,Bapatla,Repalle,Chodayapalem,0,24,28,0,40,12,48,0,4,47,5,17,23,12,2,0,50,35,17,7,45,11,41,46,6,41,11,46,6
2023-24,Andhra Pradesh,Bapatla,Repalle,Karumuru,0,23,1,0,22,2,21,0,3,20,4,0,20,4,0,0,24,5,19,11,13,21,3,24,0,21,3,22,2
2023-24,Andhra Pradesh,Bapatla,Repalle,Penumudi,0,15,11,0,24,2,24,0,2,25,1,0,14,12,0,0,26,8,18,4,22,5,21,24,2,16,10,21,5
2023-24,Andhra Pradesh,Bapatla,Repalle,Peteru,0,24,35,1,49,8,40,0,19,57,2,3,19,37,0,1,58,17,42,32,27,9,50,58,1,31,28,52,7
2023-24,Andhra Pradesh,Bapatla,Repalle,Uppudi,0,19,10,2,26,1,19,0,10,24,5,0,20,9,0,0,29,7,22,11,18,2,27,27,2,23,6,28,1
2023-24,Andhra Pradesh,Bapatla,Repalle,Bethapudi,0,4,3,0,5,2,6,0,1,7,0,0,4,3,0,0,7,1,6,4,3,5,2,7,0,5,2,7,0
2023-24,Andhra Pradesh,Bapatla,Repalle,Kamarajugadda,0,25,5,0,29,0,26,0,4,26,4,0,24,6,0,0,30,2,28,3,27,18,12,24,6,10,20,14,16
2023-24,Andhra Pradesh,Bapatla,Repalle,Singupalem,0,12,5,0,15,2,13,0,4,16,1,0,10,7,0,0,17,14,3,6,11,5,12,17,0,12,5,15,2
2023-24,Andhra Pradesh,Bapatla,Repalle,Potumeraka,0,16,5,1,15,5,20,0,1,18,3,0,11,10,1,0,20,3,18,5,16,5,16,21,0,17,4,16,4
2023-24,Andhra Pradesh,Bapatla,Repalle,Isukapalle (R),0,12,12,0,19,5,20,0,4,22,2,2,10,12,0,0,24,6,18,22,2,20,4,24,0,15,9,24,0
2023-24,Andhra Pradesh,Bapatla,Repalle,Repalle Town (U),0,1,28,0,14,15,20,0,9,26,3,0,0,29,0,0,29,13,16,1,28,5,23,29,0,16,13,24,4
2023-24,Andhra Pradesh,Bapatla,Repalle,Aravapalle,0,3,9,0,9,3,9,1,2,10,2,0,3,9,0,0,12,0,12,2,10,10,2,12,0,10,2,7,5
2023-24,Andhra Pradesh,Bapatla,Repalle,Nalluru,0,4,18,0,16,6,19,0,3,16,6,0,0,22,0,0,22,17,5,6,16,2,20,22,0,5,17,17,5
2023-24,Andhra Pradesh,Bapatla,Repalle,Gangadipalem,0,49,40,1,82,5,70,1,18,77,12,1,41,47,19,0,70,33,56,44,45,20,69,86,3,64,25,85,4
2023-24,Andhra Pradesh,Bapatla,Repalle,Chatragadda,0,3,25,0,14,14,22,0,6,25,3,0,4,24,0,0,28,6,22,14,14,14,14,28,0,3,25,26,2
2023-24,Andhra Pradesh,Bapatla,Santhamaguluru,Kopparam,0,23,0,0,18,5,22,0,1,9,14,0,22,1,0,0,23,1,22,0,23,19,4,23,0,18,5,23,0
2023-24,Andhra Pradesh,Bapatla,Santhamaguluru,Elchur,0,61,1,0,36,23,62,0,0,21,41,0,60,2,0,0,62,0,62,2,60,37,25,61,1,49,13,3,55
2023-24,Andhra Pradesh,Bapatla,Santhamaguluru,Kommala Padu,0,22,0,0,17,5,22,0,0,10,12,0,22,0,8,0,14,0,22,0,22,6,16,22,0,18,4,13,9
2023-24,Andhra Pradesh,Bapatla,Santhamaguluru,Kunduru (East),0,3,0,0,0,3,2,0,1,1,2,0,3,0,0,0,3,0,3,0,3,2,1,3,0,2,1,3,0
2023-24,Andhra Pradesh,Bapatla,Santhamaguluru,Gurijepalle,0,21,0,0,17,1,21,0,0,9,12,0,21,0,1,0,20,1,20,1,20,21,0,21,0,12,9,19,0
2023-24,Andhra Pradesh,Bapatla,Santhamaguluru,Tangedu Malli,0,6,0,2,3,1,6,0,0,4,2,0,6,0,0,0,6,0,6,1,5,4,2,3,3,6,0,3,3
2023-24,Andhra Pradesh,Bapatla,Santhamaguluru,Kamepalle,0,18,0,0,14,2,18,0,0,7,11,0,18,0,0,0,18,0,18,0,18,18,0,18,0,12,6,17,0
2023-24,Andhra Pradesh,Bapatla,Santhamaguluru,Vellala Cheruvu,0,21,2,0,18,5,22,1,0,18,5,0,23,0,0,0,23,1,22,7,16,6,17,19,4,19,4,14,7
2023-24,Andhra Pradesh,Bapatla,Santhamaguluru,Kunduru (West),0,21,0,1,11,9,17,0,4,7,14,0,20,1,0,0,21,1,19,0,21,11,10,21,0,17,4,14,7
2023-24,Andhra Pradesh,Bapatla,Santhamaguluru,Santhamaguluru,0,192,2,53,53,87,170,5,19,121,73,0,192,2,8,0,186,8,186,32,162,88,106,178,16,158,36,133,61
2023-24,Andhra Pradesh,Bapatla,Tsundur,Manduru,0,32,18,1,40,9,38,0,12,44,6,1,28,21,0,0,50,6,44,46,4,33,17,50,0,47,3,48,2
2023-24,Andhra Pradesh,Bapatla,Tsundur,Edlapalle,0,83,12,0,88,7,64,0,31,65,30,0,94,1,0,0,95,1,94,60,34,70,25,95,0,75,20,80,15
2023-24,Andhra Pradesh,Bapatla,Tsundur,Thottempudi,3,23,21,0,43,4,30,0,17,35,12,5,22,20,0,0,47,13,34,3,44,24,22,47,0,19,28,36,11
2023-24,Andhra Pradesh,Bapatla,Tsundur,Chinaparimi,0,42,5,0,45,2,35,4,8,41,6,0,35,12,0,0,47,2,45,30,17,36,10,47,0,38,9,47,0
2023-24,Andhra Pradesh,Bapatla,Tsundur,Pedagadelavarru,0,28,19,0,41,6,38,0,9,35,12,0,21,26,0,0,47,0,47,45,2,45,2,47,0,38,9,47,0
2023-24,Andhra Pradesh,Bapatla,Tsundur,Vetapalem,0,28,0,0,28,0,26,0,2,16,12,2,26,0,0,0,28,0,28,3,25,20,8,28,0,18,10,14,14
2023-24,Andhra Pradesh,Bapatla,Tsundur,Modukuru,0,73,21,1,58,35,67,0,27,87,7,0,63,31,0,0,94,39,55,71,23,78,16,94,0,82,12,93,1
2023-24,Andhra Pradesh,Bapatla,Tsundur,Tsundur,1,92,38,0,109,22,93,0,38,109,22,2,93,36,0,0,131,49,82,4,127,75,55,131,0,90,41,77,48
2023-24,Andhra Pradesh,Bapatla,Tsundur,Kothapalle Narikellapalle,0,33,0,0,31,2,23,1,9,24,9,0,33,0,0,0,33,0,33,2,31,27,6,33,0,23,10,21,12
2023-24,Andhra Pradesh,Bapatla,Tsundur,Alapadu,0,46,11,0,52,5,38,0,19,41,16,2,46,9,0,0,57,0,57,13,43,30,27,54,3,39,18,51,6
2023-24,Andhra Pradesh,Bapatla,Tsundur,Penugudurupadu,0,16,34,0,43,7,24,1,25,45,5,0,2,48,0,0,50,2,48,47,3,47,2,50,0,35,15,49,1
2023-24,Andhra Pradesh,Bapatla,Tsundur,Valiveru,0,4,50,0,36,18,35,0,19,45,9,0,4,50,0,0,54,1,53,51,3,51,3,54,0,33,21,54,0
2023-24,Andhra Pradesh,Bapatla,Vemuru,Penumarru,0,41,7,0,46,2,32,0,16,45,3,4,39,5,1,0,47,4,44,3,45,5,43,48,0,43,5,48,0
2023-24,Andhra Pradesh,Bapatla,Vemuru,Pothumarru,5,2,12,0,14,5,15,0,4,17,2,5,2,12,0,0,19,0,19,13,6,4,15,19,0,13,6,17,2
2023-24,Andhra Pradesh,Bapatla,Vemuru,Balijepalle,0,18,8,0,26,0,23,0,3,26,0,2,7,17,0,0,26,2,24,4,22,16,10,26,0,20,6,26,0
2023-24,Andhra Pradesh,Bapatla,Vemuru,Jampani,0,81,25,0,89,16,66,0,40,89,17,0,57,49,0,0,106,2,104,69,37,11,95,106,0,80,26,104,2
2023-24,Andhra Pradesh,Bapatla,Vemuru,Peravalipalem,0,33,14,0,43,4,44,0,3,43,4,10,27,10,1,0,46,6,41,25,22,15,32,44,3,31,16,47,0
2023-24,Andhra Pradesh,Bapatla,Vemuru,Vemuru,3,59,76,0,116,22,87,0,51,112,26,7,43,88,0,0,138,6,132,88,50,35,103,136,2,125,13,123,15
2023-24,Andhra Pradesh,Bapatla,Vemuru,Chavali,0,54,40,0,89,4,69,0,25,76,18,28,49,17,0,0,94,3,91,46,48,21,73,84,10,72,22,85,9
2023-24,Andhra Pradesh,Bapatla,Vemuru,Abbanagudavalli,0,15,14,1,26,2,27,0,2,28,1,5,10,14,0,0,29,0,29,15,14,18,10,29,0,21,8,29,0
2023-24,Andhra Pradesh,Bapatla,Vemuru,Kuchallapadu,0,7,5,0,12,0,11,0,1,11,1,3,4,5,0,0,12,1,11,0,12,10,2,12,0,6,6,12,0
2023-24,Andhra Pradesh,Bapatla,Vemuru,Peravali,0,46,2,0,46,2,39,0,9,40,8,0,42,6,0,0,48,4,44,36,12,1,47,46,2,40,8,45,3
2023-24,Andhra Pradesh,Bapatla,Vemuru,Varahapuram,0,2,10,0,10,2,9,0,3,11,1,4,1,7,0,0,12,5,7,9,3,6,6,12,0,10,2,12,0
2023-24,Andhra Pradesh,Bapatla,Vemuru,Chadalawada,0,10,8,0,18,0,16,0,2,17,1,4,7,7,0,0,18,2,16,1,17,14,4,18,0,15,3,18,0
2023-24,Andhra Pradesh,Bapatla,Vetapalem,Nayani Palle,0,11,1,0,8,3,7,0,5,9,3,0,11,1,0,0,12,0,12,3,9,10,1,10,2,7,5,9,3
2023-24,Andhra Pradesh,Bapatla,Vetapalem,Pandilla Palle,0,12,7,0,12,7,10,0,9,14,5,0,9,10,0,0,19,11,8,13,6,15,4,19,0,14,5,12,7
2023-24,Andhra Pradesh,Bapatla,Vetapalem,Vetapalem (Ct),0,44,13,0,47,10,29,0,28,44,13,0,40,17,0,0,57,22,35,52,5,34,20,52,5,41,16,40,16
2023-24,Andhra Pradesh,Bapatla,Vetapalem,Pullari Palem,0,11,0,0,3,8,4,0,7,7,4,0,11,0,0,0,11,0,11,11,0,7,4,10,1,6,5,4,7
2023-24,Andhra Pradesh,Bapatla,Vetapalem,Kotha Peta (Part),0,35,4,0,30,9,8,0,31,33,6,0,33,6,1,0,38,6,33,30,9,24,13,37,2,29,10,14,25
2023-24,Andhra Pradesh,Bapatla,Yddana Pudi,Enamadala,0,3,0,0,0,3,3,0,0,3,0,0,3,0,0,0,3,0,3,0,0,0,3,3,0,3,0,3,0
2023-24,Andhra Pradesh,Bapatla,Yddana Pudi,Poluru,0,38,0,0,29,9,30,3,5,26,12,0,38,0,0,0,38,5,33,1,37,10,28,38,0,18,20,24,14
2023-24,Andhra Pradesh,Bapatla,Yddana Pudi,Yeddanapudi,0,37,0,0,36,1,34,0,3,32,5,0,37,0,2,0,35,3,34,0,36,13,24,37,0,12,25,19,18
2023-24,Andhra Pradesh,Bapatla,Yddana Pudi,Jagarlamudi,0,18,0,0,15,3,17,0,1,13,5,0,18,0,0,0,18,2,16,0,18,9,9,18,0,7,11,10,8
2023-24,Andhra Pradesh,Bapatla,Yddana Pudi,Gannavaram,0,16,0,0,14,2,16,0,0,15,1,0,16,0,0,0,16,2,14,5,9,9,7,15,1,13,3,10,6
2023-24,Andhra Pradesh,Bapatla,Yddana Pudi,Punuru,0,35,0,0,32,3,35,0,0,28,7,0,35,0,0,0,35,4,31,14,19,8,27,35,0,30,5,29,6
2023-24,Andhra Pradesh,Bapatla,Yddana Pudi,Ananthavaram,0,22,1,0,17,6,23,0,0,16,7,0,23,0,0,0,23,0,23,1,20,3,20,22,1,15,8,11,12
2023-24,Andhra Pradesh,Chittoor,Baireddipalle,Baireddipalle,0,21,4,12,3,10,5,4,16,19,6,2,21,2,0,0,25,0,25,12,13,17,8,25,0,24,1,22,3
2023-24,Andhra Pradesh,Chittoor,Baireddipalle,Chappidipalle,0,15,8,21,1,1,11,2,10,22,1,4,15,4,0,0,22,0,22,14,9,18,5,22,1,19,4,16,7
2023-24,Andhra Pradesh,Chittoor,Baireddipalle,Pathurnatham,0,23,11,25,0,9,13,0,21,31,3,3,22,9,0,0,33,0,34,28,6,26,8,32,2,31,3,22,12
2023-24,Andhra Pradesh,Chittoor,Baireddipalle,Belupalle,0,24,4,9,6,13,15,2,11,22,6,1,24,3,0,0,28,0,27,18,10,17,11,27,1,25,3,27,1
2023-24,Andhra Pradesh,Chittoor,Baireddipalle,Alapalle,0,12,14,21,3,2,14,0,12,22,4,1,11,14,0,1,25,0,26,19,7,20,6,25,0,24,2,23,3
2023-24,Andhra Pradesh,Chittoor,Baireddipalle,Kambhampalle,0,13,7,13,0,7,7,2,11,17,3,1,13,6,0,0,20,0,20,10,10,16,4,19,1,18,2,12,8
2023-24,Andhra Pradesh,Chittoor,Baireddipalle,Gounithimmepalle,0,3,0,0,1,2,0,0,3,3,0,0,3,0,0,0,3,0,3,2,1,2,1,3,0,3,0,3,0
2023-24,Andhra Pradesh,Chittoor,Baireddipalle,Gollachemana Palle,0,18,8,14,0,12,10,3,13,22,4,2,17,7,0,0,26,0,26,20,6,18,8,22,3,24,2,24,2
2023-24,Andhra Pradesh,Chittoor,Baireddipalle,Meakalanagireddi Palle,0,2,0,2,0,0,1,0,1,0,2,0,2,0,0,0,2,0,2,1,1,2,0,2,0,2,0,1,1
2023-24,Andhra Pradesh,Chittoor,Baireddipalle,Theertham,0,26,13,31,4,4,11,6,22,33,6,4,25,10,0,0,39,0,39,24,15,27,12,39,0,37,2,35,4
2023-24,Andhra Pradesh,Chittoor,Baireddipalle,Dharmapuri,0,14,4,12,2,4,6,0,12,15,3,3,14,1,0,0,18,0,18,10,8,14,4,18,0,18,0,17,1
2023-24,Andhra Pradesh,Chittoor,Baireddipalle,Kadapanatham,0,3,2,0,0,5,3,0,2,5,0,0,3,2,0,0,5,0,5,4,1,1,4,5,0,5,0,5,0
2023-24,Andhra Pradesh,Chittoor,Baireddipalle,Lakkanapalle,0,11,8,11,0,8,10,1,8,15,4,2,11,6,0,0,19,0,19,15,4,14,5,19,0,17,2,18,1
2023-24,Andhra Pradesh,Chittoor,Baireddipalle,Kammanapalle,0,16,7,8,0,15,10,1,12,22,1,1,15,7,0,0,23,0,23,18,5,17,6,23,0,19,4,18,5
2023-24,Andhra Pradesh,Chittoor,Baireddipalle,Devadoddi,0,38,8,29,5,12,19,5,22,39,7,1,40,5,0,3,43,0,46,34,12,35,11,46,0,43,3,44,2
2023-24,Andhra Pradesh,Chittoor,Baireddipalle,Peddachellaragunta,0,13,4,5,0,12,5,0,12,16,1,1,13,3,0,0,17,0,17,13,4,16,1,17,0,16,1,16,1
2023-24,Andhra Pradesh,Chittoor,Baireddipalle,Ganginayanipalle,0,6,6,7,0,5,10,0,2,10,2,3,6,3,0,0,12,0,12,11,1,9,3,12,0,10,2,11,1
2023-24,Andhra Pradesh,Chittoor,Baireddipalle,Nellipatla,0,40,13,27,4,22,28,1,24,46,7,2,40,11,0,5,48,0,53,38,15,43,10,52,1,47,6,48,5
2023-24,Andhra Pradesh,Chittoor,Bangarupalem,Setteri,0,20,5,1,21,3,3,2,20,19,6,3,19,3,0,0,25,0,25,7,18,18,7,25,0,20,5,13,12
2023-24,Andhra Pradesh,Chittoor,Bangarupalem,Tekumanda,0,16,11,27,0,0,10,2,15,23,4,2,16,9,0,0,27,0,27,24,3,21,6,27,0,25,2,19,8
2023-24,Andhra Pradesh,Chittoor,Bangarupalem,Ragimanipenta,0,22,9,13,7,11,4,8,19,25,6,2,21,8,0,1,30,0,31,22,9,27,4,30,1,29,2,30,1
2023-24,Andhra Pradesh,Chittoor,Bangarupalem,Nallangadu,0,7,7,0,11,3,0,0,14,11,3,2,7,5,0,0,14,0,14,1,13,11,2,14,0,12,2,8,6
2023-24,Andhra Pradesh,Chittoor,Bangarupalem,Kurmaipalle,0,19,6,17,0,8,19,1,5,20,5,2,19,4,0,0,25,0,25,3,22,7,18,22,3,23,2,18,7
2023-24,Andhra Pradesh,Chittoor,Bangarupalem,Nalagampalle,1,34,15,5,25,20,11,5,34,40,10,4,34,12,0,0,50,0,50,25,25,21,29,48,2,44,6,36,14
2023-24,Andhra Pradesh,Chittoor,Bangarupalem,Paleru,0,10,2,12,0,0,8,0,4,12,0,1,10,1,0,0,12,0,12,7,5,10,2,12,0,11,1,12,0
2023-24,Andhra Pradesh,Chittoor,Bangarupalem,Gollapalle,0,38,13,34,6,11,18,0,33,45,6,3,39,9,2,0,49,0,51,23,28,34,17,48,3,44,7,38,13
2023-24,Andhra Pradesh,Chittoor,Bangarupalem,Vepanapalle,0,12,1,11,1,1,5,2,6,12,1,0,12,1,0,0,13,0,13,7,6,6,7,13,0,13,0,13,0
2023-24,Andhra Pradesh,Chittoor,Bangarupalem,Mogili,0,21,15,9,13,14,10,0,26,33,3,2,24,10,0,0,36,1,35,31,5,26,10,36,0,34,2,27,9
2023-24,Andhra Pradesh,Chittoor,Bangarupalem,Mahasamudram,0,12,11,12,4,7,12,0,11,19,4,4,12,7,0,0,23,0,23,7,16,19,4,23,0,21,2,21,2
2023-24,Andhra Pradesh,Chittoor,Bangarupalem,Beripalle,0,0,1,0,0,1,0,0,1,0,1,0,0,1,0,0,1,0,1,1,0,1,0,1,0,0,1,0,1
2023-24,Andhra Pradesh,Chittoor,Bangarupalem,Sadakuppam,0,3,5,1,6,1,2,2,4,7,1,0,3,5,0,0,8,0,8,1,7,8,0,8,0,8,0,6,2
2023-24,Andhra Pradesh,Chittoor,Bangarupalem,Kallurupalle,0,6,4,6,0,4,6,0,4,8,2,1,7,2,0,0,10,0,10,7,3,10,0,10,0,9,1,10,0
2023-24,Andhra Pradesh,Chittoor,Bangarupalem,Bodabandla,0,17,8,9,4,12,11,0,14,21,4,4,17,4,0,0,25,0,25,12,13,8,17,20,5,22,3,23,2
2023-24,Andhra Pradesh,Chittoor,Bangarupalem,Thumba Kuppam,0,6,7,7,3,3,4,0,9,10,3,3,6,4,0,0,13,0,13,4,9,11,2,12,0,13,0,13,0
2023-24,Andhra Pradesh,Chittoor,Bangarupalem,Thumba,0,10,13,10,12,1,7,3,13,19,4,1,10,12,0,0,23,0,23,11,12,16,7,23,0,22,1,18,5
2023-24,Andhra Pradesh,Chittoor,Bangarupalem,Jambuvaripalle,0,8,6,0,9,5,2,1,11,10,4,3,8,3,0,0,14,0,14,4,10,8,6,14,0,13,1,9,5
2023-24,Andhra Pradesh,Chittoor,Bangarupalem,Kalvamogilappa Kandriga,0,16,8,14,3,7,0,5,19,22,2,1,16,7,0,0,24,0,24,22,2,20,4,24,0,21,3,18,6
2023-24,Andhra Pradesh,Chittoor,Bangarupalem,Thambuganipalle,0,18,9,9,7,11,12,1,14,23,4,2,19,6,0,0,27,1,26,20,7,26,1,26,1,26,1,18,9
2023-24,Andhra Pradesh,Chittoor,Bangarupalem,Venkatagiri,0,19,5,14,4,6,1,3,20,19,5,1,19,4,0,0,24,0,24,9,15,19,5,24,0,21,3,17,7
2023-24,Andhra Pradesh,Chittoor,Bangarupalem,Keeramanda,0,16,9,18,0,7,23,0,2,24,1,2,16,7,1,0,24,0,25,10,15,17,8,25,0,23,2,24,1
2023-24,Andhra Pradesh,Chittoor,Bangarupalem,Gundla Kattamanchi,0,7,34,21,6,14,4,2,35,34,7,11,7,23,0,0,41,0,41,30,11,38,3,41,0,38,3,23,17
2023-24,Andhra Pradesh,Chittoor,Chittoor,Muthukuru,0,1,0,1,0,0,1,0,0,1,0,0,1,0,0,0,1,0,1,1,0,1,0,0,1,1,0,1,0
2023-24,Andhra Pradesh,Chittoor,Chittoor,Iruvaram,0,4,0,2,0,2,4,0,0,4,0,0,4,0,0,0,4,0,4,2,2,3,0,4,0,4,0,2,2
2023-24,Andhra Pradesh,Chittoor,Chittoor,Thenebanda (Part),0,22,5,9,7,11,19,2,6,22,5,1,21,5,0,0,27,0,27,18,9,18,9,23,0,27,0,22,5
2023-24,Andhra Pradesh,Chittoor,Chittoor,S.Venkatapuram,0,2,2,2,1,1,4,0,0,3,1,0,2,2,0,0,4,0,4,1,3,3,0,3,0,4,0,4,0
2023-24,Andhra Pradesh,Chittoor,Chittoor,Gandlapalle,0,1,0,0,0,1,0,0,1,1,0,0,1,0,0,0,1,0,1,1,0,1,0,1,0,1,0,1,0
2023-24,Andhra Pradesh,Chittoor,Chittoor,Paluru,0,25,3,10,10,8,10,5,13,20,8,0,25,2,1,1,26,0,28,27,1,20,6,22,1,28,0,26,2
2023-24,Andhra Pradesh,Chittoor,Chittoor,Ananthapuram,0,0,31,28,2,1,13,2,16,7,24,4,0,27,0,0,30,0,31,19,12,19,12,25,5,29,2,30,1
2023-24,Andhra Pradesh,Chittoor,Chittoor,Venkatapuram,0,2,0,1,0,1,2,0,0,2,0,1,1,0,0,0,2,0,2,1,1,1,0,2,0,2,0,2,0
2023-24,Andhra Pradesh,Chittoor,Chittoor,Narigapalle,0,10,1,6,0,5,10,0,1,5,6,0,10,0,0,0,11,0,11,5,6,10,0,8,0,11,0,8,3
2023-24,Andhra Pradesh,Chittoor,Chowdepalle,Diguvapalle,0,20,1,4,6,11,11,1,9,17,4,0,19,2,0,0,21,0,21,12,9,11,10,20,1,20,1,15,6
2023-24,Andhra Pradesh,Chittoor,Chowdepalle,A.Kothakota,0,110,23,62,25,46,79,10,44,96,37,1,109,23,0,1,132,1,132,91,42,94,38,115,7,126,7,109,24
2023-24,Andhra Pradesh,Chittoor,Chowdepalle,Settipeta,0,1,0,0,1,0,0,1,0,1,0,0,1,0,0,0,1,0,1,0,1,0,1,1,0,1,0,1,0
2023-24,Andhra Pradesh,Chittoor,Chowdepalle,Katiperi,0,41,6,19,11,17,28,7,12,36,11,0,41,6,0,3,44,0,47,27,20,29,18,38,9,48,0,35,12
2023-24,Andhra Pradesh,Chittoor,Chowdepalle,Kogathi,0,9,2,6,0,5,5,0,6,7,4,1,8,2,0,1,10,0,11,6,5,8,3,9,2,11,0,8,3
2023-24,Andhra Pradesh,Chittoor,Chowdepalle,Chowdepalle,4,24,9,15,5,17,15,5,17,20,17,4,30,3,0,1,35,1,36,34,3,29,8,35,1,37,0,36,1
2023-24,Andhra Pradesh,Chittoor,Chowdepalle,Gaddamvaripalle,0,20,2,6,6,10,12,3,7,19,3,0,21,1,0,3,19,0,22,14,8,16,6,20,2,20,2,15,7
2023-24,Andhra Pradesh,Chittoor,Chowdepalle,Charala,0,10,2,6,2,4,6,0,6,10,2,0,9,3,0,0,12,0,12,11,1,11,1,12,0,11,1,11,1
2023-24,Andhra Pradesh,Chittoor,Chowdepalle,Laddigam,0,17,3,5,4,11,12,0,8,12,8,0,17,3,0,0,20,1,19,13,7,19,1,14,0,19,1,15,5
2023-24,Andhra Pradesh,Chittoor,Chowdepalle,Durgasamudram,0,11,1,4,4,4,8,1,3,7,5,2,10,0,0,0,12,1,11,5,7,8,4,9,0,12,0,10,2
2023-24,Andhra Pradesh,Chittoor,Chowdepalle,Pandillapalle,0,4,0,1,0,3,3,0,1,1,3,0,4,0,0,0,4,0,4,4,0,3,1,4,0,3,1,4,0
2023-24,Andhra Pradesh,Chittoor,Chowdepalle,29 -A. Chinta -Makulapalle,1,158,55,120,26,68,83,52,79,153,61,8,142,64,4,1,208,0,214,145,69,168,46,209,5,177,36,180,34
2023-24,Andhra Pradesh,Chittoor,Chowdepalle,Kondamarri,0,15,0,8,4,3,7,1,7,11,4,0,15,0,0,0,15,0,15,11,4,8,7,15,0,15,0,10,5
2023-24,Andhra Pradesh,Chittoor,Gangadhara Nellore,Kalijavedu,0,8,9,6,1,10,3,0,14,13,4,0,8,9,0,0,17,0,17,9,8,15,2,17,0,14,3,16,1
2023-24,Andhra Pradesh,Chittoor,Gangadhara Nellore,Tungundram,0,12,5,4,8,5,7,2,8,13,4,2,10,5,0,0,17,0,17,5,12,9,8,17,0,16,1,13,4
2023-24,Andhra Pradesh,Chittoor,Gangadhara Nellore,Ellapalle,0,1,1,2,0,0,2,0,0,2,0,1,1,0,0,0,2,0,2,1,1,2,0,2,0,1,1,2,0
2023-24,Andhra Pradesh,Chittoor,Gangadhara Nellore,Bojjinayanipalle,0,7,2,4,1,4,1,0,8,6,3,0,5,4,0,0,9,0,9,6,3,5,4,9,0,8,1,9,0
2023-24,Andhra Pradesh,Chittoor,Gangadhara Nellore,Kothavenkatapuram,0,11,4,4,3,8,4,0,11,12,3,0,11,4,0,0,15,0,15,7,8,10,5,15,0,13,2,15,0
2023-24,Andhra Pradesh,Chittoor,Gangadhara Nellore,Pathavenkatapuram,0,8,4,6,3,3,4,1,7,12,0,2,8,2,0,0,12,0,12,3,9,6,6,12,0,12,0,11,1
2023-24,Andhra Pradesh,Chittoor,Gangadhara Nellore,Ambodharapalle,0,12,6,2,4,12,7,1,10,13,5,0,12,6,0,0,18,0,18,9,9,13,5,17,1,14,4,16,2
2023-24,Andhra Pradesh,Chittoor,Gangadhara Nellore,Gangadharanellore,0,10,5,9,1,5,4,3,8,13,2,2,10,3,0,0,15,0,15,10,5,11,4,15,0,12,3,12,3
2023-24,Andhra Pradesh,Chittoor,Gangadhara Nellore,Velkur,0,12,11,6,0,17,4,2,17,18,5,0,12,11,0,0,23,0,23,11,12,19,4,22,1,22,1,22,1
2023-24,Andhra Pradesh,Chittoor,Gangadhara Nellore,Agaramangalam,0,30,8,15,9,14,14,3,21,36,2,3,25,10,0,0,37,0,38,21,18,29,9,39,0,35,3,33,6
2023-24,Andhra Pradesh,Chittoor,Gangadhara Nellore,Vepanjeri,0,12,4,1,3,12,1,2,13,13,3,1,11,4,0,0,16,0,16,12,4,13,3,16,0,14,2,13,3
2023-24,Andhra Pradesh,Chittoor,Gangadhara Nellore,Chinnavepanjeri,0,49,8,24,11,22,18,2,37,45,12,1,39,17,0,0,56,0,57,42,15,40,17,55,2,53,4,55,2
2023-24,Andhra Pradesh,Chittoor,Gangadhara Nellore,Bukkapatnam,0,8,3,2,1,8,4,1,6,10,1,0,7,4,0,0,11,0,11,8,3,7,4,10,0,11,0,11,0
2023-24,Andhra Pradesh,Chittoor,Gangadhara Nellore,Nellipalle,0,14,5,8,1,10,4,1,14,17,2,2,12,5,0,0,19,0,19,7,12,10,9,19,0,17,2,17,2
2023-24,Andhra Pradesh,Chittoor,Gangadhara Nellore,Kondepalle,0,6,2,3,1,4,3,0,5,7,1,2,4,2,0,0,8,0,8,4,4,8,0,7,1,8,0,8,0
2023-24,Andhra Pradesh,Chittoor,Gangadhara Nellore,Kotrakona,0,9,8,13,1,3,12,0,5,14,3,5,9,3,0,0,17,0,17,10,7,15,2,17,0,16,1,14,3
2023-24,Andhra Pradesh,Chittoor,Gangadhara Nellore,Mukkelathuru,0,9,7,12,0,4,9,3,4,13,3,1,9,6,0,0,16,0,16,5,11,15,1,15,1,15,1,15,1
2023-24,Andhra Pradesh,Chittoor,Gangadhara Nellore,Mahadevamangalam,0,9,6,15,0,0,8,0,7,13,2,3,9,3,0,0,15,0,15,9,6,13,2,15,0,15,0,13,2
2023-24,Andhra Pradesh,Chittoor,Gangadhara Nellore,Kadapagunta,0,10,7,2,9,6,8,1,8,16,1,4,8,5,0,0,17,0,17,9,8,9,8,16,1,15,2,12,4
2023-24,Andhra Pradesh,Chittoor,Gangadhara Nellore,Nandanoor,0,8,10,9,3,6,10,1,7,16,2,3,8,7,0,0,18,0,18,6,12,17,1,18,0,17,1,17,1
2023-24,Andhra Pradesh,Chittoor,Gangadhara Nellore,Varathuru,0,14,4,7,4,7,11,0,7,15,3,0,12,6,0,0,18,0,18,4,14,3,15,18,0,17,1,11,7
2023-24,Andhra Pradesh,Chittoor,Gangadhara Nellore,Peddakalva,0,11,3,1,3,10,6,1,7,10,4,0,11,3,0,0,14,0,14,1,13,12,2,14,0,14,0,11,3
2023-24,Andhra Pradesh,Chittoor,Gangadhara Nellore,Vinjam,0,27,15,7,5,30,19,0,23,37,5,5,23,14,0,0,42,0,42,25,18,31,12,43,0,40,2,35,8
2023-24,Andhra Pradesh,Chittoor,Gangadhara Nellore,Veerakanellore,0,9,3,8,0,4,4,1,7,10,2,2,6,4,0,0,11,0,12,5,7,9,3,12,0,8,4,10,2
2023-24,Andhra Pradesh,Chittoor,Gangadhara Nellore,Kotagaram,0,14,3,3,7,7,8,0,9,13,4,0,15,2,0,0,17,0,17,12,5,10,7,17,0,15,2,17,0
2023-24,Andhra Pradesh,Chittoor,Gangadhara Nellore,Vezzupalle,0,7,7,6,0,8,4,3,7,12,2,3,6,5,0,1,13,0,14,11,3,13,1,13,1,12,2,13,1
2023-24,Andhra Pradesh,Chittoor,Gangavaram,Mamadugu,0,17,7,15,3,6,12,1,11,18,6,0,17,7,1,0,23,0,24,20,4,19,5,24,0,21,3,20,4
2023-24,Andhra Pradesh,Chittoor,Gangavaram,Kallupalle,0,19,11,12,4,14,14,1,15,22,8,0,18,12,0,0,30,0,30,20,10,26,4,29,1,27,3,28,2
2023-24,Andhra Pradesh,Chittoor,Gangavaram,Maredupalle,0,2,0,1,0,1,1,0,1,2,0,0,2,0,0,0,2,0,2,1,1,2,0,2,0,2,0,2,0
2023-24,Andhra Pradesh,Chittoor,Gangavaram,Kalagatoor,0,19,6,10,3,12,16,1,8,22,3,0,18,7,0,0,25,0,25,21,4,21,4,25,0,23,2,22,3
2023-24,Andhra Pradesh,Chittoor,Gangavaram,Pathikonda,0,21,4,4,5,16,15,0,10,21,4,0,21,4,0,0,25,0,25,23,2,20,5,24,1,22,3,20,5
2023-24,Andhra Pradesh,Chittoor,Gangavaram,Jeedimakulapalle,0,20,3,9,4,10,2,5,16,18,5,1,20,2,0,0,23,0,23,15,8,20,3,21,0,22,1,19,4
2023-24,Andhra Pradesh,Chittoor,Gangavaram,Dandapalle,0,46,12,23,11,24,14,13,31,54,4,0,45,13,1,0,57,0,58,44,14,44,14,56,2,52,6,54,4
2023-24,Andhra Pradesh,Chittoor,Gangavaram,Keelapatla,0,22,5,8,4,15,9,3,15,21,6,2,22,3,0,0,27,0,27,24,3,23,4,27,0,24,3,24,3
2023-24,Andhra Pradesh,Chittoor,Gangavaram,Gangavaram (Part),0,15,8,9,0,14,10,0,13,19,4,0,15,8,0,0,23,0,23,21,2,20,3,23,0,21,2,22,1
2023-24,Andhra Pradesh,Chittoor,Gangavaram,Melumoy,0,15,11,8,9,9,8,5,13,25,1,0,15,11,0,1,25,0,26,21,5,20,6,23,3,23,3,23,3
2023-24,Andhra Pradesh,Chittoor,Gangavaram,Kothapalle,0,11,7,8,5,5,9,2,7,16,2,1,11,6,0,0,18,0,18,15,3,16,2,17,1,15,3,16,2
2023-24,Andhra Pradesh,Chittoor,Gangavaram,Gandrajupalle,0,33,14,30,5,12,15,4,28,42,5,2,31,14,0,1,46,0,47,36,11,38,9,45,1,42,5,41,6
2023-24,Andhra Pradesh,Chittoor,Gangavaram,Keelapalle,0,9,5,8,1,5,8,0,6,11,3,0,9,5,0,0,14,0,14,9,5,13,1,13,1,12,2,12,2
2023-24,Andhra Pradesh,Chittoor,Gangavaram,Gundugallu,2,25,14,11,8,22,19,3,19,22,19,2,32,7,0,0,41,0,41,30,11,34,7,40,1,38,3,39,2
2023-24,Andhra Pradesh,Chittoor,Gangavaram,Pasupathur,0,17,5,8,6,8,11,1,10,17,5,0,17,5,0,0,22,0,22,20,2,20,2,19,3,21,1,20,2
2023-24,Andhra Pradesh,Chittoor,Gudipala,Pasumanda,0,1,0,0,0,1,1,0,0,1,0,0,1,0,0,0,1,0,1,1,0,1,0,1,0,1,0,1,0
2023-24,Andhra Pradesh,Chittoor,Gudipala,Kothapalle,0,14,3,13,0,4,16,0,1,17,0,0,12,5,0,0,17,0,17,3,14,12,5,17,0,8,9,5,12
2023-24,Andhra Pradesh,Chittoor,Gudipala,Gudipala,0,24,5,21,1,7,21,1,7,16,13,0,23,6,0,0,29,0,29,15,14,19,10,25,4,20,9,25,4
2023-24,Andhra Pradesh,Chittoor,Gudipala,Basavapalle,0,15,7,16,1,5,21,0,1,21,1,0,15,7,0,0,22,0,22,3,19,16,6,22,0,20,2,20,2
2023-24,Andhra Pradesh,Chittoor,Gudipala,Krishna Jammapuram,0,1,1,1,0,1,2,0,0,2,0,0,0,2,0,0,2,0,2,0,2,2,0,2,0,2,0,2,0
2023-24,Andhra Pradesh,Chittoor,Gudipala,Muthukurpalle,0,13,7,17,0,2,15,0,5,17,3,0,12,8,0,0,20,0,20,16,4,17,3,17,3,17,3,11,9
2023-24,Andhra Pradesh,Chittoor,Gudipala,Chittapara,0,12,10,16,4,2,17,0,5,16,6,2,11,9,0,0,22,0,22,17,5,20,2,17,5,17,5,22,0
2023-24,Andhra Pradesh,Chittoor,Gudipala,Vasanthapuram,0,13,5,10,0,8,17,0,1,18,0,0,11,7,0,0,18,0,18,0,18,12,6,15,3,17,1,15,3
2023-24,Andhra Pradesh,Chittoor,Gudipala,Thimmaiahpalle,0,8,5,9,0,4,6,1,6,9,4,0,8,5,0,0,13,0,13,6,7,11,2,12,1,12,1,12,1
2023-24,Andhra Pradesh,Chittoor,Gudipala,Papasamudram,0,16,5,20,0,1,16,1,4,20,1,0,15,6,0,0,21,0,21,18,3,17,4,19,2,14,7,14,7
2023-24,Andhra Pradesh,Chittoor,Gudipala,Ramapuram,0,14,3,10,0,7,14,0,3,16,1,0,14,3,0,0,17,0,17,14,3,11,6,14,3,15,2,14,3
2023-24,Andhra Pradesh,Chittoor,Gudipala,Adilakshmamba Puram,0,33,6,20,7,12,20,1,18,37,2,0,30,9,0,0,39,0,39,17,22,28,11,38,1,39,0,31,8
2023-24,Andhra Pradesh,Chittoor,Gudipala,Pasumanda,0,2,1,2,0,1,2,1,0,2,1,0,2,1,0,0,3,0,3,2,1,2,1,3,0,3,0,2,1
2023-24,Andhra Pradesh,Chittoor,Gudipala,Marakalakuppam,0,12,7,12,0,7,16,0,3,14,5,0,9,10,0,1,18,0,19,6,13,13,6,15,4,18,1,13,6
2023-24,Andhra Pradesh,Chittoor,Gudipala,Nangamangalam,0,12,7,17,0,2,16,0,3,19,0,0,10,9,0,0,19,0,19,19,0,11,8,19,0,19,0,18,1
2023-24,Andhra Pradesh,Chittoor,Gudipala,Kuppiganipalle,0,4,1,0,0,5,4,0,1,3,2,0,4,1,0,0,5,0,5,2,3,5,0,5,0,3,2,4,1
2023-24,Andhra Pradesh,Chittoor,Gudipala,Cheelapalle,0,27,12,28,0,10,29,0,10,37,2,2,27,10,0,2,37,0,39,19,20,26,13,35,4,34,5,36,3
2023-24,Andhra Pradesh,Chittoor,Gudipala,Bomma Samudram,0,2,2,3,0,1,3,0,1,4,0,0,1,3,0,0,4,0,4,3,1,4,0,3,1,3,1,3,1
2023-24,Andhra Pradesh,Chittoor,Gudupalle,Agaram,0,23,0,15,4,4,7,2,14,20,3,0,21,2,0,0,23,0,23,15,8,15,8,22,1,19,4,21,2
2023-24,Andhra Pradesh,Chittoor,Gudupalle,Vengepalle,0,3,0,1,0,2,0,0,3,2,1,0,2,1,0,0,3,0,3,1,2,2,1,3,0,2,1,3,0
2023-24,Andhra Pradesh,Chittoor,Gudupalle,Sodiganipalle,0,22,0,19,1,2,6,0,16,20,2,0,17,5,0,0,22,0,22,18,4,18,4,21,1,20,2,21,1
2023-24,Andhra Pradesh,Chittoor,Gudupalle,Kodiganipalle,0,1,0,1,0,0,1,0,0,1,0,0,1,0,0,0,1,0,1,1,0,1,0,1,0,1,0,1,0
2023-24,Andhra Pradesh,Chittoor,Gudupalle,Thalai Agraharam,0,2,1,2,1,0,2,0,1,2,1,0,2,1,0,0,3,0,3,3,0,3,0,3,0,3,0,3,0
2023-24,Andhra Pradesh,Chittoor,Gudupalle,Settipalle,0,17,6,16,3,4,11,0,12,19,4,0,9,14,0,0,23,0,23,19,4,17,6,23,0,21,2,21,2
2023-24,Andhra Pradesh,Chittoor,Gudupalle,Irisiganipalle,0,1,0,1,0,0,0,0,1,1,0,0,1,0,1,0,0,0,1,1,0,1,0,1,0,1,0,1,0
2023-24,Andhra Pradesh,Chittoor,Gudupalle,Kanamanapalle,0,39,10,28,8,13,16,7,26,40,9,0,30,19,0,0,49,0,49,42,7,41,8,49,0,45,4,45,4
2023-24,Andhra Pradesh,Chittoor,Gudupalle,Dasimanipalle,0,25,2,19,2,6,10,3,14,22,5,0,19,8,0,0,27,0,27,22,5,20,7,27,0,25,2,26,1
2023-24,Andhra Pradesh,Chittoor,Gudupalle,Chinnagollapalle,0,27,10,34,2,1,22,2,13,33,4,2,25,10,0,0,37,0,37,30,7,29,8,37,0,33,4,34,3
2023-24,Andhra Pradesh,Chittoor,Gudupalle,Peddagollapalle,0,0,1,1,0,0,0,0,1,1,0,0,0,1,0,0,1,0,1,1,0,1,0,1,0,0,1,1,0
2023-24,Andhra Pradesh,Chittoor,Gudupalle,Pogurupalle,0,14,2,10,1,5,10,0,6,13,3,0,11,5,0,0,16,0,16,11,5,15,1,16,0,15,1,15,1
2023-24,Andhra Pradesh,Chittoor,Gudupalle,Onnapanayani Kothur,0,18,0,12,2,4,5,1,12,16,2,0,18,0,2,0,16,0,18,15,3,12,6,18,0,15,3,17,1
2023-24,Andhra Pradesh,Chittoor,Gudupalle,Cheekatipalle,0,13,0,9,1,3,5,0,8,13,0,0,10,3,0,0,13,0,13,13,0,9,4,13,0,12,1,12,1
2023-24,Andhra Pradesh,Chittoor,Gudupalle,Kuppiganipalle,0,1,0,1,0,0,0,0,1,0,1,0,1,0,0,0,1,0,1,1,0,1,0,1,0,1,0,1,0
2023-24,Andhra Pradesh,Chittoor,Gudupalle,Malavanikothur,0,1,0,1,0,0,1,0,0,1,0,0,1,0,0,0,1,0,1,1,0,1,0,1,0,1,0,1,0
2023-24,Andhra Pradesh,Chittoor,Gudupalle,Bijiganipalle,0,1,0,1,0,0,1,0,0,1,0,0,1,0,0,0,1,0,1,1,0,1,0,1,0,1,0,1,0
2023-24,Andhra Pradesh,Chittoor,Gudupalle,Kotapalle,0,7,0,3,0,4,3,0,4,6,1,0,7,0,0,0,7,0,7,5,2,5,2,7,0,7,0,6,1
2023-24,Andhra Pradesh,Chittoor,Gudupalle,Lingapuram Dinne,0,3,0,3,0,0,2,0,1,3,0,0,1,2,0,0,3,0,3,3,0,3,0,3,0,3,0,3,0
2023-24,Andhra Pradesh,Chittoor,Gudupalle,Anagarlapalle,0,4,1,4,1,0,1,1,3,4,1,0,4,1,0,0,5,0,5,5,0,5,0,5,0,5,0,5,0
2023-24,Andhra Pradesh,Chittoor,Gudupalle,Nalagampalle,8,27,11,17,9,20,37,2,7,27,19,6,25,15,1,0,44,0,46,13,33,27,19,46,0,43,3,40,6
2023-24,Andhra Pradesh,Chittoor,Gudupalle,Beggilipalle,0,16,1,8,1,8,6,2,9,15,2,0,16,1,0,2,15,0,17,16,1,12,5,17,0,16,1,16,1
2023-24,Andhra Pradesh,Chittoor,Gudupalle,Gokarlapalle,0,5,0,2,2,1,2,2,1,5,0,0,5,0,0,0,5,0,5,4,1,5,0,5,0,5,0,5,0
2023-24,Andhra Pradesh,Chittoor,Gudupalle,Yamaganipalle,0,47,3,32,5,13,24,3,23,44,6,0,41,9,1,0,49,0,50,33,17,37,13,50,0,43,7,46,4
2023-24,Andhra Pradesh,Chittoor,Gudupalle,Gudupalle,0,6,1,5,0,2,3,1,3,6,1,0,6,1,0,0,7,0,7,5,2,6,1,7,0,7,0,7,0
2023-24,Andhra Pradesh,Chittoor,Gudupalle,Avulathimmanapalle,0,26,0,20,2,4,4,2,20,24,2,0,24,2,0,0,26,0,26,18,8,20,6,26,0,23,3,23,3
2023-24,Andhra Pradesh,Chittoor,Gudupalle,Anganamalakothuru,0,5,0,2,2,1,4,0,1,4,1,0,3,2,0,0,5,0,5,4,1,2,3,5,0,5,0,5,0
2023-24,Andhra Pradesh,Chittoor,Irala,Irala,0,48,21,25,17,27,21,7,41,57,12,3,48,18,1,0,67,1,68,42,27,57,12,67,2,63,6,61,8
2023-24,Andhra Pradesh,Chittoor,Irala,Kaminayanipalle,0,25,10,5,19,11,6,4,25,31,4,1,25,9,0,0,35,0,35,34,1,30,5,35,0,30,5,23,12
2023-24,Andhra Pradesh,Chittoor,Irala,Kothapalle,0,27,8,19,5,11,19,1,15,29,6,8,27,0,0,0,35,0,35,2,33,4,31,35,0,33,2,25,10
2023-24,Andhra Pradesh,Chittoor,Irala,Mudigolam,0,20,7,21,0,6,14,0,13,23,4,1,20,6,0,0,27,0,27,7,20,19,8,27,0,26,1,22,5
2023-24,Andhra Pradesh,Chittoor,Irala,Erlampalle,0,37,11,36,3,9,34,4,10,42,6,3,37,8,0,0,48,0,48,23,25,32,16,48,0,41,7,34,14
2023-24,Andhra Pradesh,Chittoor,Irala,Chigarapalle,0,24,6,9,13,8,21,3,6,23,7,3,23,4,0,0,30,0,30,4,26,15,15,28,1,28,2,21,9
2023-24,Andhra Pradesh,Chittoor,Irala,Gundlapalle,0,6,4,10,0,0,8,0,2,8,2,0,6,4,0,0,10,0,10,5,5,10,0,10,0,10,0,9,1
2023-24,Andhra Pradesh,Chittoor,Irala,Morampalle,0,23,11,18,10,6,12,11,11,29,5,1,23,10,0,0,34,0,34,28,6,26,8,34,0,33,1,24,10
2023-24,Andhra Pradesh,Chittoor,Irala,Nampalle,0,17,16,26,0,7,17,0,16,26,7,2,16,15,0,0,33,0,33,24,9,31,2,33,0,31,2,24,9
2023-24,Andhra Pradesh,Chittoor,Irala,Pulluru,0,13,12,6,10,9,2,12,11,23,2,1,13,11,0,0,25,0,25,19,6,16,9,25,0,24,1,20,5
2023-24,Andhra Pradesh,Chittoor,Irala,Kanipakam,0,24,12,32,0,4,19,1,16,29,7,2,25,9,0,0,36,0,36,19,17,28,8,35,1,35,1,31,5
2023-24,Andhra Pradesh,Chittoor,Irala,Polakala,0,21,11,29,1,2,23,0,9,27,5,10,21,1,2,0,30,0,32,4,28,19,13,32,0,30,2,30,2
2023-24,Andhra Pradesh,Chittoor,Karvetinagar,Alathur,0,40,6,23,5,18,20,4,22,42,4,0,38,8,1,0,45,0,46,35,11,35,11,46,0,44,2,40,6
2023-24,Andhra Pradesh,Chittoor,Karvetinagar,Kollagunta,0,18,2,14,2,4,6,4,10,20,0,1,18,1,0,0,20,0,20,3,17,12,8,20,0,18,2,12,8
2023-24,Andhra Pradesh,Chittoor,Karvetinagar,Annur,0,12,7,9,1,9,8,1,10,18,1,1,12,6,0,0,19,0,19,3,16,12,7,18,1,17,2,9,10
2023-24,Andhra Pradesh,Chittoor,Karvetinagar,Tirumalakondamambagaripeta,0,16,5,20,0,1,21,0,0,20,1,3,16,2,0,0,21,0,21,1,20,16,5,21,0,20,1,11,10
2023-24,Andhra Pradesh,Chittoor,Karvetinagar,Katherapalle,0,18,4,21,0,1,11,2,9,19,3,0,17,5,0,0,22,0,22,9,13,17,5,22,0,21,1,15,7
2023-24,Andhra Pradesh,Chittoor,Karvetinagar,Ponnagallu,0,18,3,9,1,11,6,2,13,20,1,0,18,3,0,0,21,0,21,7,14,14,7,21,0,18,3,12,9
2023-24,Andhra Pradesh,Chittoor,Karvetinagar,Rajakumaravenkata Bahadurpet,0,17,3,16,1,3,9,1,10,19,1,1,17,2,0,0,20,0,20,6,14,13,7,18,2,19,1,11,9
2023-24,Andhra Pradesh,Chittoor,Karvetinagar,Kesavakuppam,0,19,2,4,4,13,1,6,14,20,1,0,19,2,0,0,21,0,21,10,11,11,10,21,0,21,0,11,10
2023-24,Andhra Pradesh,Chittoor,Karvetinagar,Karvetinagar,0,17,14,15,2,14,11,2,18,28,3,7,17,7,0,0,31,0,31,22,9,23,8,31,0,28,3,14,17
2023-24,Andhra Pradesh,Chittoor,Karvetinagar,Kotarvedu,0,17,2,8,3,8,4,5,10,19,0,0,17,2,2,0,17,0,19,12,7,10,9,19,0,18,1,11,8
2023-24,Andhra Pradesh,Chittoor,Karvetinagar,Gopichettipalle,0,17,4,18,1,2,8,3,10,21,0,4,16,1,5,0,16,0,21,17,4,17,4,20,1,20,1,13,8
2023-24,Andhra Pradesh,Chittoor,Karvetinagar,Damodara Maharajapuram,0,13,1,3,5,6,0,6,8,13,1,0,13,1,0,0,14,0,14,6,8,9,5,14,0,13,1,10,4
2023-24,Andhra Pradesh,Chittoor,Kuppam,Rajanam,0,0,1,1,0,0,0,0,1,1,0,0,0,1,0,0,1,0,1,1,0,1,0,0,1,1,0,1,0
2023-24,Andhra Pradesh,Chittoor,Kuppam,Mottakadirinur,0,1,0,1,0,0,0,0,1,1,0,0,1,0,0,0,1,0,1,1,0,1,0,1,0,1,0,1,0
2023-24,Andhra Pradesh,Chittoor,Kuppam,Ponnangur,0,21,5,21,1,4,9,4,13,10,16,0,21,5,0,0,26,0,26,20,6,18,8,25,1,22,4,26,0
2023-24,Andhra Pradesh,Chittoor,Kuppam,Kuppam (Ct),0,23,6,15,4,10,8,1,20,22,7,0,23,6,0,0,29,0,29,7,22,26,3,27,1,27,2,29,0
2023-24,Andhra Pradesh,Chittoor,Kuppam,Samaguttapalle,0,7,1,6,0,2,4,1,3,5,3,0,7,1,0,0,8,0,8,6,2,6,2,8,0,7,1,8,0
2023-24,Andhra Pradesh,Chittoor,Kuppam,Pedda Boggupallle,0,5,0,3,0,2,3,0,2,1,4,0,5,0,0,0,5,0,5,2,3,4,1,2,3,4,1,5,0
2023-24,Andhra Pradesh,Chittoor,Kuppam,T.Sadumur,0,10,0,8,1,1,0,1,9,5,5,0,10,0,0,1,9,0,10,7,3,6,4,9,1,9,1,10,0
2023-24,Andhra Pradesh,Chittoor,Kuppam,Avulanatham,0,1,0,1,0,0,1,0,0,0,1,0,1,0,0,0,1,0,1,1,0,1,0,1,0,1,0,1,0
2023-24,Andhra Pradesh,Chittoor,Kuppam,Gudlanayanipalle,0,12,7,19,0,0,8,2,9,12,7,0,12,7,0,0,19,0,19,15,4,17,2,18,1,18,1,19,0
2023-24,Andhra Pradesh,Chittoor,Kuppam,Chekkunatham,0,3,4,4,1,2,4,0,3,5,2,1,2,4,0,0,7,0,7,3,4,7,0,7,0,6,1,6,1
2023-24,Andhra Pradesh,Chittoor,Kuppam,Nadimur,0,13,7,20,0,0,17,0,3,19,1,0,13,7,0,0,20,0,20,16,4,15,5,19,1,17,3,19,1
2023-24,Andhra Pradesh,Chittoor,Kuppam,Krishnadasanapalle,0,5,3,3,0,5,4,0,4,2,6,0,5,3,0,1,7,0,8,5,3,5,3,8,0,7,1,8,0
2023-24,Andhra Pradesh,Chittoor,Kuppam,Gattappanayanipalle,0,1,0,1,0,0,0,0,1,0,1,0,1,0,0,0,1,0,1,1,0,1,0,1,0,1,0,1,0
2023-24,Andhra Pradesh,Chittoor,Kuppam,Urlaobanapalle,1,7,4,11,0,1,10,0,2,10,2,0,7,5,0,0,12,0,12,7,5,9,3,10,2,11,1,12,0
2023-24,Andhra Pradesh,Chittoor,Kuppam,Palarlapalle,0,10,6,15,0,1,14,0,2,6,10,0,10,6,0,0,16,0,16,13,3,14,2,16,0,14,2,16,0
2023-24,Andhra Pradesh,Chittoor,Kuppam,Vendugampalle,0,10,1,11,0,0,9,0,2,10,1,0,10,1,0,0,11,0,11,10,1,10,1,11,0,10,1,11,0
2023-24,Andhra Pradesh,Chittoor,Kuppam,Yanadipalle,0,3,0,0,0,3,2,0,1,1,2,0,3,0,0,1,2,0,3,3,0,3,0,2,1,2,1,3,0
2023-24,Andhra Pradesh,Chittoor,Kuppam,Jarugu,0,0,1,1,0,0,0,0,1,1,0,0,0,1,0,0,1,0,1,1,0,1,0,1,0,1,0,1,0
2023-24,Andhra Pradesh,Chittoor,Kuppam,Boggupalle,0,1,0,1,0,0,1,0,0,1,0,0,1,0,0,0,1,0,1,1,0,1,0,0,1,1,0,1,0
2023-24,Andhra Pradesh,Chittoor,Kuppam,Kungegowniyur,0,1,1,1,0,1,0,0,2,2,0,0,1,1,0,0,2,0,2,0,2,2,0,2,0,2,0,2,0
2023-24,Andhra Pradesh,Chittoor,Kuppam,Kuttiganipalle,0,4,3,3,2,2,1,2,4,7,0,0,4,3,0,0,7,0,7,4,3,3,4,6,1,7,0,6,1
2023-24,Andhra Pradesh,Chittoor,Kuppam,Chinnakurbalapalle (Rural),0,2,0,0,0,2,2,0,0,0,2,0,2,0,0,0,2,0,2,1,1,1,1,2,0,0,2,2,0
2023-24,Andhra Pradesh,Chittoor,Kuppam,Kamathamur,0,1,0,0,0,1,1,0,0,0,1,0,1,0,0,0,1,0,1,1,0,0,1,1,0,0,1,1,0
2023-24,Andhra Pradesh,Chittoor,Kuppam,Ekarlapalle,0,13,4,16,1,0,10,0,7,5,12,0,13,4,0,0,17,0,17,11,7,17,0,18,0,15,2,18,0
2023-24,Andhra Pradesh,Chittoor,Kuppam,Adavimulakapalle,0,9,7,8,2,6,10,0,6,6,10,0,13,3,0,0,16,0,16,13,3,14,2,15,1,16,0,15,1
2023-24,Andhra Pradesh,Chittoor,Kuppam,Bandasettipalle (Rural),0,3,0,3,0,0,0,0,3,2,1,0,3,0,0,0,3,0,3,3,0,2,1,3,0,3,0,3,0
2023-24,Andhra Pradesh,Chittoor,Kuppam,Adavi Budugur,1,37,10,17,15,16,22,5,21,40,8,2,37,9,0,0,47,0,48,28,20,34,13,45,3,47,1,40,8
2023-24,Andhra Pradesh,Chittoor,Kuppam,Kanamapacharla Palle,0,12,0,4,0,8,9,0,3,2,10,0,12,0,0,0,12,0,12,9,3,10,2,12,0,10,2,12,0
2023-24,Andhra Pradesh,Chittoor,Kuppam,Peddagopanapalle,0,1,0,1,0,0,0,0,1,0,1,0,1,0,0,0,1,0,1,1,0,1,0,1,0,1,0,1,0
2023-24,Andhra Pradesh,Chittoor,Kuppam,Chinnaobba,0,1,0,1,0,0,0,0,1,0,1,0,1,0,0,0,1,0,1,1,0,1,0,1,0,1,0,1,0
2023-24,Andhra Pradesh,Chittoor,Kuppam,Paipalyam,0,18,1,17,0,2,16,0,3,18,1,0,18,1,0,0,19,0,19,14,5,17,2,18,1,15,4,19,0
2023-24,Andhra Pradesh,Chittoor,Kuppam,Mulakalapalle,0,1,1,1,0,1,0,0,2,1,1,0,1,1,0,0,2,0,2,1,1,1,1,2,0,1,1,1,1
2023-24,Andhra Pradesh,Chittoor,Kuppam,Vasanadu,0,10,5,14,0,1,13,0,2,11,4,0,9,6,0,0,15,0,15,9,6,14,1,14,1,12,3,15,0
2023-24,Andhra Pradesh,Chittoor,Kuppam,Urinayanipalle,0,1,0,0,0,1,0,0,1,1,0,0,1,0,0,0,1,0,1,0,1,1,0,1,0,1,0,1,0
2023-24,Andhra Pradesh,Chittoor,Kuppam,Noolakunta,0,3,2,2,2,1,3,0,2,3,2,0,3,2,1,0,4,0,5,3,2,4,1,4,1,3,2,5,0
2023-24,Andhra Pradesh,Chittoor,Kuppam,Pedda Bangarunatham,0,47,15,26,20,16,29,2,31,58,4,0,47,15,0,0,62,0,62,27,35,46,16,58,4,53,9,61,1
2023-24,Andhra Pradesh,Chittoor,Kuppam,Mittapalle,0,13,7,19,0,1,3,2,15,12,8,0,13,7,0,0,20,0,20,11,9,16,4,18,2,19,1,20,0
2023-24,Andhra Pradesh,Chittoor,Kuppam,Kakimadugu,0,17,1,13,0,5,12,0,6,7,11,0,17,1,0,0,18,0,18,13,5,17,1,16,2,17,1,18,0
2023-24,Andhra Pradesh,Chittoor,Kuppam,Kothapalle,0,13,2,1,10,4,4,6,5,6,9,0,13,2,0,0,15,0,15,5,10,8,7,14,1,12,3,14,1
2023-24,Andhra Pradesh,Chittoor,Kuppam,Kathimanipalle,0,2,0,2,0,0,0,0,2,1,1,0,2,0,1,0,1,0,2,2,0,2,0,2,0,2,0,2,0
2023-24,Andhra Pradesh,Chittoor,Kuppam,Dasegowniyur,0,11,4,13,0,2,14,0,1,14,1,0,11,4,0,0,15,0,15,11,4,12,3,15,0,14,1,15,0
2023-24,Andhra Pradesh,Chittoor,Kuppam,Guttapalle,0,1,0,1,0,0,0,0,1,0,1,0,1,0,0,0,1,0,1,1,0,1,0,1,0,1,0,1,0
2023-24,Andhra Pradesh,Chittoor,Kuppam,Seegalapalle,0,0,2,2,0,0,2,0,0,1,1,0,0,2,0,0,2,0,2,1,1,1,1,2,0,2,0,2,0
2023-24,Andhra Pradesh,Chittoor,Kuppam,Kangundi,0,21,12,19,3,11,22,1,10,18,15,0,22,11,0,0,33,4,29,18,15,26,7,32,1,29,4,32,1
2023-24,Andhra Pradesh,Chittoor,Nagari,Tirumalarajukandriga,0,4,0,3,0,1,2,2,0,3,1,0,4,0,0,0,4,0,4,2,2,3,1,4,0,4,0,3,1
2023-24,Andhra Pradesh,Chittoor,Nagari,Nagari,1,3,4,2,2,4,2,6,0,0,8,1,3,4,0,0,8,0,8,0,8,5,3,8,0,8,0,6,2
2023-24,Andhra Pradesh,Chittoor,Nagari,Netthamkandriga,0,2,0,2,0,0,2,0,0,1,1,0,2,0,0,0,2,0,2,1,1,2,0,2,0,2,0,2,0
2023-24,Andhra Pradesh,Chittoor,Nagari,Ekambarakuppam,0,1,0,1,0,0,1,0,0,1,0,0,1,0,0,0,1,0,1,1,0,1,0,1,0,1,0,0,1
2023-24,Andhra Pradesh,Chittoor,Nagari,Kakavedu,0,5,3,5,0,3,5,0,3,7,1,0,5,3,0,0,8,0,8,6,2,6,2,8,0,8,0,5,3
2023-24,Andhra Pradesh,Chittoor,Nagari,Srinivasapuram,0,5,1,5,0,1,4,1,1,6,0,0,6,0,0,0,6,0,6,4,2,5,1,6,0,5,1,5,1
2023-24,Andhra Pradesh,Chittoor,Nagari,Mittapalem,0,4,1,3,2,0,3,2,0,3,2,0,4,1,0,0,5,0,5,3,2,4,1,5,0,5,0,5,0
2023-24,Andhra Pradesh,Chittoor,Nagari,Oranthangal Gollakuppam,0,3,0,3,0,0,1,1,1,3,0,0,3,0,0,0,3,0,3,3,0,1,2,3,0,3,0,3,0
2023-24,Andhra Pradesh,Chittoor,Nagari,Adavikothuru,0,33,6,21,6,12,19,7,13,29,10,1,32,6,0,0,39,1,39,25,14,24,15,37,1,36,3,28,11
2023-24,Andhra Pradesh,Chittoor,Nagari,Gundrajukuppam (R),1,7,3,7,1,3,6,2,3,9,2,1,7,3,0,0,11,0,11,7,4,9,2,11,0,11,0,9,2
2023-24,Andhra Pradesh,Chittoor,Nagari,Salvapatteda,0,1,1,2,0,0,2,0,0,1,1,0,1,1,0,0,2,0,2,1,1,1,0,2,0,2,0,2,0
2023-24,Andhra Pradesh,Chittoor,Nagari,Kannikapuram,0,1,0,1,0,0,1,0,0,1,0,0,1,0,0,0,1,0,1,1,0,0,1,1,0,1,0,1,0
2023-24,Andhra Pradesh,Chittoor,Nagari,Veerakaverirajupuram,0,1,2,3,0,0,3,0,0,3,0,0,1,2,0,0,3,0,3,1,2,3,0,3,0,2,1,2,1
2023-24,Andhra Pradesh,Chittoor,Nagari,Damarapakam,0,1,1,0,0,2,0,1,1,1,1,0,1,1,0,0,2,0,2,1,1,1,1,2,0,2,0,1,1
2023-24,Andhra Pradesh,Chittoor,Nagari,Nagarajukuppam,0,6,0,2,0,4,6,0,0,5,1,0,4,0,0,0,6,0,6,6,0,3,3,6,0,6,0,4,2
2023-24,Andhra Pradesh,Chittoor,Nagari,Saraswathivilasapuram,1,0,0,0,0,1,0,1,0,1,0,0,0,1,0,0,1,0,1,0,1,0,1,1,0,1,0,1,0
2023-24,Andhra Pradesh,Chittoor,Nagari,Taduku,0,1,1,1,0,1,0,1,1,1,1,0,2,0,0,0,2,0,2,1,1,1,1,2,0,2,0,2,0
2023-24,Andhra Pradesh,Chittoor,Nagari,Venkatanarasimha -Rajuvaripet,0,1,0,1,0,0,0,1,0,1,0,0,1,0,0,0,1,0,1,1,0,0,1,1,0,1,0,1,0
2023-24,Andhra Pradesh,Chittoor,Nagari,Mudipalle,0,8,1,6,1,2,8,0,1,8,1,0,9,0,0,0,9,0,9,6,3,6,3,8,0,9,0,6,3
2023-24,Andhra Pradesh,Chittoor,Nagari,Therani (R),0,11,0,9,0,2,10,1,0,9,2,0,11,0,0,0,11,0,11,5,6,8,3,10,0,11,0,8,3
2023-24,Andhra Pradesh,Chittoor,Nagari,Agaram,0,9,4,8,0,5,7,2,4,9,4,0,7,6,0,0,13,0,13,8,5,9,4,12,0,11,2,8,5
2023-24,Andhra Pradesh,Chittoor,Nagari,Velavadi,0,4,2,4,1,1,6,0,0,5,1,0,4,2,0,0,6,0,6,6,0,6,0,5,0,6,0,5,1
2023-24,Andhra Pradesh,Chittoor,Nindra,Koppedu Acharyula Khandriga,0,8,3,8,0,3,5,4,2,7,4,0,8,3,0,0,11,0,11,8,3,8,3,11,0,11,0,9,2
2023-24,Andhra Pradesh,Chittoor,Nindra,Agaram,0,17,5,15,1,6,9,6,7,19,3,0,16,6,12,0,10,0,22,12,10,17,5,22,0,22,0,14,8
2023-24,Andhra Pradesh,Chittoor,Nindra,Elakatur,0,2,0,2,0,0,1,1,0,1,1,0,2,0,0,0,2,0,2,1,1,2,0,2,0,2,0,2,0
2023-24,Andhra Pradesh,Chittoor,Nindra,Chavarambakam,0,3,0,2,0,1,0,2,1,3,0,0,3,0,0,0,3,0,3,2,1,0,3,3,0,3,0,0,3
2023-24,Andhra Pradesh,Chittoor,Nindra,Kunama Raju Palem,0,0,2,2,0,0,2,0,0,1,1,0,0,2,0,0,2,0,2,2,0,2,0,2,0,2,0,2,0
2023-24,Andhra Pradesh,Chittoor,Nindra,Kavanur,0,7,3,7,0,3,5,5,0,6,4,0,7,3,0,0,10,0,10,7,3,8,2,9,1,10,0,7,3
2023-24,Andhra Pradesh,Chittoor,Nindra,Kacharavedu,0,5,3,5,0,3,5,2,1,6,2,0,5,3,0,0,8,0,8,4,4,8,0,8,0,8,0,8,0
2023-24,Andhra Pradesh,Chittoor,Nindra,Arur,0,4,2,5,0,1,3,1,2,4,2,0,5,1,0,0,6,0,6,4,2,3,3,5,0,6,0,4,2
2023-24,Andhra Pradesh,Chittoor,Nindra,Nindra,0,12,5,14,1,2,5,10,2,12,5,0,12,5,0,0,17,1,16,12,5,13,4,16,1,17,0,13,4
2023-24,Andhra Pradesh,Chittoor,Nindra,Athur,0,6,2,5,0,3,5,0,3,5,3,0,6,2,0,0,8,0,8,6,2,6,2,8,0,8,0,6,2
2023-24,Andhra Pradesh,Chittoor,Nindra,Iruguvai,0,8,2,6,1,3,5,4,1,6,4,0,8,2,0,0,10,0,10,4,6,7,3,10,0,10,0,8,2
2023-24,Andhra Pradesh,Chittoor,Nindra,Padiri,0,8,4,9,0,3,5,4,3,9,3,0,8,4,0,0,12,0,12,7,5,9,3,12,0,12,0,9,3
2023-24,Andhra Pradesh,Chittoor,Palamaner,Palamaneru,0,31,12,31,1,11,6,20,17,22,21,1,31,11,0,0,43,1,42,27,16,34,9,40,3,42,1,43,0
2023-24,Andhra Pradesh,Chittoor,Palamaner,Karidimadugu,0,16,2,5,3,10,0,7,11,2,16,0,15,3,0,0,18,0,18,18,0,16,2,18,0,17,1,17,1
2023-24,Andhra Pradesh,Chittoor,Palamaner,Baippagari Palle,0,3,8,8,2,1,2,2,7,3,8,0,4,7,0,0,11,0,11,10,1,10,1,11,0,10,1,11,0
2023-24,Andhra Pradesh,Chittoor,Palamaner,Moram (Part),0,10,11,15,2,4,6,4,11,4,17,1,10,10,0,0,21,0,21,16,5,18,3,20,0,18,3,21,0
2023-24,Andhra Pradesh,Chittoor,Palamaner,Pengara Kunta,0,23,29,21,12,19,9,0,43,21,31,5,20,27,0,0,52,1,51,47,5,39,13,51,1,43,9,52,0
2023-24,Andhra Pradesh,Chittoor,Palamaner,Samudrapalle,0,16,12,13,2,13,13,2,13,12,16,0,14,14,0,0,28,0,28,17,11,16,12,25,3,27,1,28,0
2023-24,Andhra Pradesh,Chittoor,Palamaner,Kurmoi,0,29,11,17,15,8,5,9,26,12,28,0,28,12,0,0,40,0,40,31,9,31,9,37,3,36,4,40,0
2023-24,Andhra Pradesh,Chittoor,Palamaner,Ayyamreddi Palle,0,1,0,0,0,1,0,1,0,1,0,0,1,0,0,0,1,0,1,0,1,1,0,1,0,1,0,1,0
2023-24,Andhra Pradesh,Chittoor,Palamaner,Kolamasana Palle,0,17,4,6,10,5,2,0,19,1,20,0,16,5,0,0,21,0,21,20,1,16,5,20,1,18,3,21,0
2023-24,Andhra Pradesh,Chittoor,Palamaner,Ankamvaripalle,0,0,1,0,0,1,0,1,0,0,1,1,0,0,0,0,1,0,1,0,1,1,0,1,0,1,0,1,0
2023-24,Andhra Pradesh,Chittoor,Palamaner,Gundlapalle,0,12,16,5,6,17,1,0,27,13,15,0,11,17,0,0,28,0,28,22,6,23,5,28,0,27,1,28,0
2023-24,Andhra Pradesh,Chittoor,Palamaner,Jagamarla,0,16,6,0,14,8,12,1,9,4,18,0,16,6,0,0,21,0,21,20,2,20,2,20,2,19,3,22,0
2023-24,Andhra Pradesh,Chittoor,Palasamudram,Vengalarajukuppam,0,20,6,1,10,15,16,2,8,17,9,0,21,5,0,0,26,0,26,16,10,21,4,22,2,26,0,18,8
2023-24,Andhra Pradesh,Chittoor,Palasamudram,Lakshminarasimha Puram,0,4,0,2,1,1,4,0,0,2,2,0,4,0,0,0,4,0,4,3,1,4,0,3,0,4,0,3,1
2023-24,Andhra Pradesh,Chittoor,Palasamudram,Amudala,0,11,4,7,1,7,10,1,4,9,6,0,10,5,0,0,15,0,15,10,5,12,3,11,1,15,0,14,1
2023-24,Andhra Pradesh,Chittoor,Palasamudram,Amudalaputhur,0,7,3,3,3,4,9,0,1,9,1,0,7,3,0,0,10,0,10,7,3,10,0,9,0,10,0,8,2
2023-24,Andhra Pradesh,Chittoor,Palasamudram,Kaverirajupuram,0,1,0,0,0,1,1,0,0,1,0,0,1,0,0,0,1,0,1,0,1,1,0,0,0,1,0,0,1
2023-24,Andhra Pradesh,Chittoor,Palasamudram,Narasimhapuram @ A.Khandriga,0,0,2,1,0,1,2,0,0,2,0,0,0,2,0,0,2,0,2,1,1,2,0,2,0,2,0,2,0
2023-24,Andhra Pradesh,Chittoor,Palasamudram,Allipoolagunta,0,0,1,0,1,0,0,0,1,0,1,0,0,1,0,0,1,0,1,0,1,0,1,1,0,1,0,1,0
2023-24,Andhra Pradesh,Chittoor,Palasamudram,Balakrishnapuram,0,5,2,5,0,2,7,0,0,6,1,1,3,3,0,0,7,0,7,3,4,6,1,5,0,7,0,7,0
2023-24,Andhra Pradesh,Chittoor,Palasamudram,Ramakrishnapuram,0,2,2,1,3,0,2,2,0,3,1,0,2,2,0,0,4,0,4,1,3,2,2,3,1,4,0,2,2
2023-24,Andhra Pradesh,Chittoor,Palasamudram,Palasamudram,0,18,0,6,4,8,17,0,1,6,12,0,17,1,0,0,18,0,18,15,3,16,2,17,0,18,0,14,4
2023-24,Andhra Pradesh,Chittoor,Palasamudram,Krishnajammapuram,0,32,4,12,6,18,26,1,9,25,11,0,32,4,0,0,36,0,36,25,11,28,8,34,2,37,0,28,8
2023-24,Andhra Pradesh,Chittoor,Palasamudram,Srikaverirajupuram,0,17,2,4,5,10,12,2,5,16,3,0,16,3,0,0,19,1,18,13,6,16,3,15,3,19,0,18,1
2023-24,Andhra Pradesh,Chittoor,Palasamudram,Vanadurgapuram,0,16,0,4,3,9,7,2,7,10,6,0,16,0,3,0,13,0,16,11,5,12,4,15,1,16,0,13,3
2023-24,Andhra Pradesh,Chittoor,Peddapanjani,Thurlapalle,0,14,5,9,6,4,5,0,14,10,9,0,13,6,0,0,19,0,19,11,8,10,9,16,3,16,3,17,2
2023-24,Andhra Pradesh,Chittoor,Peddapanjani,Bommarajupalle,0,16,3,9,4,6,7,0,12,15,4,0,16,3,0,0,19,0,19,8,11,14,5,17,2,17,2,18,1
2023-24,Andhra Pradesh,Chittoor,Peddapanjani,Rayalapeta,0,9,3,7,0,5,1,4,7,12,0,0,8,4,0,8,4,0,12,10,2,8,4,10,2,10,2,9,3
2023-24,Andhra Pradesh,Chittoor,Peddapanjani,Nagireddipalle,0,15,9,15,2,7,7,4,13,20,4,0,16,8,0,2,22,0,24,17,7,20,4,21,3,18,6,22,2
2023-24,Andhra Pradesh,Chittoor,Peddapanjani,Veerapalle,0,6,10,13,1,2,9,0,7,13,3,2,6,8,0,0,16,0,16,11,5,12,4,12,4,12,4,13,3
2023-24,Andhra Pradesh,Chittoor,Peddapanjani,Kolathur,0,11,9,20,0,0,9,5,6,16,4,0,10,10,1,0,19,0,20,15,5,11,9,17,3,16,4,17,3
2023-24,Andhra Pradesh,Chittoor,Peddapanjani,Gamkonda,0,16,2,11,3,4,1,4,13,12,6,0,16,2,0,0,18,0,18,15,3,16,2,18,0,15,3,16,2
2023-24,Andhra Pradesh,Chittoor,Peddapanjani,Sankarayalapeta,0,5,11,13,0,3,7,0,9,14,2,0,4,12,0,0,16,0,16,8,8,15,1,15,1,13,3,14,2
2023-24,Andhra Pradesh,Chittoor,Peddapanjani,Muthukur,0,26,12,13,7,18,15,8,15,25,13,1,26,11,1,3,34,0,38,19,19,31,7,29,9,31,7,33,5
2023-24,Andhra Pradesh,Chittoor,Peddapanjani,Nidigunta,0,4,4,3,0,5,4,0,4,7,1,2,4,2,0,0,8,0,8,4,4,6,2,8,0,7,1,6,2
2023-24,Andhra Pradesh,Chittoor,Peddapanjani,Chamaneru,1,3,4,1,1,6,3,2,3,7,1,0,3,5,0,0,8,0,8,7,1,5,3,6,2,7,1,7,1
2023-24,Andhra Pradesh,Chittoor,Peddapanjani,Peddavelagatur,0,10,10,13,1,6,7,0,13,17,3,0,10,10,0,1,19,0,20,9,11,17,3,15,5,16,4,18,2
2023-24,Andhra Pradesh,Chittoor,Peddapanjani,Mudarampalle,0,1,4,3,1,1,3,0,2,3,2,0,1,4,0,0,5,0,5,2,3,3,2,4,1,5,0,3,2
2023-24,Andhra Pradesh,Chittoor,Peddapanjani,Appinapalle,0,15,3,15,1,2,9,0,9,17,1,0,13,4,1,0,17,0,18,10,8,17,1,16,2,16,2,16,2
2023-24,Andhra Pradesh,Chittoor,Peddapanjani,Battamdoddi,0,17,10,9,8,10,7,2,18,22,5,0,17,10,0,0,27,0,27,21,6,22,5,21,6,23,4,23,4
2023-24,Andhra Pradesh,Chittoor,Peddapanjani,Karasanapalle,0,39,11,36,5,9,14,12,24,46,4,0,35,15,0,2,48,0,50,44,6,35,15,46,4,47,3,47,3
2023-24,Andhra Pradesh,Chittoor,Peddapanjani,Chalamangalam,0,11,12,18,1,4,6,7,10,19,4,1,12,10,0,0,23,0,23,16,7,19,4,15,8,18,5,21,2
2023-24,Andhra Pradesh,Chittoor,Peddapanjani,Peddakappalle,0,13,7,12,1,7,4,3,13,16,4,0,12,8,0,2,18,0,20,14,6,16,4,19,1,17,3,15,5
2023-24,Andhra Pradesh,Chittoor,Peddapanjani,Kogileru,0,17,3,8,7,5,1,7,12,18,2,0,16,4,0,0,20,0,20,9,11,12,8,17,3,14,6,19,1
2023-24,Andhra Pradesh,Chittoor,Peddapanjani,Peddapanjani,0,13,4,15,1,1,6,0,11,14,3,0,13,4,0,0,17,0,17,6,11,8,9,14,3,15,2,15,2
2023-24,Andhra Pradesh,Chittoor,Peddapanjani,Suddagundlapalle,0,2,4,4,0,2,2,0,4,6,0,2,2,2,0,0,6,0,6,5,1,5,1,5,1,4,2,4,2
2023-24,Andhra Pradesh,Chittoor,Penumuru,Mopireddipalle,0,2,1,1,1,1,1,1,1,2,1,0,1,2,0,0,3,0,3,1,2,2,1,3,0,3,0,2,1
2023-24,Andhra Pradesh,Chittoor,Penumuru,Pulikallu,0,5,2,3,2,2,4,0,3,5,2,0,4,3,0,0,7,0,7,3,4,3,4,7,0,6,1,3,4
2023-24,Andhra Pradesh,Chittoor,Penumuru,Sathambakam,0,7,13,5,5,10,12,1,7,8,12,4,7,9,0,0,20,0,20,7,13,12,8,16,4,16,4,15,5
2023-24,Andhra Pradesh,Chittoor,Penumuru,Samireddipalle,0,2,3,2,3,0,3,1,1,2,3,0,1,4,0,0,5,0,5,3,2,3,2,5,0,5,0,5,0
2023-24,Andhra Pradesh,Chittoor,Penumuru,Chinnamareddi Khandriga,0,10,18,9,5,14,14,5,9,17,11,1,10,17,0,0,28,0,28,11,17,19,9,25,3,27,1,17,11
2023-24,Andhra Pradesh,Chittoor,Penumuru,Penumuru,0,21,21,8,19,15,12,8,22,26,16,2,18,22,0,0,42,0,42,18,24,27,15,31,11,35,7,26,16
2023-24,Andhra Pradesh,Chittoor,Penumuru,Chinthapenta,0,9,11,5,10,5,6,4,10,10,10,1,8,11,0,0,20,0,20,7,13,12,8,18,1,19,1,12,8
2023-24,Andhra Pradesh,Chittoor,Penumuru,Kaligiri,0,1,0,1,0,0,1,0,0,1,0,0,1,0,0,0,1,0,1,0,1,1,0,1,0,1,0,1,0
2023-24,Andhra Pradesh,Chittoor,Penumuru,Kalvagunta,0,12,15,10,7,10,10,5,12,20,7,0,12,15,0,0,27,0,27,16,11,18,9,23,4,24,3,14,13
2023-24,Andhra Pradesh,Chittoor,Penumuru,Kamachinnaiahpalle,0,10,4,4,6,4,9,3,2,7,7,0,10,4,0,0,14,0,14,11,3,10,4,11,3,13,1,10,4
2023-24,Andhra Pradesh,Chittoor,Penumuru,Chennasamudra Agraharam,0,0,1,1,0,0,0,0,1,1,0,1,0,0,0,0,1,0,1,1,0,1,0,1,0,1,0,1,0
2023-24,Andhra Pradesh,Chittoor,Penumuru,Guntipalle,0,2,2,0,3,1,2,0,2,3,1,0,1,3,0,0,4,0,4,3,1,4,0,3,1,3,1,2,2
2023-24,Andhra Pradesh,Chittoor,Penumuru,Charvaganipalle,0,14,4,4,8,6,8,2,8,11,7,0,11,7,0,0,18,0,18,10,8,14,4,18,0,16,2,11,7
2023-24,Andaman & Nicobar,Nicobars,Campbell Bay,Govinda Nagar,0,2,24,0,9,17,0,12,14,0,26,0,26,0,0,4,22,11,15,26,0,26,0,26,0,26,0,26,0
2023-24,Andaman & Nicobar,Nicobars,Car Nicobar,Mus,0,9,0,0,8,1,0,9,0,0,9,0,9,0,0,0,9,2,7,9,0,0,9,9,0,9,0,9,0
2023-24,Andaman & Nicobar,Nicobars,Car Nicobar,Teetop,0,8,2,0,9,1,0,9,1,0,10,0,10,0,0,0,10,0,10,10,0,9,1,10,0,10,0,10,0
2023-24,Andaman & Nicobar,Nicobars,Car Nicobar,Malacca,0,7,3,0,8,2,0,7,3,0,10,0,9,1,0,0,10,7,3,10,0,10,0,10,0,10,0,10,0
2023-24,Andaman & Nicobar,Nicobars,Car Nicobar,Kinmai,0,9,0,0,9,0,0,7,2,0,9,0,9,0,0,0,9,0,9,9,0,9,0,9,0,9,0,9,0
2023-24,Andaman & Nicobar,Nicobars,Car Nicobar,Small Lapati,0,6,5,0,8,3,0,9,2,0,11,0,10,1,0,0,11,0,11,11,0,7,4,11,0,11,0,11,0
2023-24,Andaman & Nicobar,Nicobars,Car Nicobar,Big Lapati,0,6,3,0,7,2,0,7,2,0,9,0,9,0,0,0,9,0,9,9,0,9,0,9,0,9,0,9,0
2023-24,Andaman & Nicobar,Nicobars,Car Nicobar,Perka,0,10,0,0,7,3,0,9,1,0,10,0,6,4,0,0,10,5,5,10,0,10,0,9,1,10,0,10,0
2023-24,Andaman & Nicobar,Nicobars,Car Nicobar,Kinyuka,0,10,0,0,10,0,0,9,1,0,10,0,10,0,0,0,10,5,5,10,0,3,7,9,1,10,0,10,0
2023-24,Andaman & Nicobar,Nicobars,Car Nicobar,Chuckchucha,0,8,2,0,10,0,0,5,5,0,10,0,9,1,0,0,10,0,10,10,0,10,0,8,2,10,0,10,0
2023-24,Andaman & Nicobar,Nicobars,Car Nicobar,Arong,0,7,0,0,7,0,0,7,0,0,7,0,7,0,0,0,7,0,7,7,0,7,0,7,0,7,0,7,0
2023-24,Andaman & Nicobar,Nicobars,Car Nicobar,Sawai,0,10,0,0,10,0,0,10,0,0,10,0,10,0,0,0,10,0,10,10,0,0,10,10,0,10,0,10,0
2023-24,Andaman & Nicobar,Nicobars,Car Nicobar,Kimois,0,11,1,0,7,5,0,12,0,0,12,0,12,0,0,0,12,0,12,12,0,12,0,11,1,12,0,12,0
2023-24,Andaman & Nicobar,Nicobars,Car Nicobar,Tapoiming,0,6,4,0,8,2,0,8,2,0,10,0,8,2,0,0,10,2,8,10,0,2,8,10,0,10,0,10,0
2023-24,Andaman & Nicobar,Nicobars,Car Nicobar,Kakana,0,6,0,0,3,3,0,5,1,0,6,0,2,4,0,0,6,0,6,6,0,6,0,6,0,6,0,6,0
2023-24,Andaman & Nicobar,Nicobars,Nancowrie,Kapanga*,0,4,0,0,4,0,0,4,0,0,4,0,4,0,0,0,4,0,4,4,0,2,2,4,0,4,0,4,0
2023-24,Andaman & Nicobar,Nicobars,Nancowrie,Kupinga*,0,16,0,0,16,0,0,16,0,0,16,0,16,0,0,0,16,2,14,16,0,15,1,16,0,16,0,16,0
2023-24,Andaman & Nicobar,Nicobars,Nancowrie,Hindra*,0,2,0,0,2,0,0,2,0,0,2,0,2,0,0,0,2,1,1,2,0,2,0,2,0,2,0,2,0
2023-24,Andaman & Nicobar,Nicobars,Nancowrie,Berainak/Badnak,1,13,1,0,11,4,0,15,0,0,15,1,14,0,0,0,15,1,14,15,0,11,4,14,1,15,0,15,0
2023-24,Andaman & Nicobar,Nicobars,Nancowrie,Champin,0,1,0,0,1,0,0,1,0,0,1,0,1,0,0,0,1,0,1,1,0,1,0,1,0,1,0,1,0
2023-24,Andaman & Nicobar,Nicobars,Nancowrie,Japan Tikri,0,2,0,0,2,0,0,2,0,0,2,0,2,0,0,0,2,0,2,2,0,2,0,2,0,2,0,2,0
2023-24,Andaman & Nicobar,North And Middle Andaman,Rangat,Bakultala Rv,0,26,18,0,23,21,0,32,12,0,44,0,44,0,0,0,44,0,44,44,0,44,0,44,0,44,0,44,0
2023-24,Andaman & Nicobar,South Andamans,Ferrargunj,Tusnabad (Rv),0,25,4,0,20,9,0,29,0,1,28,0,28,1,0,0,29,1,28,29,0,17,12,21,8,29,0,29,0
2023-24,Andaman & Nicobar,South Andamans,Ferrargunj,Chouldari (Rv),0,29,11,0,26,14,1,37,2,0,40,0,40,0,0,0,40,0,40,40,0,40,0,40,0,40,0,40,0
2023-24,Andaman & Nicobar,South Andamans,Ferrargunj,Manpur (Rv),0,17,15,0,22,10,0,30,2,0,32,0,32,0,0,6,26,0,32,31,1,22,10,31,1,32,0,32,0
2023-24,Andaman & Nicobar,South Andamans,Ferrargunj,Tirur (Rv),0,3,8,0,7,4,0,11,0,0,11,0,11,0,0,9,2,2,9,11,0,11,0,11,0,11,0,11,0
2023-24,Andaman & Nicobar,South Andamans,Ferrargunj,Bindraban (Rv),0,5,3,0,6,2,0,7,1,0,8,0,8,0,0,0,8,0,8,8,0,8,0,8,0,8,0,8,0
2023-24,Andaman & Nicobar,South Andamans,Ferrargunj,Alipur (Rv),0,1,0,0,1,0,0,1,0,0,1,0,1,0,0,0,1,0,1,1,0,1,0,1,0,1,0,1,0
2023-24,Andaman & Nicobar,South Andamans,Ferrargunj,Mithakhari (Rv),0,12,3,0,10,5,0,14,1,0,15,0,15,0,0,0,15,0,15,15,0,13,2,15,0,15,0,15,0
2023-24,Andaman & Nicobar,South Andamans,Ferrargunj,Herbertabad (Rv),0,6,3,0,5,4,0,9,0,0,9,0,9,0,0,3,6,0,9,9,0,1,8,9,0,9,0,9,0
2023-24,Andaman & Nicobar,South Andamans,Ferrargunj,Namunaghar (Rv),0,7,3,0,7,3,0,9,1,0,10,0,10,0,0,0,10,0,10,10,0,10,0,10,0,10,0,10,0
2023-24,Andaman & Nicobar,South Andamans,Ferrargunj,Hobdipur (Rv),0,7,8,0,12,3,0,15,0,1,14,0,15,0,0,0,15,1,14,15,0,12,3,11,4,15,0,15,0
2023-24,Andaman & Nicobar,South Andamans,Ferrargunj,Hashmatabad (Rv),0,5,3,0,4,4,0,7,1,0,8,0,8,0,0,0,8,0,8,8,0,8,0,8,0,8,0,8,0
2023-24,Andaman & Nicobar,South Andamans,Ferrargunj,Dhanikhari (Rv),0,1,0,0,0,1,0,1,0,0,1,0,1,0,0,0,1,0,1,1,0,1,0,1,0,1,0,1,0
2023-24,Andaman & Nicobar,South Andamans,Ferrargunj,Maymyo (Rv),0,3,2,0,2,3,0,3,2,0,5,0,5,0,0,0,5,0,5,5,0,5,0,5,0,5,0,5,0
2023-24,Andaman & Nicobar,South Andamans,Ferrargunj,Wandur (Rv),0,20,9,0,20,9,0,25,4,3,26,0,29,0,0,2,27,0,29,29,0,24,5,26,3,28,1,29,0
2023-24,Andaman & Nicobar,South Andamans,Ferrargunj,Colinpur (Rv),0,7,5,0,7,5,0,11,1,0,12,0,12,0,0,2,10,0,12,12,0,4,8,12,0,12,0,11,1
2023-24,Andaman & Nicobar,South Andamans,Ferrargunj,Caddlegunj (Rv) (Incl. Sona Pahar & Hazari Bagh (Jppc),0,0,1,0,1,0,0,1,0,0,1,0,1,0,0,0,1,0,1,1,0,1,0,1,0,1,0,1,0
2023-24,Andaman & Nicobar,South Andamans,Prothrapur,Teylorabad (Rv),0,27,2,0,26,3,0,25,4,0,29,0,29,0,0,0,29,1,28,29,0,22,7,27,2,29,0,29,0
2023-24,Andaman & Nicobar,South Andamans,Prothrapur,Govinda Nagar (Rv),0,7,8,0,7,8,0,14,1,0,15,0,15,0,0,0,15,14,1,15,0,15,0,13,2,15,0,15,0
2023-24,Andaman & Nicobar,South Andamans,Prothrapur,Beadnabad (Rv),0,20,0,0,16,4,0,20,0,0,20,0,20,0,0,0,20,1,19,20,0,17,3,16,4,20,0,20,0
2023-24,Andaman & Nicobar,South Andamans,Prothrapur,Bimilitan (Rv) & Kodiyaghat,0,24,7,0,24,7,0,31,0,0,31,0,31,0,0,0,31,1,30,31,0,22,9,25,6,31,0,31,0
2023-24,Andaman & Nicobar,South Andamans,Prothrapur,Bharatpur (Rv),0,4,8,0,5,7,0,11,1,0,12,0,12,0,0,0,12,0,12,12,0,9,3,9,3,12,0,12,0
2023-24,Andaman & Nicobar,South Andamans,Prothrapur,Calicut (Rv),0,23,3,0,19,7,0,25,1,0,26,0,26,0,0,0,26,0,26,26,0,24,2,23,3,26,0,26,0
2023-24,Andaman & Nicobar,South Andamans,Prothrapur,Prothrapur (Ct),0,1,0,0,1,0,0,1,0,0,1,0,1,0,0,0,1,0,1,1,0,0,1,1,0,1,0,1,0
2023-24,Andaman & Nicobar,South Andamans,Prothrapur,Brichgunj (Rv),0,1,0,0,1,0,0,1,0,0,1,0,1,0,0,0,1,0,1,1,0,0,1,0,1,1,0,1,0
